name	kind	depth	files	batch_size	split_by_statistics	run	ok	wall_s	cpu_s	user_s	sys_s	cores	rss_mb	minor_faults	elapsed_s	scan_groups	error	sort_spills	final_agg_spills	repartition_spills	repartition_out_mb	repartition_send_s
d2-b2048	batch	2	12	2048	true	1	1	0.42	0.8	0.78	0.02	1.905	269	2364	0.421	2		0	0	0	1209.8	0.4187
d1-b8192	batch	1	12	8192	true	1	1	0.48	0.76	0.73	0.03	1.583	303	2386	0.472	2		0	0	0	319.5	0.4908
d2-b8192	batch	2	12	8192	true	1	1	0.41	0.76	0.73	0.03	1.854	309	2454	0.405	2		0	0	0	386.6	0.3771
d1-b32768	batch	1	12	32768	true	1	1	0.39	0.76	0.73	0.03	1.949	423	2504	0.388	2		0	0	0	172.2	0.2803
d2-b32768	batch	2	12	32768	true	1	1	0.4	0.79	0.76	0.03	1.975	378	2507	0.397	2		0	0	0	177.2	0.3701
d1-b131072	batch	1	12	131072	true	1	1	0.72	1.5	1.39	0.11	2.083	597	2635	0.711	2		0	8	0	120.4	0.2049
d2-b131072	batch	2	12	131072	true	1	0	0.69	1.42	1.33	0.09	2.058	576	2696			Resources exhausted: Additional allocation failed for SortPreservingMergeExec[0] with top memory consumers (across reservations) as:					
d1-120-files	layout	1	120	8192	true	1	1	0.35	0.81	0.77	0.04	2.314	293	7467	0.339	2		0	0	0	470.1	0.2619
d2-120-files	layout	2	120	8192	true	1	1	0.33	0.87	0.81	0.06	2.636	436	7295	0.321	3		0	0	0	468.8	0.5328
d1-split-by-name	layout	1	12	8192	false	1	1	0.49	0.73	0.71	0.02	1.49	283	2402	0.490	2		0	0	0	327.8	0.3709
d1-b2048	batch	1	12	2048	true	1	1	0.53	0.76	0.74	0.02	1.434	262	2363	0.526	2		0	0	0	907.5	0.6091
d1-b8192	batch	1	12	8192	true	2	1	0.48	0.75	0.73	0.02	1.562	317	2441	0.481	2		0	0	0	319.5	0.5107
d2-b8192	batch	2	12	8192	true	2	1	0.41	0.77	0.74	0.03	1.878	298	2420	0.402	2		0	0	0	386.6	0.3535
d1-b32768	batch	1	12	32768	true	2	1	0.4	0.76	0.73	0.03	1.9	376	2504	0.392	2		0	0	0	172.2	0.2908
d2-b32768	batch	2	12	32768	true	2	1	0.4	0.75	0.73	0.02	1.875	412	2449	0.396	2		0	0	0	177.2	0.3822
d1-b131072	batch	1	12	131072	true	2	0	0.65	1.39	1.29	0.1	2.138	572	2628			Resources exhausted: Additional allocation failed for SortPreservingMergeExec[0] with top memory consumers (across reservations) as:					
d2-b131072	batch	2	12	131072	true	2	1	0.73	1.47	1.37	0.1	2.014	577	2530	0.719	2		0	8	0	121.5	0.1134
d1-120-files	layout	1	120	8192	true	2	1	0.35	0.81	0.75	0.06	2.314	304	7410	0.340	2		0	0	0	470.1	0.2642
d2-120-files	layout	2	120	8192	true	2	1	0.32	0.82	0.79	0.03	2.562	405	7407	0.313	3		0	0	0	468.8	0.5226
d1-split-by-name	layout	1	12	8192	false	2	1	0.5	0.73	0.7	0.03	1.46	308	2423	0.494	2		0	0	0	327.8	0.3681
d1-b2048	batch	1	12	2048	true	2	1	0.53	0.77	0.74	0.03	1.453	246	2301	0.530	2		0	0	0	907.5	0.6174
d2-b2048	batch	2	12	2048	true	2	1	0.42	0.79	0.76	0.03	1.881	289	2455	0.412	2		0	0	0	1209.8	0.4069
d2-b8192	batch	2	12	8192	true	3	1	0.4	0.78	0.76	0.02	1.95	317	2438	0.393	2		0	0	0	386.6	0.3537
d1-b32768	batch	1	12	32768	true	3	1	0.38	0.77	0.74	0.03	2.026	375	2438	0.380	2		0	0	0	172.2	0.2513
d2-b32768	batch	2	12	32768	true	3	1	0.39	0.77	0.74	0.03	1.974	383	2425	0.389	2		0	0	0	177.2	0.3576
d1-b131072	batch	1	12	131072	true	3	1	0.72	1.53	1.42	0.11	2.125	587	2597	0.718	2		0	8	0	120.4	0.2032
d2-b131072	batch	2	12	131072	true	3	1	0.73	1.48	1.39	0.09	2.027	580	2453	0.721	2		0	8	0	121.5	0.1172
d1-120-files	layout	1	120	8192	true	3	1	0.36	0.81	0.75	0.06	2.25	287	7400	0.350	2		0	0	0	470.1	0.2803
d2-120-files	layout	2	120	8192	true	3	1	0.33	0.89	0.83	0.06	2.697	402	7417	0.318	3		0	0	0	468.8	0.5259
d1-split-by-name	layout	1	12	8192	false	3	1	0.52	0.74	0.72	0.02	1.423	299	2431	0.521	2		0	0	0	327.8	0.3992
d1-b2048	batch	1	12	2048	true	3	1	0.53	0.76	0.73	0.03	1.434	268	2437	0.522	2		0	0	0	907.5	0.6111
d2-b2048	batch	2	12	2048	true	3	1	0.41	0.78	0.76	0.02	1.902	283	2338	0.408	2		0	0	0	1209.8	0.4094
d1-b8192	batch	1	12	8192	true	3	1	0.51	0.77	0.75	0.02	1.51	303	2458	0.501	2		0	0	0	319.5	0.5156
d1-b32768	batch	1	12	32768	true	4	1	0.4	0.77	0.73	0.04	1.925	377	2494	0.395	2		0	0	0	172.2	0.2967
d2-b32768	batch	2	12	32768	true	4	1	0.39	0.77	0.74	0.03	1.974	406	2536	0.385	2		0	0	0	177.2	0.3559
d1-b131072	batch	1	12	131072	true	4	1	0.69	1.45	1.35	0.1	2.101	587	2621	0.684	2		0	8	0	120.4	0.1985
d2-b131072	batch	2	12	131072	true	4	1	0.73	1.49	1.39	0.1	2.041	617	2479	0.722	2		0	8	0	122.8	0.1159
d1-120-files	layout	1	120	8192	true	4	1	0.35	0.84	0.78	0.06	2.4	295	7491	0.343	2		0	0	0	470.1	0.2657
d2-120-files	layout	2	120	8192	true	4	1	0.34	0.87	0.82	0.05	2.559	384	6736	0.331	3		0	0	0	468.8	0.5483
d1-split-by-name	layout	1	12	8192	false	4	1	0.52	0.73	0.71	0.02	1.404	286	2422	0.517	2		0	0	0	327.8	0.3985
d1-b2048	batch	1	12	2048	true	4	1	0.53	0.77	0.74	0.03	1.453	263	2428	0.525	2		0	0	0	907.5	0.6116
d2-b2048	batch	2	12	2048	true	4	1	0.4	0.77	0.75	0.02	1.925	283	2445	0.401	2		0	0	0	1209.8	0.4019
d1-b8192	batch	1	12	8192	true	4	1	0.49	0.77	0.73	0.04	1.571	329	2432	0.483	2		0	0	0	319.5	0.5015
d2-b8192	batch	2	12	8192	true	4	1	0.41	0.76	0.74	0.02	1.854	296	2353	0.409	2		0	0	0	386.6	0.3869
d2-b32768	batch	2	12	32768	true	5	1	0.4	0.78	0.77	0.01	1.95	373	2487	0.394	2		0	0	0	177.2	0.3601
d1-b131072	batch	1	12	131072	true	5	1	0.7	1.48	1.38	0.1	2.114	588	2757	0.693	2		0	8	0	120.4	0.17
d2-b131072	batch	2	12	131072	true	5	0	0.7	1.45	1.35	0.1	2.071	570	2502			Resources exhausted: Additional allocation failed for SortPreservingMergeExec[0] with top memory consumers (across reservations) as:					
d1-120-files	layout	1	120	8192	true	5	1	0.35	0.8	0.77	0.03	2.286	284	7451	0.340	2		0	0	0	470.1	0.2673
d2-120-files	layout	2	120	8192	true	5	1	0.32	0.84	0.77	0.07	2.625	398	7565	0.310	3		0	0	0	468.8	0.5101
d1-split-by-name	layout	1	12	8192	false	5	1	0.51	0.72	0.7	0.02	1.412	297	2416	0.505	2		0	0	0	327.8	0.3859
d1-b2048	batch	1	12	2048	true	5	1	0.53	0.76	0.74	0.02	1.434	264	2362	0.524	2		0	0	0	907.5	0.6075
d2-b2048	batch	2	12	2048	true	5	1	0.42	0.79	0.78	0.01	1.881	322	2445	0.418	2		0	0	0	1209.8	0.418
d1-b8192	batch	1	12	8192	true	5	1	0.48	0.74	0.7	0.04	1.542	317	2464	0.474	2		0	0	0	319.5	0.4953
d2-b8192	batch	2	12	8192	true	5	1	0.39	0.79	0.77	0.02	2.026	345	2477	0.390	2		0	0	0	386.6	0.3497
d1-b32768	batch	1	12	32768	true	5	1	0.41	0.79	0.76	0.03	1.927	367	2497	0.404	2		0	0	0	172.2	0.2979
d1-b131072	batch	1	12	131072	true	6	1	0.7	1.47	1.36	0.11	2.1	581	2763	0.698	2		0	8	0	120.4	0.1957
d2-b131072	batch	2	12	131072	true	6	1	0.74	1.5	1.4	0.1	2.027	572	2503	0.733	2		0	8	0	121.5	0.1174
d1-120-files	layout	1	120	8192	true	6	1	0.36	0.82	0.79	0.03	2.278	290	7444	0.350	2		0	0	0	470.1	0.2718
d2-120-files	layout	2	120	8192	true	6	1	0.33	0.84	0.78	0.06	2.545	417	7293	0.316	3		0	0	0	468.8	0.5287
d1-split-by-name	layout	1	12	8192	false	6	1	0.5	0.74	0.71	0.03	1.48	293	2375	0.497	2		0	0	0	327.8	0.3707
d1-b2048	batch	1	12	2048	true	6	1	0.53	0.77	0.74	0.03	1.453	250	2416	0.526	2		0	0	0	907.5	0.6131
d2-b2048	batch	2	12	2048	true	6	1	0.42	0.77	0.75	0.02	1.833	282	2432	0.411	2		0	0	0	1209.8	0.4094
d1-b8192	batch	1	12	8192	true	6	1	0.48	0.75	0.71	0.04	1.562	299	2438	0.481	2		0	0	0	319.5	0.4997
d2-b8192	batch	2	12	8192	true	6	1	0.41	0.77	0.75	0.02	1.878	279	2430	0.409	2		0	0	0	386.6	0.3745
d1-b32768	batch	1	12	32768	true	6	1	0.39	0.79	0.75	0.04	2.026	385	2507	0.384	2		0	0	0	172.2	0.3008
d2-b32768	batch	2	12	32768	true	6	1	0.4	0.75	0.73	0.02	1.875	405	2437	0.395	2		0	0	0	177.2	0.3793
d2-b131072	batch	2	12	131072	true	7	1	0.72	1.48	1.38	0.1	2.056	601	2545	0.717	2		0	8	0	121.5	0.1119
d1-120-files	layout	1	120	8192	true	7	1	0.36	0.84	0.82	0.02	2.333	319	7482	0.349	2		0	0	0	470.1	0.2748
d2-120-files	layout	2	120	8192	true	7	1	0.32	0.85	0.78	0.07	2.656	455	7435	0.311	3		0	0	0	468.8	0.5254
d1-split-by-name	layout	1	12	8192	false	7	1	0.51	0.73	0.72	0.01	1.431	297	2420	0.508	2		0	0	0	327.8	0.3894
d1-b2048	batch	1	12	2048	true	7	1	0.52	0.75	0.74	0.01	1.442	245	2424	0.520	2		0	0	0	907.5	0.6056
d2-b2048	batch	2	12	2048	true	7	1	0.41	0.77	0.75	0.02	1.878	283	2474	0.405	2		0	0	0	1209.8	0.4022
d1-b8192	batch	1	12	8192	true	7	1	0.49	0.74	0.73	0.01	1.51	300	2352	0.483	2		0	0	0	319.5	0.5068
d2-b8192	batch	2	12	8192	true	7	1	0.41	0.77	0.74	0.03	1.878	329	2316	0.404	2		0	0	0	386.6	0.3741
d1-b32768	batch	1	12	32768	true	7	1	0.4	0.76	0.73	0.03	1.9	392	2484	0.391	2		0	0	0	172.2	0.2862
d2-b32768	batch	2	12	32768	true	7	1	0.4	0.76	0.73	0.03	1.9	405	2406	0.397	2		0	0	0	177.2	0.3836
d1-b131072	batch	1	12	131072	true	7	1	0.7	1.48	1.37	0.11	2.114	611	2635	0.699	2		0	8	0	120.4	0.201
d1-120-files	layout	1	120	8192	true	8	1	0.36	0.8	0.76	0.04	2.222	310	7312	0.350	2		0	0	0	470.1	0.2724
d2-120-files	layout	2	120	8192	true	8	1	0.32	0.83	0.74	0.09	2.594	459	7461	0.308	3		0	0	0	468.8	0.5106
d1-split-by-name	layout	1	12	8192	false	8	1	0.51	0.73	0.71	0.02	1.431	281	2380	0.508	2		0	0	0	327.8	0.3885
d1-b2048	batch	1	12	2048	true	8	1	0.52	0.75	0.73	0.02	1.442	264	2338	0.521	2		0	0	0	907.5	0.606
d2-b2048	batch	2	12	2048	true	8	1	0.42	0.8	0.77	0.03	1.905	289	2425	0.412	2		0	0	0	1209.8	0.4038
d1-b8192	batch	1	12	8192	true	8	1	0.49	0.73	0.71	0.02	1.49	305	2446	0.487	2		0	0	0	319.5	0.5338
d2-b8192	batch	2	12	8192	true	8	1	0.4	0.76	0.73	0.03	1.9	297	2475	0.396	2		0	0	0	386.6	0.3581
d1-b32768	batch	1	12	32768	true	8	1	0.39	0.75	0.72	0.03	1.923	381	2489	0.385	2		0	0	0	172.2	0.3065
d2-b32768	batch	2	12	32768	true	8	1	0.38	0.76	0.73	0.03	2.0	403	2481	0.378	2		0	0	0	177.2	0.3443
d1-b131072	batch	1	12	131072	true	8	0	0.66	1.38	1.28	0.1	2.091	574	2593			Resources exhausted: Additional allocation failed for SortPreservingMergeExec[0] with top memory consumers (across reservations) as:					
d2-b131072	batch	2	12	131072	true	8	1	0.72	1.49	1.39	0.1	2.069	598	2587	0.718	2		0	8	0	121.5	0.1144
d2-120-files	layout	2	120	8192	true	9	1	0.33	0.85	0.78	0.07	2.576	444	7399	0.319	3		0	0	0	468.8	0.5298
d1-split-by-name	layout	1	12	8192	false	9	1	0.5	0.73	0.71	0.02	1.46	284	2391	0.501	2		0	0	0	327.8	0.375
d1-b2048	batch	1	12	2048	true	9	1	0.52	0.75	0.74	0.01	1.442	273	2359	0.519	2		0	0	0	907.5	0.6052
d2-b2048	batch	2	12	2048	true	9	1	0.41	0.77	0.73	0.04	1.878	292	2567	0.410	2		0	0	0	1209.8	0.4123
d1-b8192	batch	1	12	8192	true	9	1	0.5	0.76	0.74	0.02	1.52	304	2440	0.496	2		0	0	0	319.5	0.5172
d2-b8192	batch	2	12	8192	true	9	1	0.39	0.77	0.74	0.03	1.974	339	2443	0.390	2		0	0	0	386.6	0.3583
d1-b32768	batch	1	12	32768	true	9	1	0.39	0.75	0.71	0.04	1.923	417	2510	0.386	2		0	0	0	172.2	0.2852
d2-b32768	batch	2	12	32768	true	9	1	0.4	0.77	0.74	0.03	1.925	377	2435	0.398	2		0	0	0	177.2	0.3531
d1-b131072	batch	1	12	131072	true	9	0	0.65	1.37	1.28	0.09	2.108	575	2600			Resources exhausted: Additional allocation failed for SortPreservingMergeExec[0] with top memory consumers (across reservations) as:					
d2-b131072	batch	2	12	131072	true	9	0	0.68	1.42	1.32	0.1	2.088	567	2549			Resources exhausted: Additional allocation failed for SortPreservingMergeExec[0] with top memory consumers (across reservations) as:					
d1-120-files	layout	1	120	8192	true	9	1	0.36	0.83	0.77	0.06	2.306	315	7414	0.355	2		0	0	0	470.1	0.2734
d1-split-by-name	layout	1	12	8192	false	10	1	0.52	0.73	0.7	0.03	1.404	310	2414	0.520	2		0	0	0	327.8	0.3956
d1-b2048	batch	1	12	2048	true	10	1	0.54	0.77	0.74	0.03	1.426	263	2331	0.540	2		0	0	0	907.5	0.6305
d2-b2048	batch	2	12	2048	true	10	1	0.42	0.78	0.76	0.02	1.857	279	2370	0.414	2		0	0	0	1209.8	0.4154
d1-b8192	batch	1	12	8192	true	10	1	0.48	0.74	0.72	0.02	1.542	316	2453	0.475	2		0	0	0	319.5	0.4863
d2-b8192	batch	2	12	8192	true	10	1	0.4	0.76	0.74	0.02	1.9	303	2457	0.401	2		0	0	0	386.6	0.3524
d1-b32768	batch	1	12	32768	true	10	1	0.4	0.78	0.75	0.03	1.95	398	2462	0.398	2		0	0	0	172.2	0.2863
d2-b32768	batch	2	12	32768	true	10	1	0.39	0.78	0.74	0.04	2.0	390	2540	0.388	2		0	0	0	177.2	0.3586
d1-b131072	batch	1	12	131072	true	10	1	0.71	1.49	1.38	0.11	2.099	617	2615	0.705	2		0	8	0	120.4	0.2032
d2-b131072	batch	2	12	131072	true	10	0	0.68	1.42	1.33	0.09	2.088	556	2449			Resources exhausted: Additional allocation failed for SortPreservingMergeExec[0] with top memory consumers (across reservations) as:					
d1-120-files	layout	1	120	8192	true	10	1	0.36	0.81	0.77	0.04	2.25	288	7466	0.348	2		0	0	0	470.1	0.2702
d2-120-files	layout	2	120	8192	true	10	1	0.33	0.89	0.8	0.09	2.697	440	7301	0.321	3		0	0	0	468.8	0.5187
