shape	pool	variant	strings	run	result	elapsed_seconds	max_rss_mb	sort_spills	final_agg_spills	final_agg_spill_mb	repartition_spills	partial_agg_out_mb	repartition_out_mb	error
S0	128m	original	utf8	1	ok	0.700	450	6	20	78.1	0	332.5	57.8	
S0	128m	accept-groups	views	1	ok	0.332	274	0	0	0.0	0	135.9	64.3	
S0	128m	accept-groups	utf8	1	ok	0.380	278	0	0	0.0	0	87.1	44.8	
S0	512m	original	views	1	ok	0.586	471	0	6	65.0	0	423.5	86.9	
S0	512m	original	utf8	1	ok	0.656	425	0	6	45.5	0	329.5	57.9	
S0	512m	accept-groups	views	1	ok	0.331	292	0	0	0.0	0	135.9	64.3	
S0	512m	accept-groups	utf8	1	ok	0.384	288	0	0	0.0	0	87.1	44.8	
S2	128m	original	views	1	ok	0.717	537	33	26	213.5	2	518.2	325.1	
S2	128m	original	utf8	1	ok	0.672	471	8	22	116.0	0	415.0	76.0	
S2	128m	accept-groups	views	1	ok	0.650	429	0	14	92.4	8	359.7	592.0	
S2	128m	accept-groups	utf8	1	ok	0.383	313	0	0	0.0	0	125.5	61.4	
S2	512m	original	views	1	ok	0.634	558	6	6	92.5	0	585.6	244.3	
S2	512m	original	utf8	1	ok	0.634	560	0	6	62.1	0	419.8	81.7	
S2	512m	accept-groups	views	1	ok	0.400	438	0	0	0.0	0	453.3	1270.5	
S2	512m	accept-groups	utf8	1	ok	0.430	309	0	0	0.0	0	125.5	61.4	
S0	128m	original	views	1	ok	0.660	437	8	22	123.0	0	520.7	91.3	
S0	128m	accept-groups	views	2	ok	0.342	264	0	0	0.0	0	135.9	64.3	
S0	128m	accept-groups	utf8	2	ok	0.384	278	0	0	0.0	0	87.1	44.8	
S0	512m	original	views	2	ok	0.628	490	0	6	65.0	0	423.5	85.2	
S0	512m	original	utf8	2	ok	0.686	473	0	6	45.5	0	329.5	59.3	
S0	512m	accept-groups	views	2	ok	0.368	310	0	0	0.0	0	135.9	64.3	
S0	512m	accept-groups	utf8	2	ok	0.368	267	0	0	0.0	0	87.1	44.8	
S2	128m	original	views	2	ok	0.770	514	34	29	247.8	1	564.6	326.5	
S2	128m	original	utf8	2	ok	0.704	547	8	22	120.3	0	426.6	78.1	
S2	128m	accept-groups	views	2	ok	0.682	401	0	14	92.4	8	369.7	616.4	
S2	128m	accept-groups	utf8	2	ok	0.404	339	0	0	0.0	0	125.5	61.4	
S2	512m	original	views	2	ok	0.709	548	6	6	92.5	0	585.6	234.4	
S2	512m	original	utf8	2	ok	0.686	598	0	6	62.1	0	419.8	80.9	
S2	512m	accept-groups	views	2	ok	0.398	451	0	0	0.0	0	453.3	1270.5	
S2	512m	accept-groups	utf8	2	ok	0.388	310	0	0	0.0	0	125.5	61.4	
S0	128m	original	views	2	ok	0.624	412	8	22	121.8	0	520.7	87.8	
S0	128m	original	utf8	2	ok	0.667	490	6	19	78.0	0	332.5	57.1	
S0	128m	accept-groups	utf8	3	ok	0.383	267	0	0	0.0	0	87.1	44.8	
S0	512m	original	views	3	ok	0.584	531	0	6	65.0	0	423.5	86.9	
S0	512m	original	utf8	3	ok	0.637	471	0	6	45.5	0	329.5	57.1	
S0	512m	accept-groups	views	3	ok	0.378	275	0	0	0.0	0	135.9	64.3	
S0	512m	accept-groups	utf8	3	ok	0.364	310	0	0	0.0	0	87.1	44.8	
S2	128m	original	views	3	ok	0.759	517	33	28	224.8	0	564.6	333.9	
S2	128m	original	utf8	3	ok	0.683	474	8	22	116.3	0	415.0	78.4	
S2	128m	accept-groups	views	3	ok	0.593	420	0	20	96.3	8	369.9	685.8	
S2	128m	accept-groups	utf8	3	ok	0.423	311	0	0	0.0	0	125.5	61.4	
S2	512m	original	views	3	ok	0.712	517	6	6	92.5	0	585.6	236.9	
S2	512m	original	utf8	3	ok	0.643	518	0	6	62.1	0	419.8	80.6	
S2	512m	accept-groups	views	3	ok	0.406	428	0	0	0.0	0	453.3	1270.5	
S2	512m	accept-groups	utf8	3	ok	0.411	307	0	0	0.0	0	125.5	61.4	
S0	128m	original	views	3	ok	0.633	425	8	21	123.5	0	520.7	88.7	
S0	128m	original	utf8	3	ok	0.694	454	6	20	75.5	0	332.5	57.0	
S0	128m	accept-groups	views	3	ok	0.327	307	0	0	0.0	0	135.9	64.3	
S0	512m	original	views	4	ok	0.619	498	0	6	65.0	0	423.5	89.6	
S0	512m	original	utf8	4	ok	0.661	409	0	6	45.5	0	329.5	55.9	
S0	512m	accept-groups	views	4	ok	0.335	300	0	0	0.0	0	135.9	64.3	
S0	512m	accept-groups	utf8	4	ok	0.394	265	0	0	0.0	0	87.1	44.8	
S2	128m	original	views	4	ok	0.794	517	33	27	239.3	0	564.6	330.3	
S2	128m	original	utf8	4	ok	0.713	476	8	22	118.9	0	415.0	79.7	
S2	128m	accept-groups	views	4	ok	0.657	418	0	14	92.4	8	364.0	589.6	
S2	128m	accept-groups	utf8	4	ok	0.423	311	0	0	0.0	0	125.5	61.4	
S2	512m	original	views	4	ok	0.700	560	6	6	92.5	0	585.6	235.3	
S2	512m	original	utf8	4	ok	0.580	508	0	6	62.1	0	419.8	80.5	
S2	512m	accept-groups	views	4	ok	0.408	467	0	0	0.0	0	453.3	1270.5	
S2	512m	accept-groups	utf8	4	ok	0.438	311	0	0	0.0	0	125.5	61.4	
S0	128m	original	views	4	ok	0.650	431	8	21	125.8	0	520.7	85.2	
S0	128m	original	utf8	4	ok	0.725	460	6	20	78.2	0	332.5	58.6	
S0	128m	accept-groups	views	4	ok	0.354	290	0	0	0.0	0	135.9	64.3	
S0	128m	accept-groups	utf8	4	ok	0.371	278	0	0	0.0	0	87.1	44.8	
S0	512m	original	utf8	5	ok	0.705	432	0	6	45.5	0	329.5	57.8	
S0	512m	accept-groups	views	5	ok	0.381	283	0	0	0.0	0	135.9	64.3	
S0	512m	accept-groups	utf8	5	ok	0.403	297	0	0	0.0	0	87.1	44.8	
S2	128m	original	views	5	ok	0.796	508	32	26	213.4	0	518.2	327.9	
S2	128m	original	utf8	5	ok	0.704	485	8	22	119.4	0	415.0	76.4	
S2	128m	accept-groups	views	5	ok	0.631	429	0	14	92.4	8	364.0	591.2	
S2	128m	accept-groups	utf8	5	ok	0.397	316	0	0	0.0	0	125.5	61.4	
S2	512m	original	views	5	ok	0.676	601	6	6	92.5	0	585.6	216.8	
S2	512m	original	utf8	5	ok	0.593	554	0	6	62.1	0	419.8	81.1	
S2	512m	accept-groups	views	5	ok	0.386	461	0	0	0.0	0	453.3	1270.5	
S2	512m	accept-groups	utf8	5	ok	0.392	311	0	0	0.0	0	125.5	61.4	
S0	128m	original	views	5	ok	0.613	420	8	22	123.5	0	520.7	86.0	
S0	128m	original	utf8	5	ok	0.635	453	6	20	78.2	0	332.5	59.1	
S0	128m	accept-groups	views	5	ok	0.342	285	0	0	0.0	0	135.9	64.3	
S0	128m	accept-groups	utf8	5	ok	0.348	276	0	0	0.0	0	87.1	44.8	
S0	512m	original	views	5	ok	0.585	509	0	6	65.0	0	423.5	88.7	
