case	dataset	binary	target_partitions	pool	pool_type	traced	run	trace_file	ok	wall_s	cpu_s	user_s	sys_s	cores	rss_mb	minor_faults	elapsed_s	scan_groups	sort_exec	final_mode	error	sort_spills	final_agg_spills	repartition_spills	repartition_out_mb	partial_agg_spills	sort_spill_mb	final_agg_spill_mb	partial_agg_spill_mb	repartition_spill_mb	repartition_send_s
base	df-16919-partial-12-depth-4	original	2	256m	fair	1	1	base-original-2-256m-fair-traced-1.trace.tsv	1	0.6	1.45	1.33	0.12	2.417	515	2582	0.598	2	1	Linear		7	10	0	208.0	0	72.7	73.0	0.0	0.0	0.2409
base	df-16919-partial-12-depth-4	original	2	512m	fair	0	1		1	0.63	1.44	1.32	0.12	2.286	503	2661	0.623	2	1	Linear		4	6	0	126.7	0	72.7	73.0	0.0	0.0	0.1837
base	df-16919-partial-12-depth-4	original	2	512m	fair	1	1	base-original-2-512m-fair-traced-1.trace.tsv	1	0.66	1.4	1.3	0.1	2.121	487	2294	0.659	2	1	Linear		4	6	0	132.2	0	72.7	73.0	0.0	0.0	0.1581
base	df-16919-partial-12-depth-4	original	2	2g	fair	0	1		1	0.38	0.9	0.82	0.08	2.368	635	2678	0.373	2	1	Linear		12	0	0	131.3	0	72.7	0.0	0.0	0.0	0.1165
base	df-16919-partial-12-depth-4	original	2	2g	fair	1	1	base-original-2-2g-fair-traced-1.trace.tsv	1	0.37	0.85	0.77	0.08	2.297	604	2765	0.363	2	1	Linear		12	0	0	128.5	0	72.7	0.0	0.0	0.0	0.0861
base	df-16919-partial-12-depth-4	accept-groups	2	256m	fair	0	1		1	0.36	0.81	0.76	0.05	2.25	339	2459	0.360	4	0	PartiallySorted([0, 1])		0	0	0	470.9	0	0.0	0.0	0.0	0.0	0.8301
base	df-16919-partial-12-depth-4	accept-groups	2	256m	fair	1	1	base-accept-groups-2-256m-fair-traced-1.trace.tsv	1	0.37	0.81	0.79	0.02	2.189	317	2424	0.365	4	0	PartiallySorted([0, 1])		0	0	0	470.9	0	0.0	0.0	0.0	0.0	0.8333
workaround	df-16919-partial-120-depth-120-rank	original	120	256m	fair	0	1		0	0.66	5.01	2.12	2.89	7.591	4415	6773					Resources exhausted: Additional allocation failed for OrderedFinalAggregateStream[100] with top memory consumers (across reservations) as:										
workaround	df-16919-partial-120-depth-120-rank	original	120	256m	fair	1	1	workaround-original-120-256m-fair-traced-1.trace.tsv	0	0.67	5.15	2.23	2.92	7.687	4476	7688					Resources exhausted: Additional allocation failed for OrderedFinalAggregateStream[108] with top memory consumers (across reservations) as:										
workaround	df-16919-partial-120-depth-120-rank	original	120	256m	greedy	0	1		0	0.15	0.56	0.22	0.34	3.733	462	3473					Resources exhausted: Additional allocation failed for RepartitionExec[Merge 9] with top memory consumers (across reservations) as:										
workaround	df-16919-partial-120-depth-120-rank	original	120	256m	greedy	1	1	workaround-original-120-256m-greedy-traced-1.trace.tsv	0	0.15	0.64	0.28	0.36	4.267	485	3516					Resources exhausted: Additional allocation failed for RepartitionExec[Merge 7] with top memory consumers (across reservations) as:										
workaround	df-16919-partial-120-depth-120-rank	original	120	2g	fair	0	1		0	0.54	4.31	1.94	2.37	7.981	3494	6415					Resources exhausted: Additional allocation failed for OrderedFinalAggregateStream[57] with top memory consumers (across reservations) as:										
workaround	df-16919-partial-120-depth-120-rank	original	120	2g	fair	1	1	workaround-original-120-2g-fair-traced-1.trace.tsv	0	0.55	4.42	1.98	2.44	8.036	3596	6791					Resources exhausted: Additional allocation failed for OrderedFinalAggregateStream[80] with top memory consumers (across reservations) as:										
workaround	df-16919-partial-120-depth-120-rank	original	120	2g	greedy	0	1		0	0.06	0.66	0.41	0.25	11.0	549	4985					Resources exhausted: Additional allocation failed for RepartitionExec[Merge 58] with top memory consumers (across reservations) as:										
workaround	df-16919-partial-120-depth-120-rank	original	120	2g	greedy	1	1	workaround-original-120-2g-greedy-traced-1.trace.tsv	0	0.06	0.49	0.28	0.21	8.167	542	4712					Resources exhausted: Additional allocation failed for RepartitionExec[Merge 79] with top memory consumers (across reservations) as:										
many-streams	df-16919-partial-1200-depth-1200-rank	original	2	128m	fair	0	1		1	0.73	1.79	1.55	0.24	2.452	545	30179	0.697	2	1	Linear		15	22	0	165.4	0	72.7	140.8	0.0	0.0	0.14
many-streams	df-16919-partial-1200-depth-1200-rank	original	2	128m	fair	1	1	many-streams-original-2-128m-fair-traced-1.trace.tsv	1	0.76	1.78	1.56	0.22	2.342	529	31554	0.722	2	1	Linear		15	22	0	160.8	0	72.7	140.6	0.0	0.0	0.112
many-streams	df-16919-partial-1200-depth-1200-rank	original	2	128m	greedy	0	1		0	0.52	1.25	1.11	0.14	2.404	523	39864					Resources exhausted: Additional allocation failed for FinalHashAggregateStream[0] with top memory consumers (across reservations) as:										
many-streams	df-16919-partial-1200-depth-1200-rank	original	2	128m	greedy	1	1	many-streams-original-2-128m-greedy-traced-1.trace.tsv	0	0.5	1.25	1.11	0.14	2.5	547	44729					Resources exhausted: Additional allocation failed for FinalHashAggregateStream[1] with top memory consumers (across reservations) as:										
many-streams	df-16919-partial-1200-depth-1200-rank	accept-groups	2	128m	fair	0	1		1	0.82	2.87	2.17	0.7	3.5	1635	5480	0.779	1196	0	PartiallySorted([0, 1])		0	26	2300	1470.8	0	0.0	94.0	0.0	77.1	8.08
many-streams	df-16919-partial-1200-depth-1200-rank	accept-groups	2	128m	fair	1	1	many-streams-accept-groups-2-128m-fair-traced-1.trace.tsv	1	0.91	2.68	1.92	0.76	2.945	1594	5052	0.861	1196	0	PartiallySorted([0, 1])		0	20	2230	1442.3	0	0.0	95.0	0.0	75.0	3.99
many-streams	df-16919-partial-1200-depth-1200-rank	accept-groups	2	128m	greedy	0	1		0	0.17	1.13	0.79	0.34	6.647	594	46108					Resources exhausted: Additional allocation failed for RepartitionExec[Merge 1] with top memory consumers (across reservations) as:										
many-streams	df-16919-partial-1200-depth-1200-rank	accept-groups	2	128m	greedy	1	1	many-streams-accept-groups-2-128m-greedy-traced-1.trace.tsv	0	0.16	1.23	0.88	0.35	7.688	641	30747					Resources exhausted: Additional allocation failed for RepartitionExec[Merge 0] with top memory consumers (across reservations) as:										
streams-150	df-16919-partial-150-depth-150-rank	accept-groups	2	128m	fair	0	1		1	0.64	2.24	1.82	0.42	3.5	780	3953	0.631	150	0	PartiallySorted([0, 1])		0	53	264	1336.6	0	0.0	154.0	0.0	65.9	1.64
streams-150	df-16919-partial-150-depth-150-rank	accept-groups	2	128m	fair	1	1	streams-150-accept-groups-2-128m-fair-traced-1.trace.tsv	1	0.64	2.24	1.82	0.42	3.5	839	3672	0.628	150	0	PartiallySorted([0, 1])		0	56	226	1183.6	0	0.0	138.8	0.0	54.4	1.31
streams-300	df-16919-partial-300-depth-300-rank	accept-groups	2	128m	fair	0	1		1	0.66	2.25	1.8	0.45	3.409	993	4073	0.643	300	0	PartiallySorted([0, 1])		0	30	490	1310.1	0	0.0	119.5	0.0	62.2	0.8875
streams-300	df-16919-partial-300-depth-300-rank	accept-groups	2	128m	fair	1	1	streams-300-accept-groups-2-128m-fair-traced-1.trace.tsv	1	0.65	2.18	1.77	0.41	3.354	958	3826	0.628	300	0	PartiallySorted([0, 1])		0	28	511	1334.1	0	0.0	96.9	0.0	63.7	0.8137
streams-600	df-16919-partial-600-depth-600-rank	accept-groups	2	128m	fair	0	1		1	0.82	2.39	1.72	0.67	2.915	1682	5392	0.787	599	0	PartiallySorted([0, 1])		0	20	1100	1376.1	0	0.0	95.0	0.0	68.0	3.05
streams-600	df-16919-partial-600-depth-600-rank	accept-groups	2	128m	fair	1	1	streams-600-accept-groups-2-128m-fair-traced-1.trace.tsv	1	0.78	2.13	1.6	0.53	2.731	1154	4307	0.751	599	0	PartiallySorted([0, 1])		0	20	1070	1370.1	0	0.0	95.0	0.0	67.5	1.71
rows-base-600000	df-16919-partial-12-depth-4	original	2	256m	fair	0	1		1	0.61	1.44	1.32	0.12	2.361	538	2463	0.609	2	1	Linear		8	10	0	202.7	0	72.7	73.0	0.0	0.0	0.2417
rows-base-600000	df-16919-partial-12-depth-4	original	2	256m	fair	1	1	rows-base-600000-original-2-256m-fair-traced-1.trace.tsv	1	0.65	1.46	1.34	0.12	2.246	547	2608	0.639	2	1	Linear		8	10	0	194.8	0	72.7	73.0	0.0	0.0	0.2715
rows-base-600000	df-16919-partial-12-depth-4	original	2	4g	fair	0	1		1	0.37	0.87	0.79	0.08	2.351	654	2663	0.362	2	1	Linear		6	0	0	130.9	0	72.7	0.0	0.0	0.0	0.1313
rows-base-600000	df-16919-partial-12-depth-4	original	2	4g	fair	1	1	rows-base-600000-original-2-4g-fair-traced-1.trace.tsv	1	0.37	0.85	0.77	0.08	2.297	622	2651	0.362	2	1	Linear		6	0	0	129.1	0	72.7	0.0	0.0	0.0	0.1139
rows-base-600000	df-16919-partial-12-depth-4	accept-groups	2	256m	fair	0	1		1	0.36	0.8	0.76	0.04	2.222	334	2456	0.355	4	0	PartiallySorted([0, 1])		0	0	0	470.9	0	0.0	0.0	0.0	0.0	0.8286
rows-base-600000	df-16919-partial-12-depth-4	accept-groups	2	256m	fair	1	1	rows-base-600000-accept-groups-2-256m-fair-traced-1.trace.tsv	1	0.38	0.82	0.79	0.03	2.158	332	2460	0.376	4	0	PartiallySorted([0, 1])		0	0	0	470.9	0	0.0	0.0	0.0	0.0	0.8947
rows-base-600000	df-16919-partial-12-depth-4	accept-groups	2	4g	fair	0	1		1	0.38	0.81	0.78	0.03	2.132	361	2390	0.376	4	0	PartiallySorted([0, 1])		0	0	0	470.9	0	0.0	0.0	0.0	0.0	0.8822
rows-base-600000	df-16919-partial-12-depth-4	accept-groups	2	4g	fair	1	1	rows-base-600000-accept-groups-2-4g-fair-traced-1.trace.tsv	1	0.35	0.79	0.77	0.02	2.257	349	2666	0.350	4	0	PartiallySorted([0, 1])		0	0	0	470.9	0	0.0	0.0	0.0	0.0	0.8112
rows-keys-per-prefix-6000000	df-16919-partial-12-depth-4-6m	original	2	256m	fair	0	1		1	6.84	16.17	14.52	1.65	2.364	761	80189	6.819	2	1	Linear		54	101	0	2048.0	0	726.8	1917.1	0.0	0.0	2.29
rows-keys-per-prefix-6000000	df-16919-partial-12-depth-4-6m	original	2	256m	fair	1	1	rows-keys-per-prefix-6000000-original-2-256m-fair-traced-1.trace.tsv	1	6.65	15.9	14.29	1.61	2.391	780	84733	6.627	2	1	Linear		54	102	0	2048.0	0	726.8	1706.6	0.0	0.0	2.39
rows-keys-per-prefix-6000000	df-16919-partial-12-depth-4-6m	original	2	32g	fair	0	1		1	3.33	8.65	7.91	0.74	2.598	3671	39527	3.301	2	1	Linear		47	0	0	909.3	0	726.8	0.0	0.0	0.0	1.06
rows-keys-per-prefix-6000000	df-16919-partial-12-depth-4-6m	original	2	32g	fair	1	1	rows-keys-per-prefix-6000000-original-2-32g-fair-traced-1.trace.tsv	1	3.32	8.74	8.0	0.74	2.633	3789	36865	3.294	2	1	Linear		47	0	0	889.0	0	726.8	0.0	0.0	0.0	1.09
rows-keys-per-prefix-6000000	df-16919-partial-12-depth-4-6m	accept-groups	2	256m	fair	0	1		1	3.67	7.59	7.49	0.1	2.068	471	29955	3.657	4	0	PartiallySorted([0, 1])		0	0	2	4710.4	0	0.0	0.0	0.0	1.0	8.76
rows-keys-per-prefix-6000000	df-16919-partial-12-depth-4-6m	accept-groups	2	256m	fair	1	1	rows-keys-per-prefix-6000000-accept-groups-2-256m-fair-traced-1.trace.tsv	1	3.81	7.99	7.87	0.12	2.097	442	29959	3.797	4	0	PartiallySorted([0, 1])		0	0	0	4710.4	0	0.0	0.0	0.0	0.0	9.05
rows-keys-per-prefix-6000000	df-16919-partial-12-depth-4-6m	accept-groups	2	32g	fair	0	1		1	3.72	7.61	7.5	0.11	2.046	439	30371	3.704	4	0	PartiallySorted([0, 1])		0	0	0	4710.4	0	0.0	0.0	0.0	0.0	8.95
rows-keys-per-prefix-6000000	df-16919-partial-12-depth-4-6m	accept-groups	2	32g	fair	1	1	rows-keys-per-prefix-6000000-accept-groups-2-32g-fair-traced-1.trace.tsv	1	3.7	7.69	7.57	0.12	2.078	488	33785	3.690	4	0	PartiallySorted([0, 1])		0	0	0	4710.4	0	0.0	0.0	0.0	0.0	8.92
rows-keys-per-prefix-24000000	df-16919-partial-12-depth-4-24m	original	2	256m	fair	0	1		1	28.05	69.78	61.97	7.81	2.488	872	389234	28.018	2	1	Linear		229	407	0	8192.0	0	5632.0	8704.0	0.0	0.0	9.95
rows-keys-per-prefix-24000000	df-16919-partial-12-depth-4-24m	original	2	256m	fair	1	1	rows-keys-per-prefix-24000000-original-2-256m-fair-traced-1.trace.tsv	1	28.78	70.63	62.17	8.46	2.454	932	403608	28.755	2	1	Linear		231	406	1	8089.6	0	6246.4	9113.6	0.0	0.5	10.41
rows-keys-per-prefix-24000000	df-16919-partial-12-depth-4-24m	original	2	128g	fair	0	1		1	13.39	35.74	32.37	3.37	2.669	13465	306769	13.337	2	1	Linear		179	0	0	3481.6	0	2867.2	0.0	0.0	0.0	4.67
rows-keys-per-prefix-24000000	df-16919-partial-12-depth-4-24m	original	2	128g	fair	1	1	rows-keys-per-prefix-24000000-original-2-128g-fair-traced-1.trace.tsv	1	13.22	35.72	32.52	3.2	2.702	13471	284080	13.170	2	1	Linear		181	0	0	3481.6	0	2867.2	0.0	0.0	0.0	4.65
rows-keys-per-prefix-24000000	df-16919-partial-12-depth-4-24m	accept-groups	2	256m	fair	0	1		1	15.28	30.83	30.49	0.34	2.018	481	119898	15.266	4	0	PartiallySorted([0, 1])		0	0	0	18841.6	0	0.0	0.0	0.0	0.0	37.1
rows-keys-per-prefix-24000000	df-16919-partial-12-depth-4-24m	accept-groups	2	256m	fair	1	1	rows-keys-per-prefix-24000000-accept-groups-2-256m-fair-traced-1.trace.tsv	1	15.48	31.35	30.99	0.36	2.025	496	135438	15.460	4	0	PartiallySorted([0, 1])		0	0	0	18841.6	0	0.0	0.0	0.0	0.0	37.47
rows-keys-per-prefix-24000000	df-16919-partial-12-depth-4-24m	accept-groups	2	128g	fair	0	1		1	15.47	31.43	31.07	0.36	2.032	488	140126	15.455	4	0	PartiallySorted([0, 1])		0	0	0	18841.6	0	0.0	0.0	0.0	0.0	37.34
rows-keys-per-prefix-24000000	df-16919-partial-12-depth-4-24m	accept-groups	2	128g	fair	1	1	rows-keys-per-prefix-24000000-accept-groups-2-128g-fair-traced-1.trace.tsv	1	15.55	31.44	31.09	0.35	2.022	490	142149	15.534	4	0	PartiallySorted([0, 1])		0	0	0	18841.6	0	0.0	0.0	0.0	0.0	37.65
rows-prefixes-6000000	df-16919-partial-12-depth-4-6m-prefixes	original	2	256m	fair	0	1		1	6.5	16.15	14.5	1.65	2.485	832	81039	6.484	2	1	Linear		60	102	0	2150.4	0	727.1	1853.3	0.0	0.0	2.59
rows-prefixes-6000000	df-16919-partial-12-depth-4-6m-prefixes	original	2	256m	fair	1	1	rows-prefixes-6000000-original-2-256m-fair-traced-1.trace.tsv	1	6.47	15.93	14.38	1.55	2.462	793	76897	6.454	2	1	Linear		60	103	0	2150.4	0	727.1	1638.0	0.0	0.0	2.6
rows-prefixes-6000000	df-16919-partial-12-depth-4-6m-prefixes	original	2	32g	fair	0	1		1	3.23	8.91	8.22	0.69	2.759	3666	33040	3.209	2	1	Linear		47	0	0	896.3	0	727.1	0.0	0.0	0.0	1.22
rows-prefixes-6000000	df-16919-partial-12-depth-4-6m-prefixes	original	2	32g	fair	1	1	rows-prefixes-6000000-original-2-32g-fair-traced-1.trace.tsv	1	3.25	8.76	8.02	0.74	2.695	3614	38201	3.227	2	1	Linear		47	0	0	900.8	0	727.1	0.0	0.0	0.0	1.2
rows-prefixes-6000000	df-16919-partial-12-depth-4-6m-prefixes	accept-groups	2	256m	fair	0	1		1	3.55	7.91	7.8	0.11	2.228	439	25964	3.541	4	0	PartiallySorted([0, 1])		0	0	1	4710.4	0	0.0	0.0	0.0	0.0	8.2
rows-prefixes-6000000	df-16919-partial-12-depth-4-6m-prefixes	accept-groups	2	256m	fair	1	1	rows-prefixes-6000000-accept-groups-2-256m-fair-traced-1.trace.tsv	1	3.52	7.82	7.72	0.1	2.222	465	30128	3.511	4	0	PartiallySorted([0, 1])		0	0	2	4710.4	0	0.0	0.0	0.0	0.0	8.22
rows-prefixes-6000000	df-16919-partial-12-depth-4-6m-prefixes	accept-groups	2	32g	fair	0	1		1	3.5	7.69	7.59	0.1	2.197	477	29575	3.485	4	0	PartiallySorted([0, 1])		0	0	0	4710.4	0	0.0	0.0	0.0	0.0	8.18
rows-prefixes-6000000	df-16919-partial-12-depth-4-6m-prefixes	accept-groups	2	32g	fair	1	1	rows-prefixes-6000000-accept-groups-2-32g-fair-traced-1.trace.tsv	1	3.45	7.67	7.56	0.11	2.223	456	26866	3.445	4	0	PartiallySorted([0, 1])		0	0	0	4710.4	0	0.0	0.0	0.0	0.0	8.01
rows-prefixes-24000000	df-16919-partial-12-depth-4-24m-prefixes	original	2	256m	fair	0	1		1	26.9	68.65	60.87	7.78	2.552	887	343498	26.869	2	1	Linear		246	409	0	8499.2	0	5222.4	8499.2	0.0	0.0	9.36
rows-prefixes-24000000	df-16919-partial-12-depth-4-24m-prefixes	original	2	256m	fair	1	1	rows-prefixes-24000000-original-2-256m-fair-traced-1.trace.tsv	1	26.87	69.16	61.37	7.79	2.574	866	352044	26.843	2	1	Linear		245	407	1	8499.2	0	5222.4	8704.0	0.0	0.5	9.92
rows-prefixes-24000000	df-16919-partial-12-depth-4-24m-prefixes	original	2	128g	fair	0	1		1	13.26	36.73	33.42	3.31	2.77	12992	336512	13.209	2	1	Linear		197	0	0	3481.6	0	2867.2	0.0	0.0	0.0	4.53
rows-prefixes-24000000	df-16919-partial-12-depth-4-24m-prefixes	original	2	128g	fair	1	1	rows-prefixes-24000000-original-2-128g-fair-traced-1.trace.tsv	1	12.8	36.43	33.11	3.32	2.846	12777	319261	12.759	2	1	Linear		193	0	0	3481.6	0	2867.2	0.0	0.0	0.0	4.53
rows-prefixes-24000000	df-16919-partial-12-depth-4-24m-prefixes	accept-groups	2	256m	fair	0	1		1	13.8	30.94	30.57	0.37	2.242	486	148262	13.787	4	0	PartiallySorted([0, 1])		0	0	0	18944.0	0	0.0	0.0	0.0	0.0	32.61
rows-prefixes-24000000	df-16919-partial-12-depth-4-24m-prefixes	accept-groups	2	256m	fair	1	1	rows-prefixes-24000000-accept-groups-2-256m-fair-traced-1.trace.tsv	1	14.07	31.85	31.44	0.41	2.264	492	169765	14.057	4	0	PartiallySorted([0, 1])		0	0	0	18944.0	0	0.0	0.0	0.0	0.0	33.32
rows-prefixes-24000000	df-16919-partial-12-depth-4-24m-prefixes	accept-groups	2	128g	fair	0	1		1	13.85	31.01	30.66	0.35	2.239	492	142525	13.832	4	0	PartiallySorted([0, 1])		0	0	0	18944.0	0	0.0	0.0	0.0	0.0	32.83
rows-prefixes-24000000	df-16919-partial-12-depth-4-24m-prefixes	accept-groups	2	128g	fair	1	1	rows-prefixes-24000000-accept-groups-2-128g-fair-traced-1.trace.tsv	1	14.04	31.74	31.37	0.37	2.261	487	136717	14.031	4	0	PartiallySorted([0, 1])		0	0	0	18944.0	0	0.0	0.0	0.0	0.0	33.64
rows-concentrated-6000000	df-16919-partial-12-depth-4-6m-concentrated	original	2	256m	fair	0	1		1	5.83	14.7	13.43	1.27	2.521	802	72658	5.812	2	1	Linear		48	95	0	1979.8	0	605.6	1333.4	0.0	0.0	2.75
rows-concentrated-6000000	df-16919-partial-12-depth-4-6m-concentrated	original	2	256m	fair	1	1	rows-concentrated-6000000-original-2-256m-fair-traced-1.trace.tsv	1	6.02	15.2	13.79	1.41	2.525	808	78796	6.000	2	1	Linear		47	96	0	1945.6	0	605.6	1584.6	0.0	0.0	2.88
rows-concentrated-6000000	df-16919-partial-12-depth-4-6m-concentrated	original	2	32g	fair	0	1		1	3.07	7.95	7.32	0.63	2.59	3299	30895	3.049	2	1	Linear		41	0	0	901.8	0	605.6	0.0	0.0	0.0	1.21
rows-concentrated-6000000	df-16919-partial-12-depth-4-6m-concentrated	original	2	32g	fair	1	1	rows-concentrated-6000000-original-2-32g-fair-traced-1.trace.tsv	1	2.87	8.12	7.48	0.64	2.829	3547	34434	2.839	2	1	Linear		42	0	0	898.9	0	605.6	0.0	0.0	0.0	1.08
rows-concentrated-6000000	df-16919-partial-12-depth-4-6m-concentrated	accept-groups	2	256m	fair	0	1		1	3.11	7.25	7.14	0.11	2.331	534	30501	3.100	4	0	PartiallySorted([0, 1])		0	0	0	3276.8	0	0.0	0.0	0.0	0.0	6.89
rows-concentrated-6000000	df-16919-partial-12-depth-4-6m-concentrated	accept-groups	2	256m	fair	1	1	rows-concentrated-6000000-accept-groups-2-256m-fair-traced-1.trace.tsv	1	3.11	7.21	7.09	0.12	2.318	531	30674	3.102	4	0	PartiallySorted([0, 1])		0	0	0	3276.8	0	0.0	0.0	0.0	0.0	6.8
rows-concentrated-6000000	df-16919-partial-12-depth-4-6m-concentrated	accept-groups	2	32g	fair	0	1		1	3.12	7.23	7.11	0.12	2.317	559	29297	3.108	4	0	PartiallySorted([0, 1])		0	0	0	3276.8	0	0.0	0.0	0.0	0.0	6.84
rows-concentrated-6000000	df-16919-partial-12-depth-4-6m-concentrated	accept-groups	2	32g	fair	1	1	rows-concentrated-6000000-accept-groups-2-32g-fair-traced-1.trace.tsv	1	3.25	7.47	7.38	0.09	2.298	534	31291	3.243	4	0	PartiallySorted([0, 1])		0	0	0	3276.8	0	0.0	0.0	0.0	0.0	7.17
base	df-16919-partial-12-depth-4	original	2	256m	fair	0	1		1	0.64	1.45	1.33	0.12	2.266	486	2617	0.636	2	1	Linear		7	10	0	201.9	0	72.7	73.0	0.0	0.0	0.1707
base	df-16919-partial-12-depth-4	original	2	512m	fair	0	2		1	0.62	1.45	1.33	0.12	2.339	490	2546	0.616	2	1	Linear		4	6	0	135.5	0	72.7	73.0	0.0	0.0	0.2811
base	df-16919-partial-12-depth-4	original	2	512m	fair	1	2	base-original-2-512m-fair-traced-2.trace.tsv	1	0.65	1.41	1.3	0.11	2.169	481	2478	0.643	2	1	Linear		4	6	0	133.7	0	72.7	73.0	0.0	0.0	0.2228
base	df-16919-partial-12-depth-4	original	2	2g	fair	0	2		1	0.37	0.87	0.79	0.08	2.351	607	2616	0.362	2	1	Linear		11	0	0	132.2	0	72.7	0.0	0.0	0.0	0.1273
base	df-16919-partial-12-depth-4	original	2	2g	fair	1	2	base-original-2-2g-fair-traced-2.trace.tsv	1	0.33	0.85	0.77	0.08	2.576	599	2613	0.326	2	1	Linear		12	0	0	133.7	0	72.7	0.0	0.0	0.0	0.1272
base	df-16919-partial-12-depth-4	accept-groups	2	256m	fair	0	2		1	0.37	0.82	0.79	0.03	2.216	325	2453	0.370	4	0	PartiallySorted([0, 1])		0	0	0	470.9	0	0.0	0.0	0.0	0.0	0.8813
base	df-16919-partial-12-depth-4	accept-groups	2	256m	fair	1	2	base-accept-groups-2-256m-fair-traced-2.trace.tsv	1	0.36	0.8	0.76	0.04	2.222	355	2410	0.353	4	0	PartiallySorted([0, 1])		0	0	0	470.9	0	0.0	0.0	0.0	0.0	0.8215
workaround	df-16919-partial-120-depth-120-rank	original	120	256m	fair	0	2		0	0.64	4.76	2.15	2.61	7.437	4071	5911					Resources exhausted: Additional allocation failed for OrderedFinalAggregateStream[11] with top memory consumers (across reservations) as:										
workaround	df-16919-partial-120-depth-120-rank	original	120	256m	fair	1	2	workaround-original-120-256m-fair-traced-2.trace.tsv	0	0.67	5.17	2.19	2.98	7.716	4286	7038					Resources exhausted: Additional allocation failed for OrderedFinalAggregateStream[26] with top memory consumers (across reservations) as:										
workaround	df-16919-partial-120-depth-120-rank	original	120	256m	greedy	0	2		0	0.16	0.71	0.33	0.38	4.438	485	3598					Resources exhausted: Additional allocation failed for RepartitionExec[Merge 31] with top memory consumers (across reservations) as:										
workaround	df-16919-partial-120-depth-120-rank	original	120	256m	greedy	1	2	workaround-original-120-256m-greedy-traced-2.trace.tsv	0	0.15	0.61	0.29	0.32	4.067	453	3394					Resources exhausted: Additional allocation failed for RepartitionExec[Merge 0] with top memory consumers (across reservations) as:										
workaround	df-16919-partial-120-depth-120-rank	original	120	2g	fair	0	2		0	0.53	4.22	1.99	2.23	7.962	3290	6294					Resources exhausted: Additional allocation failed for OrderedFinalAggregateStream[4] with top memory consumers (across reservations) as:										
workaround	df-16919-partial-120-depth-120-rank	original	120	2g	fair	1	2	workaround-original-120-2g-fair-traced-2.trace.tsv	0	0.56	4.46	2.03	2.43	7.964	3564	6882					Resources exhausted: Additional allocation failed for OrderedFinalAggregateStream[36] with top memory consumers (across reservations) as:										
workaround	df-16919-partial-120-depth-120-rank	original	120	2g	greedy	0	2		0	0.06	0.53	0.31	0.22	8.833	561	4952					Resources exhausted: Additional allocation failed for RepartitionExec[Merge 29] with top memory consumers (across reservations) as:										
workaround	df-16919-partial-120-depth-120-rank	original	120	2g	greedy	1	2	workaround-original-120-2g-greedy-traced-2.trace.tsv	0	0.16	0.84	0.46	0.38	5.25	584	4838					Resources exhausted: Additional allocation failed for RepartitionExec[Merge 17] with top memory consumers (across reservations) as:										
many-streams	df-16919-partial-1200-depth-1200-rank	original	2	128m	fair	0	2		1	0.76	1.85	1.58	0.27	2.434	590	35396	0.728	2	1	Linear		16	22	0	165.8	0	72.7	139.8	0.0	0.0	0.1405
many-streams	df-16919-partial-1200-depth-1200-rank	original	2	128m	fair	1	2	many-streams-original-2-128m-fair-traced-2.trace.tsv	1	0.72	1.8	1.57	0.23	2.5	561	46610	0.681	2	1	Linear		15	22	0	156.5	0	72.7	139.0	0.0	0.0	0.1293
many-streams	df-16919-partial-1200-depth-1200-rank	original	2	128m	greedy	0	2		0	0.51	1.26	1.11	0.15	2.471	566	38622					Resources exhausted: Additional allocation failed for FinalHashAggregateStream[1] with top memory consumers (across reservations) as:										
many-streams	df-16919-partial-1200-depth-1200-rank	original	2	128m	greedy	1	2	many-streams-original-2-128m-greedy-traced-2.trace.tsv	0	0.54	1.24	1.11	0.13	2.296	544	42587					Resources exhausted: Additional allocation failed for FinalHashAggregateStream[0] with top memory consumers (across reservations) as:										
many-streams	df-16919-partial-1200-depth-1200-rank	accept-groups	2	128m	fair	0	2		1	0.83	3.1	2.23	0.87	3.735	2102	6211	0.779	1196	0	PartiallySorted([0, 1])		0	28	2250	1460.0	0	0.0	96.9	0.0	76.2	3.27
many-streams	df-16919-partial-1200-depth-1200-rank	accept-groups	2	128m	fair	1	2	many-streams-accept-groups-2-128m-fair-traced-2.trace.tsv	1	0.86	3.19	2.31	0.88	3.709	2124	6757	0.804	1196	0	PartiallySorted([0, 1])		0	28	2310	1486.5	0	0.0	96.9	0.0	78.3	6.56
many-streams	df-16919-partial-1200-depth-1200-rank	accept-groups	2	128m	greedy	0	2		0	0.15	1.07	0.73	0.34	7.133	578	44923					Resources exhausted: Additional allocation failed for RepartitionExec[Merge 0] with top memory consumers (across reservations) as:										
many-streams	df-16919-partial-1200-depth-1200-rank	accept-groups	2	128m	greedy	1	2	many-streams-accept-groups-2-128m-greedy-traced-2.trace.tsv	0	0.15	1.09	0.76	0.33	7.267	592	39779					Resources exhausted: Additional allocation failed for RepartitionExec[Merge 0] with top memory consumers (across reservations) as:										
streams-150	df-16919-partial-150-depth-150-rank	accept-groups	2	128m	fair	0	2		1	0.64	2.18	1.72	0.46	3.406	739	3970	0.626	150	0	PartiallySorted([0, 1])		0	53	250	1269.5	0	0.0	154.0	0.0	60.8	1.44
streams-150	df-16919-partial-150-depth-150-rank	accept-groups	2	128m	fair	1	2	streams-150-accept-groups-2-128m-fair-traced-2.trace.tsv	1	0.65	2.26	1.85	0.41	3.477	789	4079	0.638	150	0	PartiallySorted([0, 1])		0	52	237	1247.9	0	0.0	162.0	0.0	59.4	1.1
streams-300	df-16919-partial-300-depth-300-rank	accept-groups	2	128m	fair	0	2		1	0.72	1.87	1.53	0.34	2.597	900	3738	0.700	300	0	PartiallySorted([0, 1])		0	20	542	1385.1	0	0.0	95.0	0.0	67.4	1.12
streams-300	df-16919-partial-300-depth-300-rank	accept-groups	2	128m	fair	1	2	streams-300-accept-groups-2-128m-fair-traced-2.trace.tsv	1	0.65	2.16	1.72	0.44	3.323	962	3746	0.628	300	0	PartiallySorted([0, 1])		0	28	510	1307.6	0	0.0	96.9	0.0	61.9	1.0
streams-600	df-16919-partial-600-depth-600-rank	accept-groups	2	128m	fair	0	2		1	0.71	2.39	1.85	0.54	3.366	1134	4015	0.680	599	0	PartiallySorted([0, 1])		0	30	1120	1400.9	0	0.0	110.9	0.0	69.7	2.74
streams-600	df-16919-partial-600-depth-600-rank	accept-groups	2	128m	fair	1	2	streams-600-accept-groups-2-128m-fair-traced-2.trace.tsv	1	0.73	2.54	1.93	0.61	3.479	1482	4767	0.695	599	0	PartiallySorted([0, 1])		0	26	1120	1403.6	0	0.0	94.0	0.0	69.8	2.66
rows-base-600000	df-16919-partial-12-depth-4	original	2	256m	fair	0	2		1	0.6	1.45	1.31	0.14	2.417	505	2587	0.592	2	1	Linear		7	10	0	208.0	0	72.7	73.0	0.0	0.0	0.2215
rows-base-600000	df-16919-partial-12-depth-4	original	2	256m	fair	1	2	rows-base-600000-original-2-256m-fair-traced-2.trace.tsv	1	0.62	1.45	1.33	0.12	2.339	466	2587	0.611	2	1	Linear		7	10	0	207.8	0	72.7	73.0	0.0	0.0	0.2514
rows-base-600000	df-16919-partial-12-depth-4	original	2	4g	fair	0	2		1	0.36	0.84	0.76	0.08	2.333	639	2648	0.355	2	1	Linear		6	0	0	133.8	0	72.7	0.0	0.0	0.0	0.0818
rows-base-600000	df-16919-partial-12-depth-4	original	2	4g	fair	1	2	rows-base-600000-original-2-4g-fair-traced-2.trace.tsv	1	0.31	0.87	0.8	0.07	2.806	608	2641	0.306	2	1	Linear		6	0	0	133.0	0	72.7	0.0	0.0	0.0	0.1192
rows-base-600000	df-16919-partial-12-depth-4	accept-groups	2	256m	fair	0	2		1	0.36	0.82	0.79	0.03	2.278	384	2347	0.353	4	0	PartiallySorted([0, 1])		0	0	0	470.9	0	0.0	0.0	0.0	0.0	0.8089
rows-base-600000	df-16919-partial-12-depth-4	accept-groups	2	256m	fair	1	2	rows-base-600000-accept-groups-2-256m-fair-traced-2.trace.tsv	1	0.35	0.79	0.75	0.04	2.257	341	2453	0.343	4	0	PartiallySorted([0, 1])		0	0	0	470.9	0	0.0	0.0	0.0	0.0	0.7946
rows-base-600000	df-16919-partial-12-depth-4	accept-groups	2	4g	fair	0	2		1	0.34	0.8	0.77	0.03	2.353	353	2453	0.341	4	0	PartiallySorted([0, 1])		0	0	0	470.9	0	0.0	0.0	0.0	0.0	0.783
rows-base-600000	df-16919-partial-12-depth-4	accept-groups	2	4g	fair	1	2	rows-base-600000-accept-groups-2-4g-fair-traced-2.trace.tsv	1	0.38	0.81	0.78	0.03	2.132	356	2536	0.377	4	0	PartiallySorted([0, 1])		0	0	0	470.9	0	0.0	0.0	0.0	0.0	0.8895
rows-keys-per-prefix-6000000	df-16919-partial-12-depth-4-6m	original	2	256m	fair	0	2		1	6.53	16.09	14.4	1.69	2.464	796	67950	6.517	2	1	Linear		54	102	0	2048.0	0	726.8	1853.2	0.0	0.0	2.65
rows-keys-per-prefix-6000000	df-16919-partial-12-depth-4-6m	original	2	256m	fair	1	2	rows-keys-per-prefix-6000000-original-2-256m-fair-traced-2.trace.tsv	1	6.43	16.1	14.44	1.66	2.504	765	80304	6.408	2	1	Linear		54	102	0	2048.0	0	726.8	1853.7	0.0	0.0	2.6
rows-keys-per-prefix-6000000	df-16919-partial-12-depth-4-6m	original	2	32g	fair	0	2		1	3.28	8.86	8.14	0.72	2.701	3674	30995	3.252	2	1	Linear		46	0	0	907.9	0	726.8	0.0	0.0	0.0	1.09
rows-keys-per-prefix-6000000	df-16919-partial-12-depth-4-6m	original	2	32g	fair	1	2	rows-keys-per-prefix-6000000-original-2-32g-fair-traced-2.trace.tsv	1	3.22	8.9	8.18	0.72	2.764	3791	32855	3.190	2	1	Linear		47	0	0	888.5	0	726.8	0.0	0.0	0.0	1.06
rows-keys-per-prefix-6000000	df-16919-partial-12-depth-4-6m	accept-groups	2	256m	fair	0	2		1	3.77	7.79	7.7	0.09	2.066	458	28480	3.761	4	0	PartiallySorted([0, 1])		0	0	1	4710.4	0	0.0	0.0	0.0	0.5	9.02
rows-keys-per-prefix-6000000	df-16919-partial-12-depth-4-6m	accept-groups	2	256m	fair	1	2	rows-keys-per-prefix-6000000-accept-groups-2-256m-fair-traced-2.trace.tsv	1	3.72	7.76	7.65	0.11	2.086	486	28810	3.714	4	0	PartiallySorted([0, 1])		0	0	1	4710.4	0	0.0	0.0	0.0	1.0	8.89
rows-keys-per-prefix-6000000	df-16919-partial-12-depth-4-6m	accept-groups	2	32g	fair	0	2		1	3.68	7.7	7.6	0.1	2.092	487	26077	3.673	4	0	PartiallySorted([0, 1])		0	0	0	4710.4	0	0.0	0.0	0.0	0.0	8.76
rows-keys-per-prefix-6000000	df-16919-partial-12-depth-4-6m	accept-groups	2	32g	fair	1	2	rows-keys-per-prefix-6000000-accept-groups-2-32g-fair-traced-2.trace.tsv	1	3.79	7.84	7.73	0.11	2.069	460	32481	3.777	4	0	PartiallySorted([0, 1])		0	0	0	4710.4	0	0.0	0.0	0.0	0.0	9.04
rows-keys-per-prefix-24000000	df-16919-partial-12-depth-4-24m	original	2	256m	fair	0	2		1	27.46	69.28	61.53	7.75	2.523	897	354841	27.433	2	1	Linear		217	408	0	8089.6	0	5324.8	8601.6	0.0	0.0	10.22
rows-keys-per-prefix-24000000	df-16919-partial-12-depth-4-24m	original	2	256m	fair	1	2	rows-keys-per-prefix-24000000-original-2-256m-fair-traced-2.trace.tsv	1	28.55	69.92	61.69	8.23	2.449	930	383867	28.518	2	1	Linear		226	407	0	8089.6	0	6246.4	8704.0	0.0	0.0	10.65
rows-keys-per-prefix-24000000	df-16919-partial-12-depth-4-24m	original	2	128g	fair	0	2		1	12.94	35.85	32.45	3.4	2.77	13597	261923	12.889	2	1	Linear		196	0	0	3481.6	0	2867.2	0.0	0.0	0.0	4.08
rows-keys-per-prefix-24000000	df-16919-partial-12-depth-4-24m	original	2	128g	fair	1	2	rows-keys-per-prefix-24000000-original-2-128g-fair-traced-2.trace.tsv	1	12.97	35.34	32.1	3.24	2.725	13800	273755	12.933	2	1	Linear		182	0	0	3481.6	0	2867.2	0.0	0.0	0.0	4.64
rows-keys-per-prefix-24000000	df-16919-partial-12-depth-4-24m	accept-groups	2	256m	fair	0	2		1	15.37	30.99	30.61	0.38	2.016	497	155124	15.360	4	0	PartiallySorted([0, 1])		0	0	0	18841.6	0	0.0	0.0	0.0	0.0	37.19
rows-keys-per-prefix-24000000	df-16919-partial-12-depth-4-24m	accept-groups	2	256m	fair	1	2	rows-keys-per-prefix-24000000-accept-groups-2-256m-fair-traced-2.trace.tsv	1	15.13	30.2	29.83	0.37	1.996	495	149058	15.112	4	0	PartiallySorted([0, 1])		0	0	0	18841.6	0	0.0	0.0	0.0	0.0	36.82
rows-keys-per-prefix-24000000	df-16919-partial-12-depth-4-24m	accept-groups	2	128g	fair	0	2		1	15.5	31.55	31.18	0.37	2.035	497	143390	15.479	4	0	PartiallySorted([0, 1])		0	0	0	18841.6	0	0.0	0.0	0.0	0.0	37.3
rows-keys-per-prefix-24000000	df-16919-partial-12-depth-4-24m	accept-groups	2	128g	fair	1	2	rows-keys-per-prefix-24000000-accept-groups-2-128g-fair-traced-2.trace.tsv	1	15.38	31.06	30.69	0.37	2.02	507	151706	15.366	4	0	PartiallySorted([0, 1])		0	0	0	18841.6	0	0.0	0.0	0.0	0.0	37.27
rows-prefixes-6000000	df-16919-partial-12-depth-4-6m-prefixes	original	2	256m	fair	0	2		1	6.19	15.87	14.3	1.57	2.564	799	72909	6.177	2	1	Linear		60	102	0	2150.4	0	727.1	1707.1	0.0	0.0	2.42
rows-prefixes-6000000	df-16919-partial-12-depth-4-6m-prefixes	original	2	256m	fair	1	2	rows-prefixes-6000000-original-2-256m-fair-traced-2.trace.tsv	1	6.42	16.03	14.41	1.62	2.497	809	89976	6.395	2	1	Linear		60	103	0	2150.4	0	727.1	1783.1	0.0	0.0	2.35
rows-prefixes-6000000	df-16919-partial-12-depth-4-6m-prefixes	original	2	32g	fair	0	2		1	3.26	8.95	8.16	0.79	2.745	3940	44106	3.230	2	1	Linear		50	0	0	908.7	0	727.1	0.0	0.0	0.0	1.03
rows-prefixes-6000000	df-16919-partial-12-depth-4-6m-prefixes	original	2	32g	fair	1	2	rows-prefixes-6000000-original-2-32g-fair-traced-2.trace.tsv	1	3.07	8.91	8.18	0.73	2.902	3700	31662	3.045	2	1	Linear		46	0	0	910.2	0	727.1	0.0	0.0	0.0	1.04
rows-prefixes-6000000	df-16919-partial-12-depth-4-6m-prefixes	accept-groups	2	256m	fair	0	2		1	3.55	7.9	7.79	0.11	2.225	460	27418	3.544	4	0	PartiallySorted([0, 1])		0	0	2	4710.4	0	0.0	0.0	0.0	0.0	8.3
rows-prefixes-6000000	df-16919-partial-12-depth-4-6m-prefixes	accept-groups	2	256m	fair	1	2	rows-prefixes-6000000-accept-groups-2-256m-fair-traced-2.trace.tsv	1	3.51	7.74	7.63	0.11	2.205	466	27014	3.504	4	0	PartiallySorted([0, 1])		0	0	1	4710.4	0	0.0	0.0	0.0	0.0	8.18
rows-prefixes-6000000	df-16919-partial-12-depth-4-6m-prefixes	accept-groups	2	32g	fair	0	2		1	3.6	7.95	7.83	0.12	2.208	462	31876	3.586	4	0	PartiallySorted([0, 1])		0	0	0	4710.4	0	0.0	0.0	0.0	0.0	8.35
rows-prefixes-6000000	df-16919-partial-12-depth-4-6m-prefixes	accept-groups	2	32g	fair	1	2	rows-prefixes-6000000-accept-groups-2-32g-fair-traced-2.trace.tsv	1	3.51	7.74	7.63	0.11	2.205	417	26638	3.501	4	0	PartiallySorted([0, 1])		0	0	0	4710.4	0	0.0	0.0	0.0	0.0	8.26
rows-prefixes-24000000	df-16919-partial-12-depth-4-24m-prefixes	original	2	256m	fair	0	2		1	26.98	69.1	61.32	7.78	2.561	849	329207	26.949	2	1	Linear		260	408	0	8499.2	0	5632.0	8601.6	0.0	0.0	10.0
rows-prefixes-24000000	df-16919-partial-12-depth-4-24m-prefixes	original	2	256m	fair	1	2	rows-prefixes-24000000-original-2-256m-fair-traced-2.trace.tsv	1	27.35	68.83	61.03	7.8	2.517	848	357407	27.325	2	1	Linear		245	409	1	8601.6	0	5222.4	8499.2	0.0	0.5	10.26
rows-prefixes-24000000	df-16919-partial-12-depth-4-24m-prefixes	original	2	128g	fair	0	2		1	12.93	36.88	33.55	3.33	2.852	12584	334223	12.882	2	1	Linear		193	0	0	3481.6	0	2867.2	0.0	0.0	0.0	4.74
rows-prefixes-24000000	df-16919-partial-12-depth-4-24m-prefixes	original	2	128g	fair	1	2	rows-prefixes-24000000-original-2-128g-fair-traced-2.trace.tsv	1	12.65	36.54	33.17	3.37	2.889	13013	307305	12.599	2	1	Linear		197	0	0	3481.6	0	2867.2	0.0	0.0	0.0	4.92
rows-prefixes-24000000	df-16919-partial-12-depth-4-24m-prefixes	accept-groups	2	256m	fair	0	2		1	13.74	30.91	30.55	0.36	2.25	488	133841	13.727	4	0	PartiallySorted([0, 1])		0	0	0	18944.0	0	0.0	0.0	0.0	0.0	32.67
rows-prefixes-24000000	df-16919-partial-12-depth-4-24m-prefixes	accept-groups	2	256m	fair	1	2	rows-prefixes-24000000-accept-groups-2-256m-fair-traced-2.trace.tsv	1	13.86	30.93	30.51	0.42	2.232	485	163672	13.832	4	0	PartiallySorted([0, 1])		0	0	0	18944.0	0	0.0	0.0	0.0	0.0	33.1
rows-prefixes-24000000	df-16919-partial-12-depth-4-24m-prefixes	accept-groups	2	128g	fair	0	2		1	13.74	30.81	30.47	0.34	2.242	509	126973	13.721	4	0	PartiallySorted([0, 1])		0	0	0	18944.0	0	0.0	0.0	0.0	0.0	32.84
rows-prefixes-24000000	df-16919-partial-12-depth-4-24m-prefixes	accept-groups	2	128g	fair	1	2	rows-prefixes-24000000-accept-groups-2-128g-fair-traced-2.trace.tsv	1	13.92	31.31	30.96	0.35	2.249	494	154958	13.904	4	0	PartiallySorted([0, 1])		0	0	0	18944.0	0	0.0	0.0	0.0	0.0	33.15
rows-concentrated-6000000	df-16919-partial-12-depth-4-6m-concentrated	original	2	256m	fair	0	2		1	6.08	14.88	13.6	1.28	2.447	802	78660	6.059	2	1	Linear		48	95	0	2013.7	0	605.6	1328.0	0.0	0.0	2.89
rows-concentrated-6000000	df-16919-partial-12-depth-4-6m-concentrated	original	2	256m	fair	1	2	rows-concentrated-6000000-original-2-256m-fair-traced-2.trace.tsv	1	5.99	14.86	13.48	1.38	2.481	852	83639	5.967	2	1	Linear		48	94	0	1932.4	0	605.6	1330.0	0.0	0.0	2.93
rows-concentrated-6000000	df-16919-partial-12-depth-4-6m-concentrated	original	2	32g	fair	0	2		1	3.0	8.16	7.55	0.61	2.72	3563	28319	2.978	2	1	Linear		42	0	0	895.2	0	605.6	0.0	0.0	0.0	1.21
rows-concentrated-6000000	df-16919-partial-12-depth-4-6m-concentrated	original	2	32g	fair	1	2	rows-concentrated-6000000-original-2-32g-fair-traced-2.trace.tsv	1	2.94	8.11	7.43	0.68	2.759	3624	28882	2.920	2	1	Linear		42	0	0	884.1	0	605.6	0.0	0.0	0.0	1.11
rows-concentrated-6000000	df-16919-partial-12-depth-4-6m-concentrated	accept-groups	2	256m	fair	0	2		1	3.19	7.46	7.36	0.1	2.339	515	28249	3.176	4	0	PartiallySorted([0, 1])		0	0	0	3276.8	0	0.0	0.0	0.0	0.0	6.98
rows-concentrated-6000000	df-16919-partial-12-depth-4-6m-concentrated	accept-groups	2	256m	fair	1	2	rows-concentrated-6000000-accept-groups-2-256m-fair-traced-2.trace.tsv	1	3.28	7.57	7.45	0.12	2.308	535	33313	3.267	4	0	PartiallySorted([0, 1])		0	0	0	3276.8	0	0.0	0.0	0.0	0.0	7.24
rows-concentrated-6000000	df-16919-partial-12-depth-4-6m-concentrated	accept-groups	2	32g	fair	0	2		1	3.19	7.42	7.3	0.12	2.326	533	34313	3.183	4	0	PartiallySorted([0, 1])		0	0	0	3276.8	0	0.0	0.0	0.0	0.0	7.03
rows-concentrated-6000000	df-16919-partial-12-depth-4-6m-concentrated	accept-groups	2	32g	fair	1	2	rows-concentrated-6000000-accept-groups-2-32g-fair-traced-2.trace.tsv	1	3.15	7.37	7.26	0.11	2.34	527	29039	3.140	4	0	PartiallySorted([0, 1])		0	0	0	3276.8	0	0.0	0.0	0.0	0.0	6.88
base	df-16919-partial-12-depth-4	original	2	256m	fair	0	2		1	0.66	1.44	1.33	0.11	2.182	488	2412	0.657	2	1	Linear		7	10	0	204.4	0	72.7	73.0	0.0	0.0	0.3095
base	df-16919-partial-12-depth-4	original	2	256m	fair	1	2	base-original-2-256m-fair-traced-2.trace.tsv	1	0.6	1.44	1.33	0.11	2.4	495	2470	0.596	2	1	Linear		7	10	0	214.5	0	72.7	73.0	0.0	0.0	0.225
base	df-16919-partial-12-depth-4	original	2	512m	fair	1	3	base-original-2-512m-fair-traced-3.trace.tsv	1	0.66	1.47	1.35	0.12	2.227	531	2582	0.658	2	1	Linear		4	6	0	131.1	0	72.7	73.0	0.0	0.0	0.1618
base	df-16919-partial-12-depth-4	original	2	2g	fair	0	3		1	0.37	0.84	0.76	0.08	2.27	644	2630	0.370	2	1	Linear		12	0	0	132.6	0	72.7	0.0	0.0	0.0	0.1271
base	df-16919-partial-12-depth-4	original	2	2g	fair	1	3	base-original-2-2g-fair-traced-3.trace.tsv	1	0.36	0.89	0.81	0.08	2.472	652	2597	0.357	2	1	Linear		12	0	0	131.1	0	72.7	0.0	0.0	0.0	0.1421
base	df-16919-partial-12-depth-4	accept-groups	2	256m	fair	0	3		1	0.35	0.78	0.75	0.03	2.229	347	2402	0.342	4	0	PartiallySorted([0, 1])		0	0	0	470.9	0	0.0	0.0	0.0	0.0	0.7883
base	df-16919-partial-12-depth-4	accept-groups	2	256m	fair	1	3	base-accept-groups-2-256m-fair-traced-3.trace.tsv	1	0.35	0.8	0.76	0.04	2.286	351	2522	0.348	4	0	PartiallySorted([0, 1])		0	0	0	470.9	0	0.0	0.0	0.0	0.0	0.8071
workaround	df-16919-partial-120-depth-120-rank	original	120	256m	fair	0	3		0	0.66	5.05	1.84	3.21	7.652	4300	6550					Resources exhausted: Additional allocation failed for RepartitionExec[Merge 40] with top memory consumers (across reservations) as:										
workaround	df-16919-partial-120-depth-120-rank	original	120	256m	fair	1	3	workaround-original-120-256m-fair-traced-3.trace.tsv	0	0.68	5.45	2.27	3.18	8.015	4531	7724					Resources exhausted: Additional allocation failed for OrderedFinalAggregateStream[4] with top memory consumers (across reservations) as:										
workaround	df-16919-partial-120-depth-120-rank	original	120	256m	greedy	0	3		0	0.16	0.7	0.29	0.41	4.375	466	3412					Resources exhausted: Additional allocation failed for RepartitionExec[Merge 55] with top memory consumers (across reservations) as:										
workaround	df-16919-partial-120-depth-120-rank	original	120	256m	greedy	1	3	workaround-original-120-256m-greedy-traced-3.trace.tsv	0	0.32	1.71	0.78	0.93	5.344	562	4010					Resources exhausted: Additional allocation failed for RepartitionExec[Merge 0] with top memory consumers (across reservations) as:										
workaround	df-16919-partial-120-depth-120-rank	original	120	2g	fair	0	3		1	0.69	5.14	2.75	2.39	7.449	3797	7904	0.658	120	0	PartiallySorted([0, 1])		0	28	11070	371.9	0	0.0	17.1	0.0	73.6	9.19
workaround	df-16919-partial-120-depth-120-rank	original	120	2g	fair	1	3	workaround-original-120-2g-fair-traced-3.trace.tsv	1	0.7	5.1	2.75	2.35	7.286	3838	7752	0.660	120	0	PartiallySorted([0, 1])		0	25	11610	372.4	0	0.0	15.2	0.0	75.4	9.93
workaround	df-16919-partial-120-depth-120-rank	original	120	2g	greedy	0	3		0	0.15	0.82	0.41	0.41	5.467	488	4883					Resources exhausted: Additional allocation failed for RepartitionExec[Merge 119] with top memory consumers (across reservations) as:										
workaround	df-16919-partial-120-depth-120-rank	original	120	2g	greedy	1	3	workaround-original-120-2g-greedy-traced-3.trace.tsv	0	0.15	0.8	0.45	0.35	5.333	518	5116					Resources exhausted: Additional allocation failed for RepartitionExec[Merge 65] with top memory consumers (across reservations) as:										
many-streams	df-16919-partial-1200-depth-1200-rank	original	2	128m	fair	0	3		1	0.76	1.86	1.61	0.25	2.447	640	28567	0.721	2	1	Linear		16	22	0	163.0	0	72.7	140.0	0.0	0.0	0.1389
many-streams	df-16919-partial-1200-depth-1200-rank	original	2	128m	fair	1	3	many-streams-original-2-128m-fair-traced-3.trace.tsv	1	0.73	1.8	1.58	0.22	2.466	567	30138	0.694	2	1	Linear		15	23	0	161.0	0	72.7	133.6	0.0	0.0	0.1119
many-streams	df-16919-partial-1200-depth-1200-rank	original	2	128m	greedy	0	3		0	0.55	1.3	1.13	0.17	2.364	572	52531					Resources exhausted: Additional allocation failed for FinalHashAggregateStream[0] with top memory consumers (across reservations) as:										
many-streams	df-16919-partial-1200-depth-1200-rank	original	2	128m	greedy	1	3	many-streams-original-2-128m-greedy-traced-3.trace.tsv	0	0.53	1.27	1.1	0.17	2.396	532	46751					Resources exhausted: Additional allocation failed for FinalHashAggregateStream[1] with top memory consumers (across reservations) as:										
many-streams	df-16919-partial-1200-depth-1200-rank	accept-groups	2	128m	fair	0	3		1	0.81	2.9	2.13	0.77	3.58	1717	5069	0.764	1196	0	PartiallySorted([0, 1])		0	28	2300	1472.6	0	0.0	96.9	0.0	77.1	6.54
many-streams	df-16919-partial-1200-depth-1200-rank	accept-groups	2	128m	fair	1	3	many-streams-accept-groups-2-128m-fair-traced-3.trace.tsv	1	0.85	3.13	2.23	0.9	3.682	2086	6417	0.801	1196	0	PartiallySorted([0, 1])		0	26	2290	1467.7	0	0.0	94.0	0.0	76.8	8.06
many-streams	df-16919-partial-1200-depth-1200-rank	accept-groups	2	128m	greedy	0	3		0	0.16	1.13	0.79	0.34	7.063	616	38774					Resources exhausted: Additional allocation failed for RepartitionExec[Merge 1] with top memory consumers (across reservations) as:										
many-streams	df-16919-partial-1200-depth-1200-rank	accept-groups	2	128m	greedy	1	3	many-streams-accept-groups-2-128m-greedy-traced-3.trace.tsv	0	0.16	1.18	0.86	0.32	7.375	630	45520					Resources exhausted: Additional allocation failed for RepartitionExec[Merge 1] with top memory consumers (across reservations) as:										
streams-150	df-16919-partial-150-depth-150-rank	accept-groups	2	128m	fair	0	3		1	0.65	2.24	1.86	0.38	3.446	792	3789	0.640	150	0	PartiallySorted([0, 1])		0	56	222	1196.5	0	0.0	139.8	0.0	55.1	1.47
streams-150	df-16919-partial-150-depth-150-rank	accept-groups	2	128m	fair	1	3	streams-150-accept-groups-2-128m-fair-traced-3.trace.tsv	1	0.66	2.32	1.84	0.48	3.515	945	5174	0.643	150	0	PartiallySorted([0, 1])		0	54	255	1262.1	0	0.0	146.0	0.0	60.9	1.76
streams-300	df-16919-partial-300-depth-300-rank	accept-groups	2	128m	fair	0	3		1	0.65	2.2	1.75	0.45	3.385	1003	3878	0.631	300	0	PartiallySorted([0, 1])		0	28	527	1339.4	0	0.0	95.9	0.0	64.3	0.9868
streams-300	df-16919-partial-300-depth-300-rank	accept-groups	2	128m	fair	1	3	streams-300-accept-groups-2-128m-fair-traced-3.trace.tsv	1	0.65	2.19	1.77	0.42	3.369	939	3727	0.634	300	0	PartiallySorted([0, 1])		0	28	537	1344.8	0	0.0	96.9	0.0	64.6	1.46
streams-600	df-16919-partial-600-depth-600-rank	accept-groups	2	128m	fair	0	3		1	0.78	2.25	1.65	0.6	2.885	1361	4521	0.755	599	0	PartiallySorted([0, 1])		0	20	1060	1357.6	0	0.0	95.0	0.0	66.5	1.53
streams-600	df-16919-partial-600-depth-600-rank	accept-groups	2	128m	fair	1	3	streams-600-accept-groups-2-128m-fair-traced-3.trace.tsv	1	0.71	2.47	1.87	0.6	3.479	1417	4627	0.680	599	0	PartiallySorted([0, 1])		0	26	1100	1391.2	0	0.0	94.0	0.0	69.0	2.07
rows-base-600000	df-16919-partial-12-depth-4	original	2	256m	fair	0	3		1	0.61	1.44	1.29	0.15	2.361	542	2510	0.606	2	1	Linear		8	10	0	201.0	0	72.7	73.0	0.0	0.0	0.2562
rows-base-600000	df-16919-partial-12-depth-4	original	2	256m	fair	1	3	rows-base-600000-original-2-256m-fair-traced-3.trace.tsv	1	0.59	1.43	1.31	0.12	2.424	525	2538	0.588	2	1	Linear		7	10	0	214.5	0	72.7	73.0	0.0	0.0	0.2153
rows-base-600000	df-16919-partial-12-depth-4	original	2	4g	fair	0	3		1	0.33	0.88	0.79	0.09	2.667	606	2662	0.329	2	1	Linear		6	0	0	131.2	0	72.7	0.0	0.0	0.0	0.1001
rows-base-600000	df-16919-partial-12-depth-4	original	2	4g	fair	1	3	rows-base-600000-original-2-4g-fair-traced-3.trace.tsv	1	0.36	0.87	0.8	0.07	2.417	620	2611	0.355	2	1	Linear		6	0	0	132.0	0	72.7	0.0	0.0	0.0	0.1416
rows-base-600000	df-16919-partial-12-depth-4	accept-groups	2	256m	fair	0	3		1	0.36	0.82	0.79	0.03	2.278	351	2546	0.352	4	0	PartiallySorted([0, 1])		0	0	0	470.9	0	0.0	0.0	0.0	0.0	0.8043
rows-base-600000	df-16919-partial-12-depth-4	accept-groups	2	256m	fair	1	3	rows-base-600000-accept-groups-2-256m-fair-traced-3.trace.tsv	1	0.36	0.81	0.77	0.04	2.25	362	2449	0.356	4	0	PartiallySorted([0, 1])		0	0	0	470.9	0	0.0	0.0	0.0	0.0	0.816
rows-base-600000	df-16919-partial-12-depth-4	accept-groups	2	4g	fair	0	3		1	0.36	0.82	0.78	0.04	2.278	371	2506	0.353	4	0	PartiallySorted([0, 1])		0	0	0	470.9	0	0.0	0.0	0.0	0.0	0.8129
rows-base-600000	df-16919-partial-12-depth-4	accept-groups	2	4g	fair	1	3	rows-base-600000-accept-groups-2-4g-fair-traced-3.trace.tsv	1	0.35	0.79	0.75	0.04	2.257	372	2495	0.346	4	0	PartiallySorted([0, 1])		0	0	0	470.9	0	0.0	0.0	0.0	0.0	0.797
rows-keys-per-prefix-6000000	df-16919-partial-12-depth-4-6m	original	2	256m	fair	0	3		1	6.7	15.93	14.35	1.58	2.378	768	67208	6.682	2	1	Linear		54	101	0	2048.0	0	726.8	1770.6	0.0	0.0	2.43
rows-keys-per-prefix-6000000	df-16919-partial-12-depth-4-6m	original	2	256m	fair	1	3	rows-keys-per-prefix-6000000-original-2-256m-fair-traced-3.trace.tsv	1	6.79	16.27	14.61	1.66	2.396	730	70587	6.777	2	1	Linear		54	101	0	2048.0	0	726.8	1923.5	0.0	0.0	2.45
rows-keys-per-prefix-6000000	df-16919-partial-12-depth-4-6m	original	2	32g	fair	0	3		1	3.28	8.78	8.04	0.74	2.677	3653	40684	3.258	2	1	Linear		52	0	0	897.8	0	726.8	0.0	0.0	0.0	1.11
rows-keys-per-prefix-6000000	df-16919-partial-12-depth-4-6m	original	2	32g	fair	1	3	rows-keys-per-prefix-6000000-original-2-32g-fair-traced-3.trace.tsv	1	3.3	8.71	7.98	0.73	2.639	3548	39639	3.268	2	1	Linear		47	0	0	899.0	0	726.8	0.0	0.0	0.0	1.1
rows-keys-per-prefix-6000000	df-16919-partial-12-depth-4-6m	accept-groups	2	256m	fair	0	3		1	3.82	7.92	7.8	0.12	2.073	477	34134	3.814	4	0	PartiallySorted([0, 1])		0	0	1	4710.4	0	0.0	0.0	0.0	0.5	9.12
rows-keys-per-prefix-6000000	df-16919-partial-12-depth-4-6m	accept-groups	2	256m	fair	1	3	rows-keys-per-prefix-6000000-accept-groups-2-256m-fair-traced-3.trace.tsv	1	3.76	7.77	7.67	0.1	2.066	477	30448	3.747	4	0	PartiallySorted([0, 1])		0	0	0	4710.4	0	0.0	0.0	0.0	0.0	8.95
rows-keys-per-prefix-6000000	df-16919-partial-12-depth-4-6m	accept-groups	2	32g	fair	0	3		1	3.75	7.72	7.63	0.09	2.059	493	24052	3.743	4	0	PartiallySorted([0, 1])		0	0	0	4710.4	0	0.0	0.0	0.0	0.0	8.97
rows-keys-per-prefix-6000000	df-16919-partial-12-depth-4-6m	accept-groups	2	32g	fair	1	3	rows-keys-per-prefix-6000000-accept-groups-2-32g-fair-traced-3.trace.tsv	1	3.79	7.78	7.66	0.12	2.053	477	39121	3.781	4	0	PartiallySorted([0, 1])		0	0	0	4710.4	0	0.0	0.0	0.0	0.0	9.09
rows-keys-per-prefix-24000000	df-16919-partial-12-depth-4-24m	original	2	256m	fair	0	3		1	28.13	70.01	61.97	8.04	2.489	881	354290	28.104	2	1	Linear		228	405	0	8192.0	0	5222.4	9216.0	0.0	0.0	10.11
rows-keys-per-prefix-24000000	df-16919-partial-12-depth-4-24m	original	2	256m	fair	1	3	rows-keys-per-prefix-24000000-original-2-256m-fair-traced-3.trace.tsv	1	27.93	69.04	61.29	7.75	2.472	902	332338	27.901	2	1	Linear		226	406	0	8089.6	0	5734.4	8601.6	0.0	0.0	9.67
rows-keys-per-prefix-24000000	df-16919-partial-12-depth-4-24m	original	2	128g	fair	0	3		1	12.95	35.46	32.29	3.17	2.738	13067	305877	12.894	2	1	Linear		196	0	0	3481.6	0	2867.2	0.0	0.0	0.0	4.43
rows-keys-per-prefix-24000000	df-16919-partial-12-depth-4-24m	original	2	128g	fair	1	3	rows-keys-per-prefix-24000000-original-2-128g-fair-traced-3.trace.tsv	1	13.4	35.45	32.18	3.27	2.646	14205	297814	13.349	2	1	Linear		182	0	0	3481.6	0	2867.2	0.0	0.0	0.0	4.64
rows-keys-per-prefix-24000000	df-16919-partial-12-depth-4-24m	accept-groups	2	256m	fair	0	3		1	15.52	31.46	31.08	0.38	2.027	498	146820	15.503	4	0	PartiallySorted([0, 1])		0	0	0	18841.6	0	0.0	0.0	0.0	0.0	37.39
rows-keys-per-prefix-24000000	df-16919-partial-12-depth-4-24m	accept-groups	2	256m	fair	1	3	rows-keys-per-prefix-24000000-accept-groups-2-256m-fair-traced-3.trace.tsv	1	15.49	31.3	30.94	0.36	2.021	505	138620	15.476	4	0	PartiallySorted([0, 1])		0	0	0	18841.6	0	0.0	0.0	0.0	0.0	37.47
rows-keys-per-prefix-24000000	df-16919-partial-12-depth-4-24m	accept-groups	2	128g	fair	0	3		1	15.3	30.74	30.42	0.32	2.009	482	118139	15.288	4	0	PartiallySorted([0, 1])		0	0	0	18841.6	0	0.0	0.0	0.0	0.0	37.1
rows-keys-per-prefix-24000000	df-16919-partial-12-depth-4-24m	accept-groups	2	128g	fair	1	3	rows-keys-per-prefix-24000000-accept-groups-2-128g-fair-traced-3.trace.tsv	1	14.98	30.08	29.77	0.31	2.008	488	106917	14.967	4	0	PartiallySorted([0, 1])		0	0	0	18841.6	0	0.0	0.0	0.0	0.0	36.56
rows-prefixes-6000000	df-16919-partial-12-depth-4-6m-prefixes	original	2	256m	fair	0	3		1	6.49	16.16	14.51	1.65	2.49	800	82777	6.468	2	1	Linear		60	102	0	2150.4	0	727.1	1851.3	0.0	0.0	2.68
rows-prefixes-6000000	df-16919-partial-12-depth-4-6m-prefixes	original	2	256m	fair	1	3	rows-prefixes-6000000-original-2-256m-fair-traced-3.trace.tsv	1	6.33	16.17	14.49	1.68	2.555	803	74177	6.314	2	1	Linear		60	102	0	2150.4	0	727.1	1854.3	0.0	0.0	2.36
rows-prefixes-6000000	df-16919-partial-12-depth-4-6m-prefixes	original	2	32g	fair	0	3		1	3.2	8.94	8.18	0.76	2.794	3803	44220	3.173	2	1	Linear		47	0	0	912.1	0	727.1	0.0	0.0	0.0	1.11
rows-prefixes-6000000	df-16919-partial-12-depth-4-6m-prefixes	original	2	32g	fair	1	3	rows-prefixes-6000000-original-2-32g-fair-traced-3.trace.tsv	1	3.19	8.91	8.17	0.74	2.793	3737	39988	3.162	2	1	Linear		50	0	0	899.2	0	727.1	0.0	0.0	0.0	1.14
rows-prefixes-6000000	df-16919-partial-12-depth-4-6m-prefixes	accept-groups	2	256m	fair	0	3		1	3.49	7.64	7.54	0.1	2.189	428	25465	3.476	4	0	PartiallySorted([0, 1])		0	0	2	4710.4	0	0.0	0.0	0.0	0.0	8.19
rows-prefixes-6000000	df-16919-partial-12-depth-4-6m-prefixes	accept-groups	2	256m	fair	1	3	rows-prefixes-6000000-accept-groups-2-256m-fair-traced-3.trace.tsv	1	3.59	7.94	7.85	0.09	2.212	438	29015	3.576	4	0	PartiallySorted([0, 1])		0	0	2	4710.4	0	0.0	0.0	0.0	0.0	8.43
rows-prefixes-6000000	df-16919-partial-12-depth-4-6m-prefixes	accept-groups	2	32g	fair	0	3		1	3.45	7.62	7.54	0.08	2.209	439	23603	3.444	4	0	PartiallySorted([0, 1])		0	0	0	4710.4	0	0.0	0.0	0.0	0.0	8.08
rows-prefixes-6000000	df-16919-partial-12-depth-4-6m-prefixes	accept-groups	2	32g	fair	1	3	rows-prefixes-6000000-accept-groups-2-32g-fair-traced-3.trace.tsv	1	3.46	7.58	7.48	0.1	2.191	415	24565	3.452	4	0	PartiallySorted([0, 1])		0	0	0	4710.4	0	0.0	0.0	0.0	0.0	8.02
rows-prefixes-24000000	df-16919-partial-12-depth-4-24m-prefixes	original	2	256m	fair	0	3		1	27.55	69.57	61.66	7.91	2.525	890	365922	27.520	2	1	Linear		245	407	0	8499.2	0	5324.8	8704.0	0.0	0.0	9.82
rows-prefixes-24000000	df-16919-partial-12-depth-4-24m-prefixes	original	2	256m	fair	1	3	rows-prefixes-24000000-original-2-256m-fair-traced-3.trace.tsv	1	27.03	69.75	61.73	8.02	2.58	900	350720	26.999	2	1	Linear		253	410	1	8499.2	0	5734.4	8499.2	0.0	0.5	10.41
rows-prefixes-24000000	df-16919-partial-12-depth-4-24m-prefixes	original	2	128g	fair	0	3		1	13.31	36.36	33.01	3.35	2.732	13387	333547	13.256	2	1	Linear		195	0	0	3481.6	0	2867.2	0.0	0.0	0.0	4.76
rows-prefixes-24000000	df-16919-partial-12-depth-4-24m-prefixes	original	2	128g	fair	1	3	rows-prefixes-24000000-original-2-128g-fair-traced-3.trace.tsv	1	12.73	36.56	33.34	3.22	2.872	13145	276373	12.702	2	1	Linear		178	0	0	3481.6	0	2867.2	0.0	0.0	0.0	4.6
rows-prefixes-24000000	df-16919-partial-12-depth-4-24m-prefixes	accept-groups	2	256m	fair	0	3		1	13.99	31.49	31.13	0.36	2.251	478	140247	13.972	4	0	PartiallySorted([0, 1])		0	0	0	18944.0	0	0.0	0.0	0.0	0.0	33.14
rows-prefixes-24000000	df-16919-partial-12-depth-4-24m-prefixes	accept-groups	2	256m	fair	1	3	rows-prefixes-24000000-accept-groups-2-256m-fair-traced-3.trace.tsv	1	14.09	32.03	31.67	0.36	2.273	494	137315	14.077	4	0	PartiallySorted([0, 1])		0	0	0	18944.0	0	0.0	0.0	0.0	0.0	33.43
rows-prefixes-24000000	df-16919-partial-12-depth-4-24m-prefixes	accept-groups	2	128g	fair	0	3		1	14.08	31.77	31.4	0.37	2.256	484	146855	14.068	4	0	PartiallySorted([0, 1])		0	0	0	18944.0	0	0.0	0.0	0.0	0.0	33.51
rows-prefixes-24000000	df-16919-partial-12-depth-4-24m-prefixes	accept-groups	2	128g	fair	1	3	rows-prefixes-24000000-accept-groups-2-128g-fair-traced-3.trace.tsv	1	13.89	31.44	31.11	0.33	2.263	502	130566	13.878	4	0	PartiallySorted([0, 1])		0	0	0	18944.0	0	0.0	0.0	0.0	0.0	33.01
rows-concentrated-6000000	df-16919-partial-12-depth-4-6m-concentrated	original	2	256m	fair	0	3		1	6.21	15.27	13.85	1.42	2.459	842	87500	6.191	2	1	Linear		47	97	0	1966.1	0	605.6	1522.9	0.0	0.0	2.85
rows-concentrated-6000000	df-16919-partial-12-depth-4-6m-concentrated	original	2	256m	fair	1	3	rows-concentrated-6000000-original-2-256m-fair-traced-3.trace.tsv	1	5.94	14.82	13.5	1.32	2.495	854	88039	5.920	2	1	Linear		48	95	0	1971.3	0	605.6	1328.4	0.0	0.0	2.94
rows-concentrated-6000000	df-16919-partial-12-depth-4-6m-concentrated	original	2	32g	fair	0	3		1	2.98	8.11	7.47	0.64	2.721	3468	32243	2.956	2	1	Linear		41	0	0	874.1	0	605.6	0.0	0.0	0.0	1.08
rows-concentrated-6000000	df-16919-partial-12-depth-4-6m-concentrated	original	2	32g	fair	1	3	rows-concentrated-6000000-original-2-32g-fair-traced-3.trace.tsv	1	3.18	8.11	7.47	0.64	2.55	3511	35501	3.151	2	1	Linear		42	0	0	886.6	0	605.6	0.0	0.0	0.0	1.12
rows-concentrated-6000000	df-16919-partial-12-depth-4-6m-concentrated	accept-groups	2	256m	fair	0	3		1	3.14	7.29	7.18	0.11	2.322	521	27738	3.131	4	0	PartiallySorted([0, 1])		0	0	0	3276.8	0	0.0	0.0	0.0	0.0	6.87
rows-concentrated-6000000	df-16919-partial-12-depth-4-6m-concentrated	accept-groups	2	256m	fair	1	3	rows-concentrated-6000000-accept-groups-2-256m-fair-traced-3.trace.tsv	1	3.09	7.19	7.08	0.11	2.327	530	36999	3.078	4	0	PartiallySorted([0, 1])		0	0	0	3276.8	0	0.0	0.0	0.0	0.0	6.81
rows-concentrated-6000000	df-16919-partial-12-depth-4-6m-concentrated	accept-groups	2	32g	fair	0	3		1	3.13	7.37	7.23	0.14	2.355	518	39065	3.119	4	0	PartiallySorted([0, 1])		0	0	0	3276.8	0	0.0	0.0	0.0	0.0	6.76
rows-concentrated-6000000	df-16919-partial-12-depth-4-6m-concentrated	accept-groups	2	32g	fair	1	3	rows-concentrated-6000000-accept-groups-2-32g-fair-traced-3.trace.tsv	1	3.12	7.37	7.25	0.12	2.362	528	28757	3.112	4	0	PartiallySorted([0, 1])		0	0	0	3276.8	0	0.0	0.0	0.0	0.0	6.74
base	df-16919-partial-12-depth-4	original	2	256m	fair	0	3		1	0.59	1.44	1.33	0.11	2.441	511	2334	0.589	2	1	Linear		8	10	0	212.9	0	72.7	73.0	0.0	0.0	0.2277
base	df-16919-partial-12-depth-4	original	2	256m	fair	1	3	base-original-2-256m-fair-traced-3.trace.tsv	1	0.6	1.44	1.34	0.1	2.4	499	2587	0.592	2	1	Linear		7	10	0	212.9	0	72.7	73.0	0.0	0.0	0.2306
base	df-16919-partial-12-depth-4	original	2	512m	fair	0	3		1	0.64	1.44	1.33	0.11	2.25	508	2413	0.635	2	1	Linear		4	6	0	132.6	0	72.7	73.0	0.0	0.0	0.223
base	df-16919-partial-12-depth-4	original	2	2g	fair	0	4		1	0.36	0.87	0.8	0.07	2.417	659	2665	0.355	2	1	Linear		11	0	0	134.6	0	72.7	0.0	0.0	0.0	0.1416
base	df-16919-partial-12-depth-4	original	2	2g	fair	1	4	base-original-2-2g-fair-traced-4.trace.tsv	1	0.35	0.87	0.78	0.09	2.486	656	2687	0.346	2	1	Linear		12	0	0	127.6	0	72.7	0.0	0.0	0.0	0.0937
base	df-16919-partial-12-depth-4	accept-groups	2	256m	fair	0	4		1	0.37	0.84	0.8	0.04	2.27	372	2583	0.370	4	0	PartiallySorted([0, 1])		0	0	0	470.9	0	0.0	0.0	0.0	0.0	0.8304
base	df-16919-partial-12-depth-4	accept-groups	2	256m	fair	1	4	base-accept-groups-2-256m-fair-traced-4.trace.tsv	1	0.37	0.81	0.78	0.03	2.189	355	2479	0.362	4	0	PartiallySorted([0, 1])		0	0	0	470.9	0	0.0	0.0	0.0	0.0	0.8309
workaround	df-16919-partial-120-depth-120-rank	original	120	256m	fair	0	4		0	0.65	5.11	2.06	3.05	7.862	4097	6599					Resources exhausted: Additional allocation failed for OrderedFinalAggregateStream[105] with top memory consumers (across reservations) as:										
workaround	df-16919-partial-120-depth-120-rank	original	120	256m	fair	1	4	workaround-original-120-256m-fair-traced-4.trace.tsv	0	0.65	5.13	2.0	3.13	7.892	4386	6583					Resources exhausted: Additional allocation failed for OrderedFinalAggregateStream[34] with top memory consumers (across reservations) as:										
workaround	df-16919-partial-120-depth-120-rank	original	120	256m	greedy	0	4		0	0.04	0.3	0.13	0.17	7.5	417	3273					Resources exhausted: Additional allocation failed for RepartitionExec[Merge 0] with top memory consumers (across reservations) as:										
workaround	df-16919-partial-120-depth-120-rank	original	120	256m	greedy	1	4	workaround-original-120-256m-greedy-traced-4.trace.tsv	0	0.28	1.19	0.56	0.63	4.25	544	4001					Resources exhausted: Additional allocation failed for RepartitionExec[Merge 38] with top memory consumers (across reservations) as:										
workaround	df-16919-partial-120-depth-120-rank	original	120	2g	fair	0	4		0	0.57	4.79	2.12	2.67	8.404	3677	6930					Resources exhausted: Additional allocation failed for OrderedFinalAggregateStream[116] with top memory consumers (across reservations) as:										
workaround	df-16919-partial-120-depth-120-rank	original	120	2g	fair	1	4	workaround-original-120-2g-fair-traced-4.trace.tsv	0	0.54	4.21	1.89	2.32	7.796	3403	6015					Resources exhausted: Additional allocation failed for OrderedFinalAggregateStream[53] with top memory consumers (across reservations) as:										
workaround	df-16919-partial-120-depth-120-rank	original	120	2g	greedy	0	4		0	0.22	1.16	0.66	0.5	5.273	552	5948					Resources exhausted: Additional allocation failed for RepartitionExec[Merge 48] with top memory consumers (across reservations) as:										
workaround	df-16919-partial-120-depth-120-rank	original	120	2g	greedy	1	4	workaround-original-120-2g-greedy-traced-4.trace.tsv	0	0.07	0.6	0.37	0.23	8.571	563	5021					Resources exhausted: Additional allocation failed for RepartitionExec[Merge 60] with top memory consumers (across reservations) as:										
many-streams	df-16919-partial-1200-depth-1200-rank	original	2	128m	fair	0	4		1	0.74	1.82	1.59	0.23	2.459	548	33048	0.705	2	1	Linear		16	22	0	161.3	0	72.7	140.5	0.0	0.0	0.1367
many-streams	df-16919-partial-1200-depth-1200-rank	original	2	128m	fair	1	4	many-streams-original-2-128m-fair-traced-4.trace.tsv	1	0.73	1.76	1.52	0.24	2.411	585	26239	0.693	2	1	Linear		15	22	0	162.0	0	72.7	138.5	0.0	0.0	0.1081
many-streams	df-16919-partial-1200-depth-1200-rank	original	2	128m	greedy	0	4		0	0.51	1.24	1.1	0.14	2.431	500	46777					Resources exhausted: Additional allocation failed for FinalHashAggregateStream[1] with top memory consumers (across reservations) as:										
many-streams	df-16919-partial-1200-depth-1200-rank	original	2	128m	greedy	1	4	many-streams-original-2-128m-greedy-traced-4.trace.tsv	0	0.51	1.27	1.11	0.16	2.49	488	52194					Resources exhausted: Additional allocation failed for FinalHashAggregateStream[1] with top memory consumers (across reservations) as:										
many-streams	df-16919-partial-1200-depth-1200-rank	accept-groups	2	128m	fair	0	4		1	0.84	3.1	2.18	0.92	3.69	2114	6172	0.791	1196	0	PartiallySorted([0, 1])		0	28	2290	1463.5	0	0.0	96.9	0.0	76.8	8.67
many-streams	df-16919-partial-1200-depth-1200-rank	accept-groups	2	128m	fair	1	4	many-streams-accept-groups-2-128m-fair-traced-4.trace.tsv	1	0.82	2.91	2.16	0.75	3.549	1706	5172	0.768	1196	0	PartiallySorted([0, 1])		0	26	2280	1465.5	0	0.0	94.0	0.0	76.6	3.95
many-streams	df-16919-partial-1200-depth-1200-rank	accept-groups	2	128m	greedy	0	4		0	0.15	1.14	0.78	0.36	7.6	638	42060					Resources exhausted: Additional allocation failed for RepartitionExec[Merge 0] with top memory consumers (across reservations) as:										
many-streams	df-16919-partial-1200-depth-1200-rank	accept-groups	2	128m	greedy	1	4	many-streams-accept-groups-2-128m-greedy-traced-4.trace.tsv	0	0.16	1.13	0.81	0.32	7.063	652	37241					Resources exhausted: Additional allocation failed for RepartitionExec[Merge 1] with top memory consumers (across reservations) as:										
streams-150	df-16919-partial-150-depth-150-rank	accept-groups	2	128m	fair	0	4		1	0.64	2.25	1.79	0.46	3.516	845	4041	0.629	150	0	PartiallySorted([0, 1])		0	54	241	1229.9	0	0.0	146.0	0.0	58.1	1.47
streams-150	df-16919-partial-150-depth-150-rank	accept-groups	2	128m	fair	1	4	streams-150-accept-groups-2-128m-fair-traced-4.trace.tsv	1	0.63	2.2	1.79	0.41	3.492	795	3716	0.619	150	0	PartiallySorted([0, 1])		0	56	211	1176.0	0	0.0	139.8	0.0	53.4	1.34
streams-300	df-16919-partial-300-depth-300-rank	accept-groups	2	128m	fair	0	4		1	0.73	2.01	1.56	0.45	2.753	1026	4106	0.709	300	0	PartiallySorted([0, 1])		0	20	540	1371.8	0	0.0	95.0	0.0	66.7	1.71
streams-300	df-16919-partial-300-depth-300-rank	accept-groups	2	128m	fair	1	4	streams-300-accept-groups-2-128m-fair-traced-4.trace.tsv	1	0.65	2.22	1.79	0.43	3.415	1029	4237	0.632	300	0	PartiallySorted([0, 1])		0	28	515	1330.8	0	0.0	96.9	0.0	63.5	1.18
streams-600	df-16919-partial-600-depth-600-rank	accept-groups	2	128m	fair	0	4		1	0.71	2.56	1.88	0.68	3.606	1617	5069	0.675	599	0	PartiallySorted([0, 1])		0	24	1130	1415.9	0	0.0	88.0	0.0	70.7	2.32
streams-600	df-16919-partial-600-depth-600-rank	accept-groups	2	128m	fair	1	4	streams-600-accept-groups-2-128m-fair-traced-4.trace.tsv	1	0.68	2.33	1.83	0.5	3.426	1194	4094	0.655	599	0	PartiallySorted([0, 1])		0	24	1140	1420.1	0	0.0	88.0	0.0	71.0	2.62
rows-base-600000	df-16919-partial-12-depth-4	original	2	256m	fair	0	4		1	0.65	1.45	1.34	0.11	2.231	483	2432	0.641	2	1	Linear		7	10	0	210.2	0	72.7	73.0	0.0	0.0	0.2431
rows-base-600000	df-16919-partial-12-depth-4	original	2	256m	fair	1	4	rows-base-600000-original-2-256m-fair-traced-4.trace.tsv	1	0.62	1.44	1.32	0.12	2.323	513	2538	0.616	2	1	Linear		8	10	0	209.5	0	72.7	73.0	0.0	0.0	0.2218
rows-base-600000	df-16919-partial-12-depth-4	original	2	4g	fair	0	4		1	0.36	0.85	0.78	0.07	2.361	656	2673	0.360	2	1	Linear		6	0	0	129.9	0	72.7	0.0	0.0	0.0	0.1226
rows-base-600000	df-16919-partial-12-depth-4	original	2	4g	fair	1	4	rows-base-600000-original-2-4g-fair-traced-4.trace.tsv	1	0.37	0.86	0.78	0.08	2.324	617	2653	0.365	2	1	Linear		6	0	0	134.7	0	72.7	0.0	0.0	0.0	0.1016
rows-base-600000	df-16919-partial-12-depth-4	accept-groups	2	256m	fair	0	4		1	0.35	0.78	0.75	0.03	2.229	355	2548	0.351	4	0	PartiallySorted([0, 1])		0	0	0	470.9	0	0.0	0.0	0.0	0.0	0.8097
rows-base-600000	df-16919-partial-12-depth-4	accept-groups	2	256m	fair	1	4	rows-base-600000-accept-groups-2-256m-fair-traced-4.trace.tsv	1	0.36	0.8	0.77	0.03	2.222	355	2381	0.353	4	0	PartiallySorted([0, 1])		0	0	0	470.9	0	0.0	0.0	0.0	0.0	0.8213
rows-base-600000	df-16919-partial-12-depth-4	accept-groups	2	4g	fair	0	4		1	0.36	0.82	0.79	0.03	2.278	355	2555	0.358	4	0	PartiallySorted([0, 1])		0	0	0	470.9	0	0.0	0.0	0.0	0.0	0.8312
rows-base-600000	df-16919-partial-12-depth-4	accept-groups	2	4g	fair	1	4	rows-base-600000-accept-groups-2-4g-fair-traced-4.trace.tsv	1	0.36	0.81	0.78	0.03	2.25	341	2343	0.354	4	0	PartiallySorted([0, 1])		0	0	0	470.9	0	0.0	0.0	0.0	0.0	0.8181
rows-keys-per-prefix-6000000	df-16919-partial-12-depth-4-6m	original	2	256m	fair	0	4		1	6.71	15.92	14.32	1.6	2.373	720	75911	6.690	2	1	Linear		54	101	0	2048.0	0	726.8	1775.4	0.0	0.0	2.59
rows-keys-per-prefix-6000000	df-16919-partial-12-depth-4-6m	original	2	256m	fair	1	4	rows-keys-per-prefix-6000000-original-2-256m-fair-traced-4.trace.tsv	1	6.68	16.02	14.38	1.64	2.398	801	81228	6.659	2	1	Linear		54	102	0	2048.0	0	726.8	1855.2	0.0	0.0	2.46
rows-keys-per-prefix-6000000	df-16919-partial-12-depth-4-6m	original	2	32g	fair	0	4		1	3.4	8.71	7.98	0.73	2.562	3811	35181	3.379	2	1	Linear		47	0	0	909.9	0	726.8	0.0	0.0	0.0	1.17
rows-keys-per-prefix-6000000	df-16919-partial-12-depth-4-6m	original	2	32g	fair	1	4	rows-keys-per-prefix-6000000-original-2-32g-fair-traced-4.trace.tsv	1	3.37	8.68	7.93	0.75	2.576	3617	41448	3.341	2	1	Linear		47	0	0	896.4	0	726.8	0.0	0.0	0.0	1.14
rows-keys-per-prefix-6000000	df-16919-partial-12-depth-4-6m	accept-groups	2	256m	fair	0	4		1	3.78	7.77	7.67	0.1	2.056	459	25662	3.768	4	0	PartiallySorted([0, 1])		0	0	0	4710.4	0	0.0	0.0	0.0	0.0	9.04
rows-keys-per-prefix-6000000	df-16919-partial-12-depth-4-6m	accept-groups	2	256m	fair	1	4	rows-keys-per-prefix-6000000-accept-groups-2-256m-fair-traced-4.trace.tsv	1	3.76	7.78	7.68	0.1	2.069	485	30525	3.744	4	0	PartiallySorted([0, 1])		0	0	0	4710.4	0	0.0	0.0	0.0	0.0	8.96
rows-keys-per-prefix-6000000	df-16919-partial-12-depth-4-6m	accept-groups	2	32g	fair	0	4		1	3.79	7.77	7.64	0.13	2.05	476	31543	3.777	4	0	PartiallySorted([0, 1])		0	0	0	4710.4	0	0.0	0.0	0.0	0.0	9.08
rows-keys-per-prefix-6000000	df-16919-partial-12-depth-4-6m	accept-groups	2	32g	fair	1	4	rows-keys-per-prefix-6000000-accept-groups-2-32g-fair-traced-4.trace.tsv	1	3.72	7.71	7.62	0.09	2.073	468	26321	3.711	4	0	PartiallySorted([0, 1])		0	0	0	4710.4	0	0.0	0.0	0.0	0.0	8.89
rows-keys-per-prefix-24000000	df-16919-partial-12-depth-4-24m	original	2	256m	fair	0	4		1	27.96	69.19	61.22	7.97	2.475	874	355507	27.938	2	1	Linear		219	407	0	8089.6	0	5529.6	8704.0	0.0	0.0	10.48
rows-keys-per-prefix-24000000	df-16919-partial-12-depth-4-24m	original	2	256m	fair	1	4	rows-keys-per-prefix-24000000-original-2-256m-fair-traced-4.trace.tsv	1	27.69	69.98	61.78	8.2	2.527	951	388919	27.666	2	1	Linear		224	406	0	8192.0	0	6144.0	8704.0	0.0	0.0	10.14
rows-keys-per-prefix-24000000	df-16919-partial-12-depth-4-24m	original	2	128g	fair	0	4		1	13.04	35.13	31.89	3.24	2.694	12953	291007	12.999	2	1	Linear		180	0	0	3481.6	0	2867.2	0.0	0.0	0.0	4.42
rows-keys-per-prefix-24000000	df-16919-partial-12-depth-4-24m	original	2	128g	fair	1	4	rows-keys-per-prefix-24000000-original-2-128g-fair-traced-4.trace.tsv	1	13.02	35.3	32.09	3.21	2.711	13991	303790	12.972	2	1	Linear		195	0	0	3481.6	0	2867.2	0.0	0.0	0.0	4.38
rows-keys-per-prefix-24000000	df-16919-partial-12-depth-4-24m	accept-groups	2	256m	fair	0	4		1	15.52	31.56	31.16	0.4	2.034	496	163055	15.500	4	0	PartiallySorted([0, 1])		0	0	0	18841.6	0	0.0	0.0	0.0	0.0	37.52
rows-keys-per-prefix-24000000	df-16919-partial-12-depth-4-24m	accept-groups	2	256m	fair	1	4	rows-keys-per-prefix-24000000-accept-groups-2-256m-fair-traced-4.trace.tsv	1	15.45	31.28	30.94	0.34	2.025	500	135509	15.439	4	0	PartiallySorted([0, 1])		0	0	0	18841.6	0	0.0	0.0	0.0	0.0	37.33
rows-keys-per-prefix-24000000	df-16919-partial-12-depth-4-24m	accept-groups	2	128g	fair	0	4		1	15.37	31.03	30.64	0.39	2.019	506	149475	15.357	4	0	PartiallySorted([0, 1])		0	0	0	18841.6	0	0.0	0.0	0.0	0.0	37.25
rows-keys-per-prefix-24000000	df-16919-partial-12-depth-4-24m	accept-groups	2	128g	fair	1	4	rows-keys-per-prefix-24000000-accept-groups-2-128g-fair-traced-4.trace.tsv	1	15.27	30.94	30.56	0.38	2.026	486	154565	15.259	4	0	PartiallySorted([0, 1])		0	0	0	18841.6	0	0.0	0.0	0.0	0.0	36.82
rows-prefixes-6000000	df-16919-partial-12-depth-4-6m-prefixes	original	2	256m	fair	0	4		1	6.29	16.2	14.45	1.75	2.576	789	81880	6.272	2	1	Linear		60	102	0	2150.4	0	727.1	1851.8	0.0	0.0	2.54
rows-prefixes-6000000	df-16919-partial-12-depth-4-6m-prefixes	original	2	256m	fair	1	4	rows-prefixes-6000000-original-2-256m-fair-traced-4.trace.tsv	1	6.44	16.16	14.45	1.71	2.509	796	77409	6.424	2	1	Linear		60	102	0	2150.4	0	727.1	1854.8	0.0	0.0	2.61
rows-prefixes-6000000	df-16919-partial-12-depth-4-6m-prefixes	original	2	32g	fair	0	4		1	3.19	8.84	8.16	0.68	2.771	3513	36418	3.171	2	1	Linear		46	0	0	899.1	0	727.1	0.0	0.0	0.0	1.07
rows-prefixes-6000000	df-16919-partial-12-depth-4-6m-prefixes	original	2	32g	fair	1	4	rows-prefixes-6000000-original-2-32g-fair-traced-4.trace.tsv	1	3.14	8.94	8.18	0.76	2.847	3657	36345	3.112	2	1	Linear		47	0	0	896.4	0	727.1	0.0	0.0	0.0	1.18
rows-prefixes-6000000	df-16919-partial-12-depth-4-6m-prefixes	accept-groups	2	256m	fair	0	4		1	3.42	7.55	7.45	0.1	2.208	488	29994	3.406	4	0	PartiallySorted([0, 1])		0	0	2	4710.4	0	0.0	0.0	0.0	0.0	7.93
rows-prefixes-6000000	df-16919-partial-12-depth-4-6m-prefixes	accept-groups	2	256m	fair	1	4	rows-prefixes-6000000-accept-groups-2-256m-fair-traced-4.trace.tsv	1	3.48	7.72	7.61	0.11	2.218	489	24704	3.468	4	0	PartiallySorted([0, 1])		0	0	2	4710.4	0	0.0	0.0	0.0	0.0	8.1
rows-prefixes-6000000	df-16919-partial-12-depth-4-6m-prefixes	accept-groups	2	32g	fair	0	4		1	3.43	7.62	7.5	0.12	2.222	455	27319	3.416	4	0	PartiallySorted([0, 1])		0	0	0	4710.4	0	0.0	0.0	0.0	0.0	7.88
rows-prefixes-6000000	df-16919-partial-12-depth-4-6m-prefixes	accept-groups	2	32g	fair	1	4	rows-prefixes-6000000-accept-groups-2-32g-fair-traced-4.trace.tsv	1	3.49	7.77	7.67	0.1	2.226	473	27342	3.474	4	0	PartiallySorted([0, 1])		0	0	0	4710.4	0	0.0	0.0	0.0	0.0	8.18
rows-prefixes-24000000	df-16919-partial-12-depth-4-24m-prefixes	original	2	256m	fair	0	4		1	26.97	69.33	61.5	7.83	2.571	879	348167	26.941	2	1	Linear		248	409	0	8601.6	0	5427.2	8499.2	0.0	0.0	9.98
rows-prefixes-24000000	df-16919-partial-12-depth-4-24m-prefixes	original	2	256m	fair	1	4	rows-prefixes-24000000-original-2-256m-fair-traced-4.trace.tsv	1	27.34	69.64	61.47	8.17	2.547	879	367675	27.317	2	1	Linear		256	407	0	8499.2	0	5836.8	8704.0	0.0	0.0	10.03
rows-prefixes-24000000	df-16919-partial-12-depth-4-24m-prefixes	original	2	128g	fair	0	4		1	13.04	37.12	33.57	3.55	2.847	12914	321762	13.007	2	1	Linear		196	0	0	3481.6	0	2867.2	0.0	0.0	0.0	4.87
rows-prefixes-24000000	df-16919-partial-12-depth-4-24m-prefixes	original	2	128g	fair	1	4	rows-prefixes-24000000-original-2-128g-fair-traced-4.trace.tsv	1	12.72	36.3	33.07	3.23	2.854	13240	286050	12.681	2	1	Linear		181	0	0	3481.6	0	2867.2	0.0	0.0	0.0	4.58
rows-prefixes-24000000	df-16919-partial-12-depth-4-24m-prefixes	accept-groups	2	256m	fair	0	4		1	13.89	31.31	30.94	0.37	2.254	502	141296	13.880	4	0	PartiallySorted([0, 1])		0	0	0	18944.0	0	0.0	0.0	0.0	0.0	32.96
rows-prefixes-24000000	df-16919-partial-12-depth-4-24m-prefixes	accept-groups	2	256m	fair	1	4	rows-prefixes-24000000-accept-groups-2-256m-fair-traced-4.trace.tsv	1	14.05	31.51	31.12	0.39	2.243	512	145982	14.037	4	0	PartiallySorted([0, 1])		0	0	0	18944.0	0	0.0	0.0	0.0	0.0	33.55
rows-prefixes-24000000	df-16919-partial-12-depth-4-24m-prefixes	accept-groups	2	128g	fair	0	4		1	13.92	31.37	31.05	0.32	2.254	489	138870	13.908	4	0	PartiallySorted([0, 1])		0	0	0	18944.0	0	0.0	0.0	0.0	0.0	33.14
rows-prefixes-24000000	df-16919-partial-12-depth-4-24m-prefixes	accept-groups	2	128g	fair	1	4	rows-prefixes-24000000-accept-groups-2-128g-fair-traced-4.trace.tsv	1	13.96	31.62	31.25	0.37	2.265	496	149099	13.947	4	0	PartiallySorted([0, 1])		0	0	0	18944.0	0	0.0	0.0	0.0	0.0	33.12
rows-concentrated-6000000	df-16919-partial-12-depth-4-6m-concentrated	original	2	256m	fair	0	4		1	6.31	15.27	13.8	1.47	2.42	804	82496	6.290	2	1	Linear		47	96	0	1961.7	0	605.6	1603.6	0.0	0.0	2.76
rows-concentrated-6000000	df-16919-partial-12-depth-4-6m-concentrated	original	2	256m	fair	1	4	rows-concentrated-6000000-original-2-256m-fair-traced-4.trace.tsv	1	6.0	14.7	13.43	1.27	2.45	830	65990	5.978	2	1	Linear		48	96	0	1950.9	0	605.6	1323.1	0.0	0.0	2.98
rows-concentrated-6000000	df-16919-partial-12-depth-4-6m-concentrated	original	2	32g	fair	0	4		1	2.97	7.98	7.36	0.62	2.687	3478	28244	2.946	2	1	Linear		42	0	0	896.2	0	605.6	0.0	0.0	0.0	1.21
rows-concentrated-6000000	df-16919-partial-12-depth-4-6m-concentrated	original	2	32g	fair	1	4	rows-concentrated-6000000-original-2-32g-fair-traced-4.trace.tsv	1	3.01	7.97	7.33	0.64	2.648	3652	36801	2.980	2	1	Linear		42	0	0	908.0	0	605.6	0.0	0.0	0.0	1.22
rows-concentrated-6000000	df-16919-partial-12-depth-4-6m-concentrated	accept-groups	2	256m	fair	0	4		1	3.13	7.29	7.17	0.12	2.329	543	30711	3.122	4	0	PartiallySorted([0, 1])		0	0	0	3276.8	0	0.0	0.0	0.0	0.0	6.92
rows-concentrated-6000000	df-16919-partial-12-depth-4-6m-concentrated	accept-groups	2	256m	fair	1	4	rows-concentrated-6000000-accept-groups-2-256m-fair-traced-4.trace.tsv	1	3.22	7.45	7.33	0.12	2.314	521	34484	3.204	4	0	PartiallySorted([0, 1])		0	0	0	3276.8	0	0.0	0.0	0.0	0.0	7.09
rows-concentrated-6000000	df-16919-partial-12-depth-4-6m-concentrated	accept-groups	2	32g	fair	0	4		1	3.12	7.22	7.11	0.11	2.314	528	25906	3.107	4	0	PartiallySorted([0, 1])		0	0	0	3276.8	0	0.0	0.0	0.0	0.0	6.82
rows-concentrated-6000000	df-16919-partial-12-depth-4-6m-concentrated	accept-groups	2	32g	fair	1	4	rows-concentrated-6000000-accept-groups-2-32g-fair-traced-4.trace.tsv	1	3.2	7.43	7.31	0.12	2.322	494	28574	3.195	4	0	PartiallySorted([0, 1])		0	0	0	3276.8	0	0.0	0.0	0.0	0.0	7.01
base	df-16919-partial-12-depth-4	original	2	256m	fair	0	4		1	0.58	1.45	1.31	0.14	2.5	526	2620	0.579	2	1	Linear		8	10	0	204.4	0	72.7	73.0	0.0	0.0	0.2407
base	df-16919-partial-12-depth-4	original	2	256m	fair	1	4	base-original-2-256m-fair-traced-4.trace.tsv	1	0.63	1.41	1.31	0.1	2.238	462	2554	0.621	2	1	Linear		7	10	0	200.2	0	72.7	73.0	0.0	0.0	0.1715
base	df-16919-partial-12-depth-4	original	2	512m	fair	0	4		1	0.61	1.44	1.31	0.13	2.361	517	2471	0.609	2	1	Linear		4	6	0	133.9	0	72.7	73.0	0.0	0.0	0.3153
base	df-16919-partial-12-depth-4	original	2	512m	fair	1	4	base-original-2-512m-fair-traced-4.trace.tsv	1	0.59	1.41	1.29	0.12	2.39	536	2583	0.586	2	1	Linear		4	6	0	137.2	0	72.7	73.0	0.0	0.0	0.3328
base	df-16919-partial-12-depth-4	original	2	2g	fair	1	5	base-original-2-2g-fair-traced-5.trace.tsv	1	0.38	0.86	0.79	0.07	2.263	626	2634	0.376	2	1	Linear		12	0	0	130.6	0	72.7	0.0	0.0	0.0	0.1086
base	df-16919-partial-12-depth-4	accept-groups	2	256m	fair	0	5		1	0.35	0.79	0.77	0.02	2.257	347	2608	0.346	4	0	PartiallySorted([0, 1])		0	0	0	470.9	0	0.0	0.0	0.0	0.0	0.806
base	df-16919-partial-12-depth-4	accept-groups	2	256m	fair	1	5	base-accept-groups-2-256m-fair-traced-5.trace.tsv	1	0.35	0.8	0.77	0.03	2.286	360	2504	0.346	4	0	PartiallySorted([0, 1])		0	0	0	470.9	0	0.0	0.0	0.0	0.0	0.7922
workaround	df-16919-partial-120-depth-120-rank	original	120	256m	fair	0	5		0	0.67	5.27	2.24	3.03	7.866	4376	6637					Resources exhausted: Additional allocation failed for OrderedFinalAggregateStream[53] with top memory consumers (across reservations) as:										
workaround	df-16919-partial-120-depth-120-rank	original	120	256m	fair	1	5	workaround-original-120-256m-fair-traced-5.trace.tsv	0	0.66	4.97	2.12	2.85	7.53	4148	6370					Resources exhausted: Additional allocation failed for OrderedFinalAggregateStream[25] with top memory consumers (across reservations) as:										
workaround	df-16919-partial-120-depth-120-rank	original	120	256m	greedy	0	5		0	0.15	0.64	0.27	0.37	4.267	481	3272					Resources exhausted: Additional allocation failed for RepartitionExec[Merge 18] with top memory consumers (across reservations) as:										
workaround	df-16919-partial-120-depth-120-rank	original	120	256m	greedy	1	5	workaround-original-120-256m-greedy-traced-5.trace.tsv	0	0.16	0.76	0.32	0.44	4.75	480	3350					Resources exhausted: Additional allocation failed for RepartitionExec[Merge 0] with top memory consumers (across reservations) as:										
workaround	df-16919-partial-120-depth-120-rank	original	120	2g	fair	0	5		0	0.55	4.51	1.96	2.55	8.2	3566	6654					Resources exhausted: Additional allocation failed for OrderedFinalAggregateStream[68] with top memory consumers (across reservations) as:										
workaround	df-16919-partial-120-depth-120-rank	original	120	2g	fair	1	5	workaround-original-120-2g-fair-traced-5.trace.tsv	0	0.55	4.42	2.03	2.39	8.036	3462	6307					Resources exhausted: Additional allocation failed for OrderedFinalAggregateStream[30] with top memory consumers (across reservations) as:										
workaround	df-16919-partial-120-depth-120-rank	original	120	2g	greedy	0	5		0	0.13	0.77	0.42	0.35	5.923	575	4659					Resources exhausted: Additional allocation failed for RepartitionExec[Merge 85] with top memory consumers (across reservations) as:										
workaround	df-16919-partial-120-depth-120-rank	original	120	2g	greedy	1	5	workaround-original-120-2g-greedy-traced-5.trace.tsv	0	0.13	0.75	0.47	0.28	5.769	516	5451					Resources exhausted: Additional allocation failed for RepartitionExec[Merge 4] with top memory consumers (across reservations) as:										
many-streams	df-16919-partial-1200-depth-1200-rank	original	2	128m	fair	0	5		1	0.74	1.8	1.57	0.23	2.432	587	31460	0.701	2	1	Linear		16	22	0	163.3	0	72.7	140.0	0.0	0.0	0.1302
many-streams	df-16919-partial-1200-depth-1200-rank	original	2	128m	fair	1	5	many-streams-original-2-128m-fair-traced-5.trace.tsv	1	0.75	1.8	1.53	0.27	2.4	562	35275	0.714	2	1	Linear		16	22	0	164.1	0	72.7	138.6	0.0	0.0	0.1143
many-streams	df-16919-partial-1200-depth-1200-rank	original	2	128m	greedy	0	5		0	0.52	1.26	1.09	0.17	2.423	525	42705					Resources exhausted: Additional allocation failed for FinalHashAggregateStream[0] with top memory consumers (across reservations) as:										
many-streams	df-16919-partial-1200-depth-1200-rank	original	2	128m	greedy	1	5	many-streams-original-2-128m-greedy-traced-5.trace.tsv	0	0.54	1.27	1.12	0.15	2.352	523	44773					Resources exhausted: Additional allocation failed for FinalHashAggregateStream[1] with top memory consumers (across reservations) as:										
many-streams	df-16919-partial-1200-depth-1200-rank	accept-groups	2	128m	fair	0	5		1	0.84	2.91	2.16	0.75	3.464	1738	5143	0.796	1196	0	PartiallySorted([0, 1])		0	26	2290	1477.2	0	0.0	94.0	0.0	77.3	7.04
many-streams	df-16919-partial-1200-depth-1200-rank	accept-groups	2	128m	fair	1	5	many-streams-accept-groups-2-128m-fair-traced-5.trace.tsv	1	0.84	3.21	2.29	0.92	3.821	2152	7431	0.784	1196	0	PartiallySorted([0, 1])		0	26	2290	1475.4	0	0.0	94.0	0.0	77.3	3.25
many-streams	df-16919-partial-1200-depth-1200-rank	accept-groups	2	128m	greedy	0	5		0	0.16	1.13	0.79	0.34	7.063	627	42457					Resources exhausted: Additional allocation failed for RepartitionExec[Merge 1] with top memory consumers (across reservations) as:										
many-streams	df-16919-partial-1200-depth-1200-rank	accept-groups	2	128m	greedy	1	5	many-streams-accept-groups-2-128m-greedy-traced-5.trace.tsv	0	0.16	1.1	0.76	0.34	6.875	628	36211					Resources exhausted: Additional allocation failed for RepartitionExec[Merge 0] with top memory consumers (across reservations) as:										
streams-150	df-16919-partial-150-depth-150-rank	accept-groups	2	128m	fair	0	5		1	0.65	2.26	1.82	0.44	3.477	849	3835	0.640	150	0	PartiallySorted([0, 1])		0	55	223	1175.4	0	0.0	142.4	0.0	53.8	1.58
streams-150	df-16919-partial-150-depth-150-rank	accept-groups	2	128m	fair	1	5	streams-150-accept-groups-2-128m-fair-traced-5.trace.tsv	1	0.65	2.27	1.81	0.46	3.492	876	4122	0.635	150	0	PartiallySorted([0, 1])		0	55	233	1222.3	0	0.0	133.4	0.0	57.3	1.37
streams-300	df-16919-partial-300-depth-300-rank	accept-groups	2	128m	fair	0	5		1	0.66	2.22	1.79	0.43	3.364	922	3694	0.642	300	0	PartiallySorted([0, 1])		0	28	505	1314.5	0	0.0	96.9	0.0	62.3	1.05
streams-300	df-16919-partial-300-depth-300-rank	accept-groups	2	128m	fair	1	5	streams-300-accept-groups-2-128m-fair-traced-5.trace.tsv	1	0.74	1.98	1.53	0.45	2.676	880	3697	0.717	300	0	PartiallySorted([0, 1])		0	20	545	1380.2	0	0.0	95.0	0.0	67.1	1.48
streams-600	df-16919-partial-600-depth-600-rank	accept-groups	2	128m	fair	0	5		1	0.73	2.54	1.89	0.65	3.479	1641	5109	0.702	599	0	PartiallySorted([0, 1])		0	24	1150	1428.0	0	0.0	88.0	0.0	71.6	5.3
streams-600	df-16919-partial-600-depth-600-rank	accept-groups	2	128m	fair	1	5	streams-600-accept-groups-2-128m-fair-traced-5.trace.tsv	1	0.74	2.47	1.86	0.61	3.338	1393	4534	0.706	599	0	PartiallySorted([0, 1])		0	26	1110	1404.7	0	0.0	94.0	0.0	69.9	2.8
rows-base-600000	df-16919-partial-12-depth-4	original	2	256m	fair	0	5		1	0.61	1.45	1.31	0.14	2.377	502	2315	0.609	2	1	Linear		7	10	0	214.5	0	72.7	73.0	0.0	0.0	0.2454
rows-base-600000	df-16919-partial-12-depth-4	original	2	256m	fair	1	5	rows-base-600000-original-2-256m-fair-traced-5.trace.tsv	1	0.6	1.44	1.33	0.11	2.4	473	2768	0.591	2	1	Linear		7	10	0	212.9	0	72.7	73.0	0.0	0.0	0.2218
rows-base-600000	df-16919-partial-12-depth-4	original	2	4g	fair	0	5		1	0.33	0.87	0.79	0.08	2.636	629	2676	0.326	2	1	Linear		6	0	0	133.7	0	72.7	0.0	0.0	0.0	0.1296
rows-base-600000	df-16919-partial-12-depth-4	original	2	4g	fair	1	5	rows-base-600000-original-2-4g-fair-traced-5.trace.tsv	1	0.36	0.87	0.8	0.07	2.417	657	2680	0.353	2	1	Linear		6	0	0	132.3	0	72.7	0.0	0.0	0.0	0.1247
rows-base-600000	df-16919-partial-12-depth-4	accept-groups	2	256m	fair	0	5		1	0.35	0.79	0.76	0.03	2.257	341	2456	0.346	4	0	PartiallySorted([0, 1])		0	0	0	470.9	0	0.0	0.0	0.0	0.0	0.8035
rows-base-600000	df-16919-partial-12-depth-4	accept-groups	2	256m	fair	1	5	rows-base-600000-accept-groups-2-256m-fair-traced-5.trace.tsv	1	0.36	0.79	0.76	0.03	2.194	345	2517	0.361	4	0	PartiallySorted([0, 1])		0	0	0	470.9	0	0.0	0.0	0.0	0.0	0.8234
rows-base-600000	df-16919-partial-12-depth-4	accept-groups	2	4g	fair	0	5		1	0.35	0.79	0.75	0.04	2.257	359	2636	0.347	4	0	PartiallySorted([0, 1])		0	0	0	470.9	0	0.0	0.0	0.0	0.0	0.8064
rows-base-600000	df-16919-partial-12-depth-4	accept-groups	2	4g	fair	1	5	rows-base-600000-accept-groups-2-4g-fair-traced-5.trace.tsv	1	0.36	0.8	0.76	0.04	2.222	335	2453	0.359	4	0	PartiallySorted([0, 1])		0	0	0	470.9	0	0.0	0.0	0.0	0.0	0.8264
rows-keys-per-prefix-6000000	df-16919-partial-12-depth-4-6m	original	2	256m	fair	0	5		1	6.73	16.11	14.46	1.65	2.394	738	86033	6.714	2	1	Linear		54	102	0	2048.0	0	726.8	1854.7	0.0	0.0	2.59
rows-keys-per-prefix-6000000	df-16919-partial-12-depth-4-6m	original	2	256m	fair	1	5	rows-keys-per-prefix-6000000-original-2-256m-fair-traced-5.trace.tsv	1	6.68	16.2	14.64	1.56	2.425	808	76837	6.664	2	1	Linear		54	102	0	2048.0	0	726.8	1852.7	0.0	0.0	2.31
rows-keys-per-prefix-6000000	df-16919-partial-12-depth-4-6m	original	2	32g	fair	0	5		1	3.6	8.89	8.21	0.68	2.469	3478	32876	3.574	2	1	Linear		43	0	0	910.2	0	726.8	0.0	0.0	0.0	1.09
rows-keys-per-prefix-6000000	df-16919-partial-12-depth-4-6m	original	2	32g	fair	1	5	rows-keys-per-prefix-6000000-original-2-32g-fair-traced-5.trace.tsv	1	3.21	8.67	7.95	0.72	2.701	3716	34089	3.184	2	1	Linear		52	0	0	906.6	0	726.8	0.0	0.0	0.0	1.04
rows-keys-per-prefix-6000000	df-16919-partial-12-depth-4-6m	accept-groups	2	256m	fair	0	5		1	3.81	7.83	7.71	0.12	2.055	521	32478	3.801	4	0	PartiallySorted([0, 1])		0	0	1	4710.4	0	0.0	0.0	0.0	0.5	9.11
rows-keys-per-prefix-6000000	df-16919-partial-12-depth-4-6m	accept-groups	2	256m	fair	1	5	rows-keys-per-prefix-6000000-accept-groups-2-256m-fair-traced-5.trace.tsv	1	3.7	7.61	7.52	0.09	2.057	476	26846	3.691	4	0	PartiallySorted([0, 1])		0	0	1	4710.4	0	0.0	0.0	0.0	0.5	8.84
rows-keys-per-prefix-6000000	df-16919-partial-12-depth-4-6m	accept-groups	2	32g	fair	0	5		1	3.7	7.7	7.62	0.08	2.081	494	24503	3.687	4	0	PartiallySorted([0, 1])		0	0	0	4710.4	0	0.0	0.0	0.0	0.0	8.81
rows-keys-per-prefix-6000000	df-16919-partial-12-depth-4-6m	accept-groups	2	32g	fair	1	5	rows-keys-per-prefix-6000000-accept-groups-2-32g-fair-traced-5.trace.tsv	1	3.76	7.85	7.74	0.11	2.088	483	34364	3.752	4	0	PartiallySorted([0, 1])		0	0	0	4710.4	0	0.0	0.0	0.0	0.0	9.02
rows-keys-per-prefix-24000000	df-16919-partial-12-depth-4-24m	original	2	256m	fair	0	5		1	27.4	69.32	61.5	7.82	2.53	853	344959	27.377	2	1	Linear		221	407	0	8192.0	0	5632.0	8704.0	0.0	0.0	10.29
rows-keys-per-prefix-24000000	df-16919-partial-12-depth-4-24m	original	2	256m	fair	1	5	rows-keys-per-prefix-24000000-original-2-256m-fair-traced-5.trace.tsv	1	28.03	69.22	61.55	7.67	2.469	913	376114	28.004	2	1	Linear		220	408	0	8089.6	0	5222.4	8396.8	0.0	0.0	11.0
rows-keys-per-prefix-24000000	df-16919-partial-12-depth-4-24m	original	2	128g	fair	0	5		1	13.03	35.83	32.44	3.39	2.75	13826	285506	12.977	2	1	Linear		181	0	0	3481.6	0	2867.2	0.0	0.0	0.0	4.41
rows-keys-per-prefix-24000000	df-16919-partial-12-depth-4-24m	original	2	128g	fair	1	5	rows-keys-per-prefix-24000000-original-2-128g-fair-traced-5.trace.tsv	1	12.83	35.29	32.1	3.19	2.751	13065	307289	12.781	2	1	Linear		180	0	0	3481.6	0	2867.2	0.0	0.0	0.0	4.59
rows-keys-per-prefix-24000000	df-16919-partial-12-depth-4-24m	accept-groups	2	256m	fair	0	5		1	15.44	31.35	31.0	0.35	2.03	485	131502	15.427	4	0	PartiallySorted([0, 1])		0	0	0	18841.6	0	0.0	0.0	0.0	0.0	37.22
rows-keys-per-prefix-24000000	df-16919-partial-12-depth-4-24m	accept-groups	2	256m	fair	1	5	rows-keys-per-prefix-24000000-accept-groups-2-256m-fair-traced-5.trace.tsv	1	15.32	31.22	30.83	0.39	2.038	494	149932	15.306	4	0	PartiallySorted([0, 1])		0	0	0	18841.6	0	0.0	0.0	0.0	0.0	36.81
rows-keys-per-prefix-24000000	df-16919-partial-12-depth-4-24m	accept-groups	2	128g	fair	0	5		1	15.07	30.15	29.78	0.37	2.001	467	148764	15.062	4	0	PartiallySorted([0, 1])		0	0	0	18841.6	0	0.0	0.0	0.0	0.0	36.79
rows-keys-per-prefix-24000000	df-16919-partial-12-depth-4-24m	accept-groups	2	128g	fair	1	5	rows-keys-per-prefix-24000000-accept-groups-2-128g-fair-traced-5.trace.tsv	1	15.65	31.9	31.49	0.41	2.038	505	155535	15.637	4	0	PartiallySorted([0, 1])		0	0	0	18841.6	0	0.0	0.0	0.0	0.0	37.92
rows-prefixes-6000000	df-16919-partial-12-depth-4-6m-prefixes	original	2	256m	fair	0	5		1	6.41	16.14	14.47	1.67	2.518	806	83179	6.386	2	1	Linear		60	102	0	2150.4	0	727.1	1852.3	0.0	0.0	2.62
rows-prefixes-6000000	df-16919-partial-12-depth-4-6m-prefixes	original	2	256m	fair	1	5	rows-prefixes-6000000-original-2-256m-fair-traced-5.trace.tsv	1	6.47	16.27	14.54	1.73	2.515	820	90312	6.444	2	1	Linear		60	102	0	2150.4	0	727.1	1852.8	0.0	0.0	2.28
rows-prefixes-6000000	df-16919-partial-12-depth-4-6m-prefixes	original	2	32g	fair	0	5		1	3.17	8.77	8.05	0.72	2.767	3782	31192	3.142	2	1	Linear		47	0	0	904.4	0	727.1	0.0	0.0	0.0	1.13
rows-prefixes-6000000	df-16919-partial-12-depth-4-6m-prefixes	original	2	32g	fair	1	5	rows-prefixes-6000000-original-2-32g-fair-traced-5.trace.tsv	1	3.19	8.68	7.95	0.73	2.721	3714	41389	3.169	2	1	Linear		49	0	0	902.3	0	727.1	0.0	0.0	0.0	1.11
rows-prefixes-6000000	df-16919-partial-12-depth-4-6m-prefixes	accept-groups	2	256m	fair	0	5		1	3.51	7.83	7.73	0.1	2.231	487	26951	3.505	4	0	PartiallySorted([0, 1])		0	0	2	4710.4	0	0.0	0.0	0.0	0.0	8.23
rows-prefixes-6000000	df-16919-partial-12-depth-4-6m-prefixes	accept-groups	2	256m	fair	1	5	rows-prefixes-6000000-accept-groups-2-256m-fair-traced-5.trace.tsv	1	3.47	7.66	7.57	0.09	2.207	421	25268	3.459	4	0	PartiallySorted([0, 1])		0	0	2	4710.4	0	0.0	0.0	0.0	0.0	8.11
rows-prefixes-6000000	df-16919-partial-12-depth-4-6m-prefixes	accept-groups	2	32g	fair	0	5		1	3.42	7.57	7.47	0.1	2.213	461	27953	3.415	4	0	PartiallySorted([0, 1])		0	0	0	4710.4	0	0.0	0.0	0.0	0.0	7.92
rows-prefixes-6000000	df-16919-partial-12-depth-4-6m-prefixes	accept-groups	2	32g	fair	1	5	rows-prefixes-6000000-accept-groups-2-32g-fair-traced-5.trace.tsv	1	3.47	7.63	7.54	0.09	2.199	443	26335	3.465	4	0	PartiallySorted([0, 1])		0	0	0	4710.4	0	0.0	0.0	0.0	0.0	8.12
rows-prefixes-24000000	df-16919-partial-12-depth-4-24m-prefixes	original	2	256m	fair	0	5		1	26.92	68.78	61.09	7.69	2.555	883	327562	26.897	2	1	Linear		247	409	0	8499.2	0	5324.8	8396.8	0.0	0.0	10.0
rows-prefixes-24000000	df-16919-partial-12-depth-4-24m-prefixes	original	2	256m	fair	1	5	rows-prefixes-24000000-original-2-256m-fair-traced-5.trace.tsv	1	26.99	68.45	60.85	7.6	2.536	863	363400	26.964	2	1	Linear		247	410	0	8499.2	0	5324.8	8294.4	0.0	0.0	10.21
rows-prefixes-24000000	df-16919-partial-12-depth-4-24m-prefixes	original	2	128g	fair	0	5		1	13.02	36.81	33.54	3.27	2.827	13396	297248	12.977	2	1	Linear		181	0	0	3481.6	0	2867.2	0.0	0.0	0.0	4.51
rows-prefixes-24000000	df-16919-partial-12-depth-4-24m-prefixes	original	2	128g	fair	1	5	rows-prefixes-24000000-original-2-128g-fair-traced-5.trace.tsv	1	12.73	36.65	33.39	3.26	2.879	13059	292562	12.689	2	1	Linear		181	0	0	3481.6	0	2867.2	0.0	0.0	0.0	4.24
rows-prefixes-24000000	df-16919-partial-12-depth-4-24m-prefixes	accept-groups	2	256m	fair	0	5		1	13.91	31.56	31.19	0.37	2.269	496	152718	13.901	4	0	PartiallySorted([0, 1])		0	0	0	18944.0	0	0.0	0.0	0.0	0.0	32.94
rows-prefixes-24000000	df-16919-partial-12-depth-4-24m-prefixes	accept-groups	2	256m	fair	1	5	rows-prefixes-24000000-accept-groups-2-256m-fair-traced-5.trace.tsv	1	13.64	30.61	30.28	0.33	2.244	498	119129	13.627	4	0	PartiallySorted([0, 1])		0	0	0	18944.0	0	0.0	0.0	0.0	0.0	32.46
rows-prefixes-24000000	df-16919-partial-12-depth-4-24m-prefixes	accept-groups	2	128g	fair	0	5		1	13.9	31.53	31.16	0.37	2.268	481	148995	13.884	4	0	PartiallySorted([0, 1])		0	0	0	18944.0	0	0.0	0.0	0.0	0.0	33.0
rows-prefixes-24000000	df-16919-partial-12-depth-4-24m-prefixes	accept-groups	2	128g	fair	1	5	rows-prefixes-24000000-accept-groups-2-128g-fair-traced-5.trace.tsv	1	14.22	32.11	31.72	0.39	2.258	509	151933	14.206	4	0	PartiallySorted([0, 1])		0	0	0	18944.0	0	0.0	0.0	0.0	0.0	33.89
rows-concentrated-6000000	df-16919-partial-12-depth-4-6m-concentrated	original	2	256m	fair	0	5		1	5.9	14.85	13.56	1.29	2.517	811	72543	5.882	2	1	Linear		48	95	0	1934.5	0	605.6	1330.0	0.0	0.0	2.9
rows-concentrated-6000000	df-16919-partial-12-depth-4-6m-concentrated	original	2	256m	fair	1	5	rows-concentrated-6000000-original-2-256m-fair-traced-5.trace.tsv	1	5.89	14.89	13.57	1.32	2.528	827	80748	5.871	2	1	Linear		48	94	1	1968.9	0	605.6	1328.4	0.0	0.5	2.85
rows-concentrated-6000000	df-16919-partial-12-depth-4-6m-concentrated	original	2	32g	fair	0	5		1	2.81	8.0	7.37	0.63	2.847	3392	30508	2.790	2	1	Linear		42	0	0	893.5	0	605.6	0.0	0.0	0.0	1.01
rows-concentrated-6000000	df-16919-partial-12-depth-4-6m-concentrated	original	2	32g	fair	1	5	rows-concentrated-6000000-original-2-32g-fair-traced-5.trace.tsv	1	2.99	8.11	7.45	0.66	2.712	3597	29020	2.961	2	1	Linear		42	0	0	892.1	0	605.6	0.0	0.0	0.0	1.2
rows-concentrated-6000000	df-16919-partial-12-depth-4-6m-concentrated	accept-groups	2	256m	fair	0	5		1	3.13	7.21	7.09	0.12	2.304	553	30464	3.115	4	0	PartiallySorted([0, 1])		0	0	0	3276.8	0	0.0	0.0	0.0	0.0	6.8
rows-concentrated-6000000	df-16919-partial-12-depth-4-6m-concentrated	accept-groups	2	256m	fair	1	5	rows-concentrated-6000000-accept-groups-2-256m-fair-traced-5.trace.tsv	1	3.2	7.4	7.31	0.09	2.312	483	31637	3.194	4	0	PartiallySorted([0, 1])		0	0	0	3276.8	0	0.0	0.0	0.0	0.0	7.1
rows-concentrated-6000000	df-16919-partial-12-depth-4-6m-concentrated	accept-groups	2	32g	fair	0	5		1	3.18	7.28	7.17	0.11	2.289	580	29332	3.168	4	0	PartiallySorted([0, 1])		0	0	0	3276.8	0	0.0	0.0	0.0	0.0	7.02
rows-concentrated-6000000	df-16919-partial-12-depth-4-6m-concentrated	accept-groups	2	32g	fair	1	5	rows-concentrated-6000000-accept-groups-2-32g-fair-traced-5.trace.tsv	1	3.16	7.34	7.23	0.11	2.323	529	29597	3.149	4	0	PartiallySorted([0, 1])		0	0	0	3276.8	0	0.0	0.0	0.0	0.0	6.87
base	df-16919-partial-12-depth-4	original	2	256m	fair	0	5		1	0.62	1.48	1.35	0.13	2.387	513	2587	0.615	2	1	Linear		7	10	0	209.4	0	72.7	73.0	0.0	0.0	0.2336
base	df-16919-partial-12-depth-4	original	2	256m	fair	1	5	base-original-2-256m-fair-traced-5.trace.tsv	1	0.59	1.44	1.3	0.14	2.441	511	2804	0.585	2	1	Linear		8	10	0	212.9	0	72.7	73.0	0.0	0.0	0.2262
base	df-16919-partial-12-depth-4	original	2	512m	fair	0	5		1	0.62	1.43	1.3	0.13	2.306	533	2555	0.615	2	1	Linear		4	6	0	126.8	0	72.7	73.0	0.0	0.0	0.1583
base	df-16919-partial-12-depth-4	original	2	512m	fair	1	5	base-original-2-512m-fair-traced-5.trace.tsv	1	0.66	1.41	1.3	0.11	2.136	535	2410	0.652	2	1	Linear		4	6	0	127.7	0	72.7	73.0	0.0	0.0	0.2262
base	df-16919-partial-12-depth-4	original	2	2g	fair	0	5		1	0.35	0.85	0.77	0.08	2.429	598	2790	0.347	2	1	Linear		11	0	0	128.5	0	72.7	0.0	0.0	0.0	0.0864
