query	pool	variant	run	ok	wall_s	cpu_s	user_s	sys_s	cores	rss_mb	minor_faults	elapsed_s	scan_groups	sort_exec	final_mode	error	sort_spills	final_agg_spills	repartition_spills	repartition_out_mb	partial_agg_spills	sort_spill_mb	final_agg_spill_mb	partial_agg_spill_mb	repartition_spill_mb	repartition_send_s
Q3	512m	accept-groups	1	1	0.37	0.79	0.76	0.03	2.135	326	2360	0.364	4	0	PartiallySorted([0, 1])		0	0	0	470.9	0	0.0	0.0	0.0	0.0	0.848
Q3	512m	original-target	1	1	0.27	0.85	0.81	0.04	3.148	431	2555	0.266	4	0	PartiallySorted([0, 1])		0	0	0	635.8	0	0.0	0.0	0.0	0.0	0.4975
Q3	1g	original	1	1	0.71	1.37	1.3	0.07	1.93	639	2575	0.703	2	1	Linear		0	4	0	130.4	0	0.0	73.0	0.0	0.0	0.1239
Q3	1g	accept-groups	1	1	0.36	0.79	0.76	0.03	2.194	385	2520	0.352	4	0	PartiallySorted([0, 1])		0	0	0	470.9	0	0.0	0.0	0.0	0.0	0.8192
Q3	1g	original-target	1	1	0.27	0.86	0.82	0.04	3.185	441	2625	0.270	4	0	PartiallySorted([0, 1])		0	0	0	635.8	0	0.0	0.0	0.0	0.0	0.5048
Q3	2g	original	1	1	0.38	0.88	0.8	0.08	2.316	596	2625	0.371	2	1	Linear		12	0	0	133.1	0	72.7	0.0	0.0	0.0	0.1313
Q3	2g	accept-groups	1	1	0.36	0.81	0.78	0.03	2.25	365	2473	0.360	4	0	PartiallySorted([0, 1])		0	0	0	470.9	0	0.0	0.0	0.0	0.0	0.842
Q3	2g	original-target	1	1	0.26	0.83	0.8	0.03	3.192	421	2609	0.258	4	0	PartiallySorted([0, 1])		0	0	0	635.8	0	0.0	0.0	0.0	0.0	0.4847
Q3	4g	original	1	1	0.34	0.88	0.81	0.07	2.588	630	2630	0.340	2	1	Linear		6	0	0	133.8	0	72.7	0.0	0.0	0.0	0.1301
Q3	4g	accept-groups	1	1	0.36	0.8	0.76	0.04	2.222	355	2621	0.353	4	0	PartiallySorted([0, 1])		0	0	0	470.9	0	0.0	0.0	0.0	0.0	0.8207
Q3	4g	original-target	1	1	0.25	0.82	0.78	0.04	3.28	427	2616	0.246	4	0	PartiallySorted([0, 1])		0	0	0	635.8	0	0.0	0.0	0.0	0.0	0.4376
Q5	512m	original	1	1	0.58	1.22	1.15	0.07	2.103	477	2331	0.572	2	0	Linear		0	4	0	132.2	0	0.0	73.0	0.0	0.0	0.1187
Q5	512m	accept-groups	1	1	0.31	0.77	0.74	0.03	2.484	324	2596	0.304	4	0	PartiallySorted([0, 1])		0	0	0	470.9	0	0.0	0.0	0.0	0.0	0.6466
Q5	512m	original-target	1	1	0.25	0.83	0.8	0.03	3.32	360	2499	0.244	4	0	PartiallySorted([0, 1])		0	0	0	635.8	0	0.0	0.0	0.0	0.0	0.4109
Q5	1g	original	1	1	0.3	0.66	0.62	0.04	2.2	610	2603	0.299	2	0	Linear		0	0	0	132.2	0	0.0	0.0	0.0	0.0	0.1238
Q5	1g	accept-groups	1	1	0.34	0.8	0.77	0.03	2.353	323	2674	0.336	4	0	PartiallySorted([0, 1])		0	0	0	470.9	0	0.0	0.0	0.0	0.0	0.7305
Q5	1g	original-target	1	1	0.26	0.9	0.86	0.04	3.462	414	2596	0.257	4	0	PartiallySorted([0, 1])		0	0	0	635.8	0	0.0	0.0	0.0	0.0	0.4562
Q5	2g	original	1	1	0.32	0.68	0.64	0.04	2.125	640	2592	0.319	2	0	Linear		0	0	0	132.2	0	0.0	0.0	0.0	0.0	0.137
Q5	2g	accept-groups	1	1	0.31	0.77	0.75	0.02	2.484	311	2455	0.306	4	0	PartiallySorted([0, 1])		0	0	0	470.9	0	0.0	0.0	0.0	0.0	0.6635
Q5	2g	original-target	1	1	0.25	0.87	0.83	0.04	3.48	375	2534	0.246	4	0	PartiallySorted([0, 1])		0	0	0	635.8	0	0.0	0.0	0.0	0.0	0.413
Q5	4g	original	1	1	0.31	0.66	0.63	0.03	2.129	568	2523	0.307	2	0	Linear		0	0	0	127.7	0	0.0	0.0	0.0	0.0	0.1215
Q5	4g	accept-groups	1	1	0.33	0.79	0.76	0.03	2.394	318	2508	0.323	4	0	PartiallySorted([0, 1])		0	0	0	470.9	0	0.0	0.0	0.0	0.0	0.6896
Q5	4g	original-target	1	1	0.24	0.83	0.79	0.04	3.458	373	2566	0.233	4	0	PartiallySorted([0, 1])		0	0	0	635.8	0	0.0	0.0	0.0	0.0	0.3739
Q3	512m	original	1	1	0.68	1.43	1.32	0.11	2.103	518	2461	0.677	2	1	Linear		4	6	0	126.7	0	72.7	73.0	0.0	0.0	0.1358
Q3	512m	original-target	2	1	0.28	0.85	0.81	0.04	3.036	437	2546	0.272	4	0	PartiallySorted([0, 1])		0	0	0	635.8	0	0.0	0.0	0.0	0.0	0.5215
Q3	1g	original	2	1	0.63	1.38	1.28	0.1	2.19	714	2688	0.627	2	1	Linear		0	4	0	125.6	0	0.0	73.0	0.0	0.0	0.2368
Q3	1g	accept-groups	2	1	0.36	0.82	0.79	0.03	2.278	358	2580	0.359	4	0	PartiallySorted([0, 1])		0	0	0	470.9	0	0.0	0.0	0.0	0.0	0.8265
Q3	1g	original-target	2	1	0.27	0.84	0.8	0.04	3.111	424	2591	0.268	4	0	PartiallySorted([0, 1])		0	0	0	635.8	0	0.0	0.0	0.0	0.0	0.499
Q3	2g	original	2	1	0.37	0.86	0.77	0.09	2.324	627	2650	0.360	2	1	Linear		12	0	0	130.2	0	72.7	0.0	0.0	0.0	0.1363
Q3	2g	accept-groups	2	1	0.36	0.79	0.77	0.02	2.194	337	2490	0.359	4	0	PartiallySorted([0, 1])		0	0	0	470.9	0	0.0	0.0	0.0	0.0	0.828
Q3	2g	original-target	2	1	0.26	0.83	0.79	0.04	3.192	417	2473	0.258	4	0	PartiallySorted([0, 1])		0	0	0	635.8	0	0.0	0.0	0.0	0.0	0.4707
Q3	4g	original	2	1	0.33	0.86	0.79	0.07	2.606	629	2665	0.328	2	1	Linear		6	0	0	131.0	0	72.7	0.0	0.0	0.0	0.1252
Q3	4g	accept-groups	2	1	0.36	0.81	0.77	0.04	2.25	358	2534	0.356	4	0	PartiallySorted([0, 1])		0	0	0	470.9	0	0.0	0.0	0.0	0.0	0.8384
Q3	4g	original-target	2	1	0.27	0.85	0.81	0.04	3.148	417	2436	0.262	4	0	PartiallySorted([0, 1])		0	0	0	635.8	0	0.0	0.0	0.0	0.0	0.4971
Q5	512m	original	2	1	0.53	1.22	1.14	0.08	2.302	493	2536	0.521	2	0	Linear		0	4	0	134.0	0	0.0	73.0	0.0	0.0	0.2166
Q5	512m	accept-groups	2	1	0.31	0.79	0.76	0.03	2.548	351	2567	0.306	4	0	PartiallySorted([0, 1])		0	0	0	470.9	0	0.0	0.0	0.0	0.0	0.6586
Q5	512m	original-target	2	1	0.26	0.84	0.8	0.04	3.231	354	2479	0.259	4	0	PartiallySorted([0, 1])		0	0	0	635.8	0	0.0	0.0	0.0	0.0	0.4783
Q5	1g	original	2	1	0.56	1.24	1.16	0.08	2.214	695	2671	0.552	2	0	Linear		0	4	0	134.6	0	0.0	73.0	0.0	0.0	0.2324
Q5	1g	accept-groups	2	1	0.31	0.78	0.73	0.05	2.516	340	2475	0.309	4	0	PartiallySorted([0, 1])		0	0	0	470.9	0	0.0	0.0	0.0	0.0	0.6683
Q5	1g	original-target	2	1	0.25	0.87	0.83	0.04	3.48	413	2515	0.246	4	0	PartiallySorted([0, 1])		0	0	0	635.8	0	0.0	0.0	0.0	0.0	0.4208
Q5	2g	original	2	1	0.3	0.66	0.63	0.03	2.2	620	2607	0.295	2	0	Linear		0	0	0	130.3	0	0.0	0.0	0.0	0.0	0.1125
Q5	2g	accept-groups	2	1	0.3	0.78	0.76	0.02	2.6	315	2361	0.298	4	0	PartiallySorted([0, 1])		0	0	0	470.9	0	0.0	0.0	0.0	0.0	0.6474
Q5	2g	original-target	2	1	0.26	0.86	0.83	0.03	3.308	358	2432	0.253	4	0	PartiallySorted([0, 1])		0	0	0	635.8	0	0.0	0.0	0.0	0.0	0.4458
Q5	4g	original	2	1	0.31	0.67	0.62	0.05	2.161	624	2750	0.303	2	0	Linear		0	0	0	129.7	0	0.0	0.0	0.0	0.0	0.1233
Q5	4g	accept-groups	2	1	0.31	0.76	0.73	0.03	2.452	333	2442	0.304	4	0	PartiallySorted([0, 1])		0	0	0	470.9	0	0.0	0.0	0.0	0.0	0.6609
Q5	4g	original-target	2	1	0.25	0.81	0.78	0.03	3.24	367	2562	0.245	4	0	PartiallySorted([0, 1])		0	0	0	635.8	0	0.0	0.0	0.0	0.0	0.4417
Q3	512m	original	2	1	0.64	1.44	1.33	0.11	2.25	542	2476	0.635	2	1	Linear		4	6	0	129.5	0	72.7	73.0	0.0	0.0	0.2933
Q3	512m	accept-groups	2	1	0.36	0.8	0.76	0.04	2.222	347	2524	0.352	4	0	PartiallySorted([0, 1])		0	0	0	470.9	0	0.0	0.0	0.0	0.0	0.8267
Q3	1g	original	3	1	0.61	1.37	1.27	0.1	2.246	745	2700	0.604	2	1	Linear		0	4	0	124.7	0	0.0	73.0	0.0	0.0	0.228
Q3	1g	accept-groups	3	1	0.37	0.82	0.78	0.04	2.216	354	2351	0.363	4	0	PartiallySorted([0, 1])		0	0	0	470.9	0	0.0	0.0	0.0	0.0	0.8443
Q3	1g	original-target	3	1	0.27	0.85	0.81	0.04	3.148	419	2550	0.262	4	0	PartiallySorted([0, 1])		0	0	0	635.8	0	0.0	0.0	0.0	0.0	0.4834
Q3	2g	original	3	1	0.37	0.87	0.81	0.06	2.351	619	2614	0.370	2	1	Linear		12	0	0	131.3	0	72.7	0.0	0.0	0.0	0.1197
Q3	2g	accept-groups	3	1	0.36	0.8	0.77	0.03	2.222	353	2471	0.353	4	0	PartiallySorted([0, 1])		0	0	0	470.9	0	0.0	0.0	0.0	0.0	0.8167
Q3	2g	original-target	3	1	0.27	0.82	0.77	0.05	3.037	419	2615	0.261	4	0	PartiallySorted([0, 1])		0	0	0	635.8	0	0.0	0.0	0.0	0.0	0.496
Q3	4g	original	3	1	0.36	0.88	0.8	0.08	2.444	655	2659	0.357	2	1	Linear		6	0	0	131.3	0	72.7	0.0	0.0	0.0	0.1093
Q3	4g	accept-groups	3	1	0.37	0.84	0.8	0.04	2.27	362	2479	0.361	4	0	PartiallySorted([0, 1])		0	0	0	470.9	0	0.0	0.0	0.0	0.0	0.8506
Q3	4g	original-target	3	1	0.27	0.82	0.79	0.03	3.037	391	2441	0.262	4	0	PartiallySorted([0, 1])		0	0	0	635.8	0	0.0	0.0	0.0	0.0	0.4925
Q5	512m	original	3	1	0.58	1.22	1.15	0.07	2.103	509	2547	0.580	2	0	Linear		0	4	0	131.4	0	0.0	73.0	0.0	0.0	0.1728
Q5	512m	accept-groups	3	1	0.31	0.77	0.74	0.03	2.484	343	2548	0.307	4	0	PartiallySorted([0, 1])		0	0	0	470.9	0	0.0	0.0	0.0	0.0	0.6505
Q5	512m	original-target	3	1	0.24	0.83	0.8	0.03	3.458	374	2534	0.235	4	0	PartiallySorted([0, 1])		0	0	0	635.8	0	0.0	0.0	0.0	0.0	0.4149
Q5	1g	original	3	1	0.57	1.27	1.21	0.06	2.228	637	2625	0.568	2	0	Linear		0	4	0	134.6	0	0.0	73.0	0.0	0.0	0.3454
Q5	1g	accept-groups	3	1	0.31	0.78	0.75	0.03	2.516	317	2340	0.304	4	0	PartiallySorted([0, 1])		0	0	0	470.9	0	0.0	0.0	0.0	0.0	0.6474
Q5	1g	original-target	3	1	0.26	0.85	0.82	0.03	3.269	380	2594	0.256	4	0	PartiallySorted([0, 1])		0	0	0	635.8	0	0.0	0.0	0.0	0.0	0.4525
Q5	2g	original	3	1	0.29	0.66	0.62	0.04	2.276	598	2515	0.288	2	0	Linear		0	0	0	127.2	0	0.0	0.0	0.0	0.0	0.1472
Q5	2g	accept-groups	3	1	0.31	0.77	0.73	0.04	2.484	331	2395	0.307	4	0	PartiallySorted([0, 1])		0	0	0	470.9	0	0.0	0.0	0.0	0.0	0.6539
Q5	2g	original-target	3	1	0.24	0.86	0.82	0.04	3.583	380	2569	0.233	4	0	PartiallySorted([0, 1])		0	0	0	635.8	0	0.0	0.0	0.0	0.0	0.3785
Q5	4g	original	3	1	0.31	0.68	0.63	0.05	2.194	637	2638	0.306	2	0	Linear		0	0	0	126.5	0	0.0	0.0	0.0	0.0	0.1243
Q5	4g	accept-groups	3	1	0.3	0.82	0.78	0.04	2.733	351	2601	0.295	4	0	PartiallySorted([0, 1])		0	0	0	470.9	0	0.0	0.0	0.0	0.0	0.5856
Q5	4g	original-target	3	1	0.25	0.87	0.84	0.03	3.48	393	2580	0.251	4	0	PartiallySorted([0, 1])		0	0	0	635.8	0	0.0	0.0	0.0	0.0	0.45
Q3	512m	original	3	1	0.61	1.42	1.31	0.11	2.328	531	2533	0.610	2	1	Linear		4	6	0	127.6	0	72.7	73.0	0.0	0.0	0.2665
Q3	512m	accept-groups	3	1	0.35	0.79	0.73	0.06	2.257	346	2480	0.350	4	0	PartiallySorted([0, 1])		0	0	0	470.9	0	0.0	0.0	0.0	0.0	0.7994
Q3	512m	original-target	3	1	0.27	0.87	0.83	0.04	3.222	414	2545	0.269	4	0	PartiallySorted([0, 1])		0	0	0	635.8	0	0.0	0.0	0.0	0.0	0.4992
Q3	1g	accept-groups	4	1	0.35	0.79	0.76	0.03	2.257	350	2399	0.347	4	0	PartiallySorted([0, 1])		0	0	0	470.9	0	0.0	0.0	0.0	0.0	0.8178
Q3	1g	original-target	4	1	0.28	0.88	0.83	0.05	3.143	408	2548	0.273	4	0	PartiallySorted([0, 1])		0	0	0	635.8	0	0.0	0.0	0.0	0.0	0.4981
Q3	2g	original	4	1	0.36	0.87	0.78	0.09	2.417	669	2709	0.351	2	1	Linear		11	0	0	134.7	0	72.7	0.0	0.0	0.0	0.1147
Q3	2g	accept-groups	4	1	0.36	0.81	0.78	0.03	2.25	361	2409	0.352	4	0	PartiallySorted([0, 1])		0	0	0	470.9	0	0.0	0.0	0.0	0.0	0.8201
Q3	2g	original-target	4	1	0.26	0.84	0.79	0.05	3.231	418	2468	0.258	4	0	PartiallySorted([0, 1])		0	0	0	635.8	0	0.0	0.0	0.0	0.0	0.4719
Q3	4g	original	4	1	0.35	0.86	0.79	0.07	2.457	596	2626	0.349	2	1	Linear		6	0	0	129.6	0	72.7	0.0	0.0	0.0	0.108
Q3	4g	accept-groups	4	1	0.36	0.81	0.78	0.03	2.25	361	2456	0.358	4	0	PartiallySorted([0, 1])		0	0	0	470.9	0	0.0	0.0	0.0	0.0	0.8313
Q3	4g	original-target	4	1	0.26	0.84	0.79	0.05	3.231	395	2459	0.255	4	0	PartiallySorted([0, 1])		0	0	0	635.8	0	0.0	0.0	0.0	0.0	0.4738
Q5	512m	original	4	1	0.59	1.23	1.17	0.06	2.085	481	2465	0.582	2	0	Linear		0	4	0	133.4	0	0.0	73.0	0.0	0.0	0.1796
Q5	512m	accept-groups	4	1	0.31	0.77	0.72	0.05	2.484	325	2490	0.302	4	0	PartiallySorted([0, 1])		0	0	0	470.9	0	0.0	0.0	0.0	0.0	0.6316
Q5	512m	original-target	4	1	0.26	0.85	0.81	0.04	3.269	363	2490	0.251	4	0	PartiallySorted([0, 1])		0	0	0	635.8	0	0.0	0.0	0.0	0.0	0.4364
Q5	1g	original	4	1	0.56	1.25	1.17	0.08	2.232	673	2604	0.551	2	0	Linear		0	4	0	135.7	0	0.0	73.0	0.0	0.0	0.2393
Q5	1g	accept-groups	4	1	0.31	0.79	0.76	0.03	2.548	342	2548	0.303	4	0	PartiallySorted([0, 1])		0	0	0	470.9	0	0.0	0.0	0.0	0.0	0.6471
Q5	1g	original-target	4	1	0.26	0.86	0.82	0.04	3.308	369	2471	0.260	4	0	PartiallySorted([0, 1])		0	0	0	635.8	0	0.0	0.0	0.0	0.0	0.4674
Q5	2g	original	4	1	0.31	0.68	0.64	0.04	2.194	652	2669	0.300	2	0	Linear		0	0	0	137.0	0	0.0	0.0	0.0	0.0	0.1089
Q5	2g	accept-groups	4	1	0.31	0.8	0.76	0.04	2.581	347	2521	0.309	4	0	PartiallySorted([0, 1])		0	0	0	470.9	0	0.0	0.0	0.0	0.0	0.6541
Q5	2g	original-target	4	1	0.25	0.88	0.85	0.03	3.52	387	2599	0.241	4	0	PartiallySorted([0, 1])		0	0	0	635.8	0	0.0	0.0	0.0	0.0	0.3737
Q5	4g	original	4	1	0.3	0.67	0.62	0.05	2.233	638	2774	0.293	2	0	Linear		0	0	0	133.1	0	0.0	0.0	0.0	0.0	0.1281
Q5	4g	accept-groups	4	1	0.31	0.77	0.75	0.02	2.484	342	2460	0.305	4	0	PartiallySorted([0, 1])		0	0	0	470.9	0	0.0	0.0	0.0	0.0	0.6607
Q5	4g	original-target	4	1	0.25	0.87	0.85	0.02	3.48	380	2568	0.241	4	0	PartiallySorted([0, 1])		0	0	0	635.8	0	0.0	0.0	0.0	0.0	0.4029
Q3	512m	original	4	1	0.65	1.46	1.32	0.14	2.246	499	2498	0.642	2	1	Linear		4	6	0	126.4	0	72.7	73.0	0.0	0.0	0.1651
Q3	512m	accept-groups	4	1	0.35	0.79	0.76	0.03	2.257	347	2536	0.350	4	0	PartiallySorted([0, 1])		0	0	0	470.9	0	0.0	0.0	0.0	0.0	0.8079
Q3	512m	original-target	4	1	0.26	0.83	0.79	0.04	3.192	428	2609	0.251	4	0	PartiallySorted([0, 1])		0	0	0	635.8	0	0.0	0.0	0.0	0.0	0.4569
Q3	1g	original	4	1	0.58	1.39	1.3	0.09	2.397	721	2716	0.579	2	1	Linear		0	4	0	133.7	0	0.0	73.0	0.0	0.0	0.3482
Q3	1g	original-target	5	1	0.27	0.86	0.82	0.04	3.185	431	2594	0.270	4	0	PartiallySorted([0, 1])		0	0	0	635.8	0	0.0	0.0	0.0	0.0	0.4984
Q3	2g	original	5	1	0.37	0.85	0.75	0.1	2.297	595	2605	0.365	2	1	Linear		12	0	0	134.0	0	72.7	0.0	0.0	0.0	0.1246
Q3	2g	accept-groups	5	1	0.36	0.81	0.79	0.02	2.25	353	2465	0.355	4	0	PartiallySorted([0, 1])		0	0	0	470.9	0	0.0	0.0	0.0	0.0	0.8223
Q3	2g	original-target	5	1	0.27	0.85	0.82	0.03	3.148	439	2559	0.266	4	0	PartiallySorted([0, 1])		0	0	0	635.8	0	0.0	0.0	0.0	0.0	0.4959
Q3	4g	original	5	1	0.34	0.89	0.8	0.09	2.618	620	2687	0.337	2	1	Linear		6	0	0	134.6	0	72.7	0.0	0.0	0.0	0.1306
Q3	4g	accept-groups	5	1	0.35	0.78	0.75	0.03	2.229	343	2395	0.347	4	0	PartiallySorted([0, 1])		0	0	0	470.9	0	0.0	0.0	0.0	0.0	0.8124
Q3	4g	original-target	5	1	0.28	0.87	0.82	0.05	3.107	430	2559	0.271	4	0	PartiallySorted([0, 1])		0	0	0	635.8	0	0.0	0.0	0.0	0.0	0.5086
Q5	512m	original	5	1	0.6	1.23	1.16	0.07	2.05	485	2329	0.594	2	0	Linear		0	4	0	133.1	0	0.0	73.0	0.0	0.0	0.1301
Q5	512m	accept-groups	5	1	0.31	0.78	0.75	0.03	2.516	323	2533	0.307	4	0	PartiallySorted([0, 1])		0	0	0	470.9	0	0.0	0.0	0.0	0.0	0.666
Q5	512m	original-target	5	1	0.26	0.9	0.86	0.04	3.462	403	2613	0.259	4	0	PartiallySorted([0, 1])		0	0	0	635.8	0	0.0	0.0	0.0	0.0	0.4464
Q5	1g	original	5	1	0.31	0.68	0.63	0.05	2.194	638	2565	0.306	2	0	Linear		0	0	0	125.8	0	0.0	0.0	0.0	0.0	0.0901
Q5	1g	accept-groups	5	1	0.31	0.77	0.73	0.04	2.484	319	2527	0.309	4	0	PartiallySorted([0, 1])		0	0	0	470.9	0	0.0	0.0	0.0	0.0	0.6545
Q5	1g	original-target	5	1	0.26	0.84	0.8	0.04	3.231	371	2599	0.254	4	0	PartiallySorted([0, 1])		0	0	0	635.8	0	0.0	0.0	0.0	0.0	0.4551
Q5	2g	original	5	1	0.29	0.68	0.64	0.04	2.345	636	2644	0.288	2	0	Linear		0	0	0	132.0	0	0.0	0.0	0.0	0.0	0.1193
Q5	2g	accept-groups	5	1	0.31	0.78	0.74	0.04	2.516	320	2439	0.309	4	0	PartiallySorted([0, 1])		0	0	0	470.9	0	0.0	0.0	0.0	0.0	0.6626
Q5	2g	original-target	5	1	0.26	0.86	0.82	0.04	3.308	377	2515	0.252	4	0	PartiallySorted([0, 1])		0	0	0	635.8	0	0.0	0.0	0.0	0.0	0.4377
Q5	4g	original	5	1	0.31	0.68	0.63	0.05	2.194	632	2643	0.302	2	0	Linear		0	0	0	130.6	0	0.0	0.0	0.0	0.0	0.1138
Q5	4g	accept-groups	5	1	0.31	0.78	0.74	0.04	2.516	317	2462	0.310	4	0	PartiallySorted([0, 1])		0	0	0	470.9	0	0.0	0.0	0.0	0.0	0.6648
Q5	4g	original-target	5	1	0.25	0.85	0.82	0.03	3.4	405	2627	0.245	4	0	PartiallySorted([0, 1])		0	0	0	635.8	0	0.0	0.0	0.0	0.0	0.4353
Q3	512m	original	5	1	0.62	1.42	1.3	0.12	2.29	495	2561	0.618	2	1	Linear		4	6	0	134.6	0	72.7	73.0	0.0	0.0	0.2665
Q3	512m	accept-groups	5	1	0.35	0.79	0.76	0.03	2.257	366	2395	0.347	4	0	PartiallySorted([0, 1])		0	0	0	470.9	0	0.0	0.0	0.0	0.0	0.8046
Q3	512m	original-target	5	1	0.28	0.9	0.85	0.05	3.214	439	2567	0.278	4	0	PartiallySorted([0, 1])		0	0	0	635.8	0	0.0	0.0	0.0	0.0	0.5289
Q3	1g	original	5	1	0.61	1.39	1.3	0.09	2.279	718	2697	0.609	2	1	Linear		0	4	0	130.7	0	0.0	73.0	0.0	0.0	0.2409
Q3	1g	accept-groups	5	1	0.37	0.8	0.78	0.02	2.162	355	2464	0.366	4	0	PartiallySorted([0, 1])		0	0	0	470.9	0	0.0	0.0	0.0	0.0	0.8518
Q3	2g	original	6	1	0.34	0.87	0.78	0.09	2.559	615	2673	0.338	2	1	Linear		12	0	0	128.6	0	72.7	0.0	0.0	0.0	0.125
Q3	2g	accept-groups	6	1	0.36	0.81	0.78	0.03	2.25	370	2527	0.356	4	0	PartiallySorted([0, 1])		0	0	0	470.9	0	0.0	0.0	0.0	0.0	0.8194
Q3	2g	original-target	6	1	0.27	0.86	0.82	0.04	3.185	399	2556	0.270	4	0	PartiallySorted([0, 1])		0	0	0	635.8	0	0.0	0.0	0.0	0.0	0.4999
Q3	4g	original	6	1	0.37	0.87	0.8	0.07	2.351	621	2632	0.368	2	1	Linear		6	0	0	132.1	0	72.7	0.0	0.0	0.0	0.1225
Q3	4g	accept-groups	6	1	0.38	0.83	0.79	0.04	2.184	377	2584	0.371	4	0	PartiallySorted([0, 1])		0	0	0	470.9	0	0.0	0.0	0.0	0.0	0.8734
Q3	4g	original-target	6	1	0.28	0.91	0.86	0.05	3.25	451	2622	0.276	4	0	PartiallySorted([0, 1])		0	0	0	635.8	0	0.0	0.0	0.0	0.0	0.5084
Q5	512m	original	6	1	0.58	1.23	1.16	0.07	2.121	489	2554	0.576	2	0	Linear		0	4	0	130.4	0	0.0	73.0	0.0	0.0	0.1708
Q5	512m	accept-groups	6	1	0.3	0.74	0.71	0.03	2.467	318	2440	0.299	4	0	PartiallySorted([0, 1])		0	0	0	470.9	0	0.0	0.0	0.0	0.0	0.6532
Q5	512m	original-target	6	1	0.26	0.86	0.81	0.05	3.308	376	2595	0.257	4	0	PartiallySorted([0, 1])		0	0	0	635.8	0	0.0	0.0	0.0	0.0	0.4684
Q5	1g	original	6	1	0.31	0.67	0.63	0.04	2.161	584	2605	0.304	2	0	Linear		0	0	0	131.7	0	0.0	0.0	0.0	0.0	0.1291
Q5	1g	accept-groups	6	1	0.31	0.75	0.71	0.04	2.419	319	2456	0.304	4	0	PartiallySorted([0, 1])		0	0	0	470.9	0	0.0	0.0	0.0	0.0	0.668
Q5	1g	original-target	6	1	0.24	0.83	0.79	0.04	3.458	409	2564	0.235	4	0	PartiallySorted([0, 1])		0	0	0	635.8	0	0.0	0.0	0.0	0.0	0.4065
Q5	2g	original	6	1	0.3	0.69	0.64	0.05	2.3	616	2594	0.298	2	0	Linear		0	0	0	134.3	0	0.0	0.0	0.0	0.0	0.1451
Q5	2g	accept-groups	6	1	0.32	0.78	0.75	0.03	2.438	359	2496	0.312	4	0	PartiallySorted([0, 1])		0	0	0	470.9	0	0.0	0.0	0.0	0.0	0.6474
Q5	2g	original-target	6	1	0.24	0.86	0.83	0.03	3.583	405	2620	0.233	4	0	PartiallySorted([0, 1])		0	0	0	635.8	0	0.0	0.0	0.0	0.0	0.3744
Q5	4g	original	6	1	0.3	0.69	0.65	0.04	2.3	600	2612	0.290	2	0	Linear		0	0	0	134.7	0	0.0	0.0	0.0	0.0	0.1423
Q5	4g	accept-groups	6	1	0.32	0.81	0.78	0.03	2.531	318	2500	0.313	4	0	PartiallySorted([0, 1])		0	0	0	470.9	0	0.0	0.0	0.0	0.0	0.6808
Q5	4g	original-target	6	1	0.24	0.82	0.79	0.03	3.417	364	2582	0.232	4	0	PartiallySorted([0, 1])		0	0	0	635.8	0	0.0	0.0	0.0	0.0	0.4061
Q3	512m	original	6	1	0.62	1.4	1.29	0.11	2.258	530	2733	0.615	2	1	Linear		4	6	0	131.7	0	72.7	73.0	0.0	0.0	0.2694
Q3	512m	accept-groups	6	1	0.37	0.78	0.76	0.02	2.108	333	2674	0.361	4	0	PartiallySorted([0, 1])		0	0	0	470.9	0	0.0	0.0	0.0	0.0	0.815
Q3	512m	original-target	6	1	0.27	0.85	0.83	0.02	3.148	397	2591	0.269	4	0	PartiallySorted([0, 1])		0	0	0	635.8	0	0.0	0.0	0.0	0.0	0.5072
Q3	1g	original	6	1	0.71	1.38	1.29	0.09	1.944	624	2590	0.709	2	1	Linear		0	4	0	131.9	0	0.0	73.0	0.0	0.0	0.13
Q3	1g	accept-groups	6	1	0.35	0.81	0.78	0.03	2.314	341	2484	0.350	4	0	PartiallySorted([0, 1])		0	0	0	470.9	0	0.0	0.0	0.0	0.0	0.8147
Q3	1g	original-target	6	1	0.27	0.85	0.8	0.05	3.148	407	2725	0.266	4	0	PartiallySorted([0, 1])		0	0	0	635.8	0	0.0	0.0	0.0	0.0	0.4983
Q3	2g	accept-groups	7	1	0.36	0.81	0.78	0.03	2.25	325	2601	0.357	4	0	PartiallySorted([0, 1])		0	0	0	470.9	0	0.0	0.0	0.0	0.0	0.8306
Q3	2g	original-target	7	1	0.27	0.82	0.79	0.03	3.037	414	2522	0.264	4	0	PartiallySorted([0, 1])		0	0	0	635.8	0	0.0	0.0	0.0	0.0	0.5023
Q3	4g	original	7	1	0.34	0.87	0.79	0.08	2.559	644	2627	0.334	2	1	Linear		6	0	0	130.2	0	72.7	0.0	0.0	0.0	0.12
Q3	4g	accept-groups	7	1	0.36	0.81	0.78	0.03	2.25	372	2477	0.354	4	0	PartiallySorted([0, 1])		0	0	0	470.9	0	0.0	0.0	0.0	0.0	0.7974
Q3	4g	original-target	7	1	0.27	0.84	0.81	0.03	3.111	407	2563	0.263	4	0	PartiallySorted([0, 1])		0	0	0	635.8	0	0.0	0.0	0.0	0.0	0.4994
Q5	512m	original	7	1	0.62	1.23	1.16	0.07	1.984	439	2333	0.611	2	0	Linear		0	5	0	127.6	0	0.0	73.0	0.0	0.0	0.197
Q5	512m	accept-groups	7	1	0.31	0.77	0.73	0.04	2.484	314	2379	0.307	4	0	PartiallySorted([0, 1])		0	0	0	470.9	0	0.0	0.0	0.0	0.0	0.649
Q5	512m	original-target	7	1	0.26	0.88	0.82	0.06	3.385	388	2539	0.259	4	0	PartiallySorted([0, 1])		0	0	0	635.8	0	0.0	0.0	0.0	0.0	0.4418
Q5	1g	original	7	1	0.56	1.25	1.18	0.07	2.232	674	2668	0.556	2	0	Linear		0	4	0	129.3	0	0.0	73.0	0.0	0.0	0.3528
Q5	1g	accept-groups	7	1	0.31	0.78	0.75	0.03	2.516	312	2393	0.307	4	0	PartiallySorted([0, 1])		0	0	0	470.9	0	0.0	0.0	0.0	0.0	0.6471
Q5	1g	original-target	7	1	0.24	0.82	0.78	0.04	3.417	380	2587	0.233	4	0	PartiallySorted([0, 1])		0	0	0	635.8	0	0.0	0.0	0.0	0.0	0.4147
Q5	2g	original	7	1	0.3	0.67	0.63	0.04	2.233	586	2611	0.294	2	0	Linear		0	0	0	126.7	0	0.0	0.0	0.0	0.0	0.1118
Q5	2g	accept-groups	7	1	0.32	0.8	0.76	0.04	2.5	337	2476	0.311	4	0	PartiallySorted([0, 1])		0	0	0	470.9	0	0.0	0.0	0.0	0.0	0.6759
Q5	2g	original-target	7	1	0.26	0.87	0.84	0.03	3.346	356	2573	0.255	4	0	PartiallySorted([0, 1])		0	0	0	635.8	0	0.0	0.0	0.0	0.0	0.4277
Q5	4g	original	7	1	0.32	0.68	0.63	0.05	2.125	603	2580	0.311	2	0	Linear		0	0	0	129.6	0	0.0	0.0	0.0	0.0	0.1233
Q5	4g	accept-groups	7	1	0.33	0.77	0.75	0.02	2.333	307	2347	0.323	4	0	PartiallySorted([0, 1])		0	0	0	470.9	0	0.0	0.0	0.0	0.0	0.6753
Q5	4g	original-target	7	1	0.23	0.84	0.79	0.05	3.652	390	2460	0.224	4	0	PartiallySorted([0, 1])		0	0	0	635.8	0	0.0	0.0	0.0	0.0	0.3701
Q3	512m	original	7	1	0.66	1.39	1.26	0.13	2.106	509	2502	0.653	2	1	Linear		4	6	0	131.3	0	72.7	73.0	0.0	0.0	0.1117
Q3	512m	accept-groups	7	1	0.34	0.78	0.74	0.04	2.294	350	2342	0.340	4	0	PartiallySorted([0, 1])		0	0	0	470.9	0	0.0	0.0	0.0	0.0	0.7927
Q3	512m	original-target	7	1	0.27	0.84	0.81	0.03	3.111	431	2632	0.265	4	0	PartiallySorted([0, 1])		0	0	0	635.8	0	0.0	0.0	0.0	0.0	0.5008
Q3	1g	original	7	1	0.6	1.39	1.28	0.11	2.317	749	2734	0.597	2	1	Linear		0	4	0	126.7	0	0.0	73.0	0.0	0.0	0.1903
Q3	1g	accept-groups	7	1	0.36	0.8	0.77	0.03	2.222	341	2469	0.359	4	0	PartiallySorted([0, 1])		0	0	0	470.9	0	0.0	0.0	0.0	0.0	0.8223
Q3	1g	original-target	7	1	0.27	0.88	0.83	0.05	3.259	433	2518	0.264	4	0	PartiallySorted([0, 1])		0	0	0	635.8	0	0.0	0.0	0.0	0.0	0.4816
Q3	2g	original	7	1	0.34	0.86	0.77	0.09	2.529	635	2660	0.329	2	1	Linear		12	0	0	128.5	0	72.7	0.0	0.0	0.0	0.093
Q3	2g	original-target	8	1	0.27	0.86	0.82	0.04	3.185	404	2538	0.265	4	0	PartiallySorted([0, 1])		0	0	0	635.8	0	0.0	0.0	0.0	0.0	0.4861
Q3	4g	original	8	1	0.37	0.87	0.78	0.09	2.351	642	2669	0.360	2	1	Linear		6	0	0	133.1	0	72.7	0.0	0.0	0.0	0.1168
Q3	4g	accept-groups	8	1	0.37	0.83	0.8	0.03	2.243	324	2404	0.367	4	0	PartiallySorted([0, 1])		0	0	0	470.9	0	0.0	0.0	0.0	0.0	0.8733
Q3	4g	original-target	8	1	0.26	0.83	0.79	0.04	3.192	393	2621	0.258	4	0	PartiallySorted([0, 1])		0	0	0	635.8	0	0.0	0.0	0.0	0.0	0.4786
Q5	512m	original	8	1	0.6	1.24	1.18	0.06	2.067	463	2552	0.600	2	0	Linear		0	4	0	126.3	0	0.0	73.0	0.0	0.0	0.1658
Q5	512m	accept-groups	8	1	0.32	0.77	0.74	0.03	2.406	321	2452	0.315	4	0	PartiallySorted([0, 1])		0	0	0	470.9	0	0.0	0.0	0.0	0.0	0.6552
Q5	512m	original-target	8	1	0.26	0.87	0.83	0.04	3.346	349	2711	0.255	4	0	PartiallySorted([0, 1])		0	0	0	635.8	0	0.0	0.0	0.0	0.0	0.442
Q5	1g	original	8	1	0.58	1.25	1.16	0.09	2.155	723	2692	0.575	2	0	Linear		0	4	0	133.1	0	0.0	73.0	0.0	0.0	0.2479
Q5	1g	accept-groups	8	1	0.33	0.77	0.75	0.02	2.333	310	2363	0.324	4	0	PartiallySorted([0, 1])		0	0	0	470.9	0	0.0	0.0	0.0	0.0	0.6827
Q5	1g	original-target	8	1	0.24	0.85	0.81	0.04	3.542	396	2534	0.235	4	0	PartiallySorted([0, 1])		0	0	0	635.8	0	0.0	0.0	0.0	0.0	0.4013
Q5	2g	original	8	1	0.31	0.67	0.62	0.05	2.161	596	2587	0.303	2	0	Linear		0	0	0	127.3	0	0.0	0.0	0.0	0.0	0.1102
Q5	2g	accept-groups	8	1	0.32	0.79	0.76	0.03	2.469	310	2435	0.318	4	0	PartiallySorted([0, 1])		0	0	0	470.9	0	0.0	0.0	0.0	0.0	0.6919
Q5	2g	original-target	8	1	0.25	0.88	0.84	0.04	3.52	402	2605	0.247	4	0	PartiallySorted([0, 1])		0	0	0	635.8	0	0.0	0.0	0.0	0.0	0.4228
Q5	4g	original	8	1	0.32	0.68	0.64	0.04	2.125	598	2605	0.317	2	0	Linear		0	0	0	129.6	0	0.0	0.0	0.0	0.0	0.1193
Q5	4g	accept-groups	8	1	0.31	0.75	0.72	0.03	2.419	342	2427	0.310	4	0	PartiallySorted([0, 1])		0	0	0	470.9	0	0.0	0.0	0.0	0.0	0.7002
Q5	4g	original-target	8	1	0.26	0.87	0.83	0.04	3.346	414	2573	0.254	4	0	PartiallySorted([0, 1])		0	0	0	635.8	0	0.0	0.0	0.0	0.0	0.4522
Q3	512m	original	8	1	0.6	1.42	1.32	0.1	2.367	501	2570	0.598	2	1	Linear		4	6	0	132.0	0	72.7	73.0	0.0	0.0	0.2645
Q3	512m	accept-groups	8	1	0.35	0.8	0.77	0.03	2.286	337	2557	0.347	4	0	PartiallySorted([0, 1])		0	0	0	470.9	0	0.0	0.0	0.0	0.0	0.8007
Q3	512m	original-target	8	1	0.28	0.84	0.8	0.04	3.0	425	2594	0.276	4	0	PartiallySorted([0, 1])		0	0	0	635.8	0	0.0	0.0	0.0	0.0	0.5375
Q3	1g	original	8	1	0.71	1.35	1.26	0.09	1.901	601	2608	0.702	2	1	Linear		0	4	0	133.1	0	0.0	73.0	0.0	0.0	0.1092
Q3	1g	accept-groups	8	1	0.36	0.8	0.77	0.03	2.222	345	2466	0.354	4	0	PartiallySorted([0, 1])		0	0	0	470.9	0	0.0	0.0	0.0	0.0	0.8265
Q3	1g	original-target	8	1	0.27	0.84	0.78	0.06	3.111	400	2558	0.264	4	0	PartiallySorted([0, 1])		0	0	0	635.8	0	0.0	0.0	0.0	0.0	0.4965
Q3	2g	original	8	1	0.38	0.88	0.8	0.08	2.316	619	2576	0.375	2	1	Linear		12	0	0	132.6	0	72.7	0.0	0.0	0.0	0.1245
Q3	2g	accept-groups	8	1	0.37	0.79	0.74	0.05	2.135	353	2418	0.362	4	0	PartiallySorted([0, 1])		0	0	0	470.9	0	0.0	0.0	0.0	0.0	0.8583
Q3	4g	original	9	1	0.36	0.89	0.81	0.08	2.472	630	2670	0.354	2	1	Linear		6	0	0	127.6	0	72.7	0.0	0.0	0.0	0.1035
Q3	4g	accept-groups	9	1	0.37	0.83	0.8	0.03	2.243	361	2424	0.363	4	0	PartiallySorted([0, 1])		0	0	0	470.9	0	0.0	0.0	0.0	0.0	0.8361
Q3	4g	original-target	9	1	0.27	0.86	0.81	0.05	3.185	404	2632	0.268	4	0	PartiallySorted([0, 1])		0	0	0	635.8	0	0.0	0.0	0.0	0.0	0.5009
Q5	512m	original	9	1	0.58	1.23	1.16	0.07	2.121	434	2445	0.578	2	0	Linear		0	4	0	131.3	0	0.0	73.0	0.0	0.0	0.121
Q5	512m	accept-groups	9	1	0.33	0.77	0.75	0.02	2.333	312	2441	0.328	4	0	PartiallySorted([0, 1])		0	0	0	470.9	0	0.0	0.0	0.0	0.0	0.7107
Q5	512m	original-target	9	1	0.23	0.87	0.83	0.04	3.783	411	2610	0.223	4	0	PartiallySorted([0, 1])		0	0	0	635.8	0	0.0	0.0	0.0	0.0	0.36
Q5	1g	original	9	1	0.31	0.69	0.65	0.04	2.226	604	2566	0.307	2	0	Linear		0	0	0	129.3	0	0.0	0.0	0.0	0.0	0.1262
Q5	1g	accept-groups	9	1	0.3	0.75	0.71	0.04	2.5	313	2441	0.299	4	0	PartiallySorted([0, 1])		0	0	0	470.9	0	0.0	0.0	0.0	0.0	0.6342
Q5	1g	original-target	9	1	0.23	0.84	0.8	0.04	3.652	405	2610	0.228	4	0	PartiallySorted([0, 1])		0	0	0	635.8	0	0.0	0.0	0.0	0.0	0.3738
Q5	2g	original	9	1	0.3	0.68	0.64	0.04	2.267	649	2639	0.297	2	0	Linear		0	0	0	122.9	0	0.0	0.0	0.0	0.0	0.1223
Q5	2g	accept-groups	9	1	0.32	0.8	0.76	0.04	2.5	335	2377	0.319	4	0	PartiallySorted([0, 1])		0	0	0	470.9	0	0.0	0.0	0.0	0.0	0.6611
Q5	2g	original-target	9	1	0.26	0.86	0.83	0.03	3.308	355	2513	0.260	4	0	PartiallySorted([0, 1])		0	0	0	635.8	0	0.0	0.0	0.0	0.0	0.4454
Q5	4g	original	9	1	0.31	0.66	0.63	0.03	2.129	610	2594	0.310	2	0	Linear		0	0	0	132.2	0	0.0	0.0	0.0	0.0	0.1139
Q5	4g	accept-groups	9	1	0.33	0.79	0.77	0.02	2.394	333	2521	0.330	4	0	PartiallySorted([0, 1])		0	0	0	470.9	0	0.0	0.0	0.0	0.0	0.6686
Q5	4g	original-target	9	1	0.24	0.85	0.83	0.02	3.542	368	2480	0.236	4	0	PartiallySorted([0, 1])		0	0	0	635.8	0	0.0	0.0	0.0	0.0	0.401
Q3	512m	original	9	1	0.64	1.43	1.31	0.12	2.234	542	2521	0.631	2	1	Linear		4	6	0	131.2	0	72.7	73.0	0.0	0.0	0.2927
Q3	512m	accept-groups	9	1	0.36	0.81	0.77	0.04	2.25	352	2570	0.353	4	0	PartiallySorted([0, 1])		0	0	0	470.9	0	0.0	0.0	0.0	0.0	0.7853
Q3	512m	original-target	9	1	0.28	0.84	0.8	0.04	3.0	443	2608	0.274	4	0	PartiallySorted([0, 1])		0	0	0	635.8	0	0.0	0.0	0.0	0.0	0.5266
Q3	1g	original	9	1	0.62	1.38	1.28	0.1	2.226	782	2733	0.612	2	1	Linear		0	4	0	138.3	0	0.0	73.0	0.0	0.0	0.2389
Q3	1g	accept-groups	9	1	0.36	0.81	0.77	0.04	2.25	381	2590	0.358	4	0	PartiallySorted([0, 1])		0	0	0	470.9	0	0.0	0.0	0.0	0.0	0.8437
Q3	1g	original-target	9	1	0.26	0.84	0.79	0.05	3.231	403	2528	0.256	4	0	PartiallySorted([0, 1])		0	0	0	635.8	0	0.0	0.0	0.0	0.0	0.4711
Q3	2g	original	9	1	0.38	0.87	0.77	0.1	2.289	621	2555	0.373	2	1	Linear		11	0	0	127.7	0	72.7	0.0	0.0	0.0	0.1298
Q3	2g	accept-groups	9	1	0.36	0.81	0.78	0.03	2.25	369	2474	0.358	4	0	PartiallySorted([0, 1])		0	0	0	470.9	0	0.0	0.0	0.0	0.0	0.8353
Q3	2g	original-target	9	1	0.26	0.85	0.81	0.04	3.269	386	2503	0.258	4	0	PartiallySorted([0, 1])		0	0	0	635.8	0	0.0	0.0	0.0	0.0	0.4683
Q3	4g	accept-groups	10	1	0.36	0.81	0.78	0.03	2.25	349	2512	0.356	4	0	PartiallySorted([0, 1])		0	0	0	470.9	0	0.0	0.0	0.0	0.0	0.8289
Q3	4g	original-target	10	1	0.29	0.87	0.83	0.04	3.0	436	2500	0.282	4	0	PartiallySorted([0, 1])		0	0	0	635.8	0	0.0	0.0	0.0	0.0	0.5416
Q5	512m	original	10	1	0.59	1.28	1.2	0.08	2.169	457	2548	0.582	2	0	Linear		0	4	0	129.5	0	0.0	73.0	0.0	0.0	0.2279
Q5	512m	accept-groups	10	1	0.3	0.78	0.74	0.04	2.6	354	2332	0.290	4	0	PartiallySorted([0, 1])		0	0	0	470.9	0	0.0	0.0	0.0	0.0	0.6275
Q5	512m	original-target	10	1	0.24	0.87	0.82	0.05	3.625	411	2484	0.239	4	0	PartiallySorted([0, 1])		0	0	0	635.8	0	0.0	0.0	0.0	0.0	0.3775
Q5	1g	original	10	1	0.32	0.68	0.63	0.05	2.125	610	2596	0.313	2	0	Linear		0	0	0	130.4	0	0.0	0.0	0.0	0.0	0.1165
Q5	1g	accept-groups	10	1	0.32	0.79	0.77	0.02	2.469	339	2380	0.319	4	0	PartiallySorted([0, 1])		0	0	0	470.9	0	0.0	0.0	0.0	0.0	0.6825
Q5	1g	original-target	10	1	0.24	0.84	0.79	0.05	3.5	412	2511	0.235	4	0	PartiallySorted([0, 1])		0	0	0	635.8	0	0.0	0.0	0.0	0.0	0.4046
Q5	2g	original	10	1	0.33	0.66	0.62	0.04	2.0	606	2595	0.328	2	0	Linear		0	0	0	133.8	0	0.0	0.0	0.0	0.0	0.0874
Q5	2g	accept-groups	10	1	0.32	0.78	0.76	0.02	2.438	342	2545	0.317	4	0	PartiallySorted([0, 1])		0	0	0	470.9	0	0.0	0.0	0.0	0.0	0.6835
Q5	2g	original-target	10	1	0.26	0.85	0.82	0.03	3.269	381	2599	0.253	4	0	PartiallySorted([0, 1])		0	0	0	635.8	0	0.0	0.0	0.0	0.0	0.4564
Q5	4g	original	10	1	0.33	0.67	0.62	0.05	2.03	639	2604	0.323	2	0	Linear		0	0	0	131.3	0	0.0	0.0	0.0	0.0	0.1087
Q5	4g	accept-groups	10	1	0.32	0.79	0.76	0.03	2.469	321	2339	0.318	4	0	PartiallySorted([0, 1])		0	0	0	470.9	0	0.0	0.0	0.0	0.0	0.6867
Q5	4g	original-target	10	1	0.25	0.86	0.81	0.05	3.44	393	2598	0.247	4	0	PartiallySorted([0, 1])		0	0	0	635.8	0	0.0	0.0	0.0	0.0	0.4174
Q3	512m	original	10	1	0.64	1.45	1.33	0.12	2.266	528	2586	0.637	2	1	Linear		4	6	0	128.6	0	72.7	73.0	0.0	0.0	0.2911
Q3	512m	accept-groups	10	1	0.35	0.81	0.77	0.04	2.314	353	2594	0.350	4	0	PartiallySorted([0, 1])		0	0	0	470.9	0	0.0	0.0	0.0	0.0	0.8199
Q3	512m	original-target	10	1	0.27	0.86	0.83	0.03	3.185	436	2555	0.269	4	0	PartiallySorted([0, 1])		0	0	0	635.8	0	0.0	0.0	0.0	0.0	0.4931
Q3	1g	original	10	1	0.62	1.38	1.28	0.1	2.226	724	2685	0.611	2	1	Linear		0	4	0	132.2	0	0.0	73.0	0.0	0.0	0.2291
Q3	1g	accept-groups	10	1	0.35	0.8	0.77	0.03	2.286	325	2437	0.346	4	0	PartiallySorted([0, 1])		0	0	0	470.9	0	0.0	0.0	0.0	0.0	0.8032
Q3	1g	original-target	10	1	0.26	0.83	0.79	0.04	3.192	405	2493	0.259	4	0	PartiallySorted([0, 1])		0	0	0	635.8	0	0.0	0.0	0.0	0.0	0.4654
Q3	2g	original	10	1	0.35	0.88	0.8	0.08	2.514	671	2688	0.350	2	1	Linear		12	0	0	128.6	0	72.7	0.0	0.0	0.0	0.1394
Q3	2g	accept-groups	10	1	0.37	0.81	0.78	0.03	2.189	370	2556	0.361	4	0	PartiallySorted([0, 1])		0	0	0	470.9	0	0.0	0.0	0.0	0.0	0.8281
Q3	2g	original-target	10	1	0.28	0.88	0.84	0.04	3.143	432	2579	0.276	4	0	PartiallySorted([0, 1])		0	0	0	635.8	0	0.0	0.0	0.0	0.0	0.528
Q3	4g	original	10	1	0.35	0.89	0.8	0.09	2.543	637	2676	0.343	2	1	Linear		6	0	0	129.6	0	72.7	0.0	0.0	0.0	0.1429
