shape	pool	variant	strings	run	ok	wall_s	cpu_s	user_s	sys_s	cores	rss_mb	minor_faults	elapsed_s	scan_groups	error	sort_spills	final_agg_spills	repartition_spills	repartition_out_mb	repartition_send_s
S0	128m	original	utf8	1	1	0.7	1.52	1.4	0.12	2.171	408	2355	0.696	2		6	20	0	57.7	0.1986
S0	128m	accept-groups	views	1	1	0.34	0.79	0.76	0.03	2.324	275	2491	0.339	4		0	0	0	64.3	0.7612
S0	128m	accept-groups	utf8	1	1	0.37	0.84	0.8	0.04	2.27	277	2451	0.371	4		0	0	0	44.8	0.8607
S0	128m	accept-groups-accounting	views	1	1	0.35	0.8	0.77	0.03	2.286	289	2549	0.346	4		0	0	0	64.3	0.7996
S0	512m	original	views	1	1	0.65	1.28	1.21	0.07	1.969	406	2440	0.644	2		0	6	0	86.9	0.1252
S0	512m	original	utf8	1	1	0.64	1.35	1.28	0.07	2.109	424	2397	0.632	2		0	6	0	57.4	0.2396
S0	512m	accept-groups	views	1	1	0.35	0.84	0.82	0.02	2.4	287	2408	0.344	4		0	0	0	64.3	0.726
S0	512m	accept-groups	utf8	1	1	0.38	0.86	0.83	0.03	2.263	265	2482	0.376	4		0	0	0	44.8	0.8897
S0	512m	accept-groups-accounting	views	1	1	0.33	0.76	0.74	0.02	2.303	290	2544	0.326	4		0	0	0	64.3	0.7391
S2	128m	original	views	1	1	0.69	1.72	1.46	0.26	2.493	504	2520	0.681	2		33	27	2	323.7	0.2519
S2	128m	original	utf8	1	1	0.67	1.58	1.45	0.13	2.358	459	2427	0.665	2		8	22	0	78.5	0.2039
S2	128m	accept-groups	views	1	1	0.52	1.33	1.23	0.1	2.558	471	2528	0.511	4		0	16	7	678.0	0.7991
S2	128m	accept-groups	utf8	1	1	0.42	0.86	0.82	0.04	2.048	308	2422	0.411	4		0	0	0	61.4	0.9376
S2	128m	accept-groups-accounting	views	1	1	0.67	1.2	1.1	0.1	1.791	472	2495	0.670	4		0	14	4	802.9	0.9586
S2	512m	original	views	1	1	0.64	1.5	1.32	0.18	2.344	573	2641	0.637	2		6	6	0	241.3	0.2633
S2	512m	original	utf8	1	1	0.6	1.41	1.35	0.06	2.35	469	2563	0.593	2		0	6	0	79.7	0.219
S2	512m	accept-groups	views	1	1	0.38	0.85	0.81	0.04	2.237	430	2635	0.376	4		0	0	0	1270.5	0.838
S2	512m	accept-groups	utf8	1	1	0.41	0.85	0.82	0.03	2.073	282	2477	0.406	4		0	0	0	61.4	0.9305
S2	512m	accept-groups-accounting	views	1	1	0.38	0.82	0.78	0.04	2.158	427	2479	0.370	4		0	0	0	1270.5	0.8256
S0	128m	original	views	1	1	0.55	1.42	1.28	0.14	2.582	385	2300	0.546	2		8	21	0	86.9	0.1513
S0	128m	accept-groups	views	2	1	0.32	0.78	0.74	0.04	2.438	283	2375	0.322	4		0	0	0	64.3	0.74
S0	128m	accept-groups	utf8	2	1	0.38	0.85	0.83	0.02	2.237	235	2463	0.381	4		0	0	0	44.8	0.8894
S0	128m	accept-groups-accounting	views	2	1	0.33	0.79	0.75	0.04	2.394	276	2367	0.322	4		0	0	0	64.3	0.7449
S0	512m	original	views	2	1	0.57	1.3	1.23	0.07	2.281	439	2477	0.565	2		0	6	0	86.1	0.143
S0	512m	original	utf8	2	1	0.64	1.38	1.31	0.07	2.156	446	2432	0.636	2		0	6	0	57.6	0.237
S0	512m	accept-groups	views	2	1	0.34	0.81	0.77	0.04	2.382	283	2494	0.338	4		0	0	0	64.3	0.7457
S0	512m	accept-groups	utf8	2	1	0.39	0.85	0.82	0.03	2.179	245	2395	0.384	4		0	0	0	44.8	0.8898
S0	512m	accept-groups-accounting	views	2	1	0.34	0.77	0.75	0.02	2.265	252	2345	0.337	4		0	0	0	64.3	0.7652
S2	128m	original	views	2	1	0.75	1.77	1.51	0.26	2.36	496	2623	0.747	2		34	28	0	321.9	0.2474
S2	128m	original	utf8	2	1	0.69	1.54	1.41	0.13	2.232	440	2290	0.685	2		8	22	0	78.1	0.1985
S2	128m	accept-groups	views	2	1	0.63	1.15	1.05	0.1	1.825	400	2497	0.626	4		0	14	8	595.5	0.8462
S2	128m	accept-groups	utf8	2	1	0.41	0.84	0.81	0.03	2.049	271	2420	0.404	4		0	0	0	61.4	0.9229
S2	128m	accept-groups-accounting	views	2	1	0.65	1.15	1.06	0.09	1.769	484	2485	0.645	4		0	14	4	815.4	0.8902
S2	512m	original	views	2	1	0.66	1.48	1.35	0.13	2.242	533	2451	0.656	2		6	6	0	234.8	0.2306
S2	512m	original	utf8	2	1	0.66	1.45	1.37	0.08	2.197	480	2638	0.655	2		0	6	0	81.3	0.1979
S2	512m	accept-groups	views	2	1	0.38	0.85	0.81	0.04	2.237	429	2600	0.377	4		0	0	0	1270.5	0.8488
S2	512m	accept-groups	utf8	2	1	0.41	0.85	0.83	0.02	2.073	290	2346	0.408	4		0	0	0	61.4	0.9231
S2	512m	accept-groups-accounting	views	2	1	0.4	0.87	0.84	0.03	2.175	424	2557	0.394	4		0	0	0	1270.5	0.8791
S0	128m	original	views	2	1	0.59	1.44	1.3	0.14	2.441	411	2239	0.584	2		8	22	0	86.0	0.1393
S0	128m	original	utf8	2	1	0.69	1.5	1.36	0.14	2.174	395	2486	0.685	2		6	20	0	60.1	0.2011
S0	128m	accept-groups	utf8	3	1	0.37	0.85	0.83	0.02	2.297	291	2519	0.368	4		0	0	0	44.8	0.8723
S0	128m	accept-groups-accounting	views	3	1	0.35	0.82	0.79	0.03	2.343	259	2583	0.348	4		0	0	0	64.3	0.7949
S0	512m	original	views	3	1	0.59	1.29	1.22	0.07	2.186	440	2630	0.589	2		0	6	0	89.6	0.1743
S0	512m	original	utf8	3	1	0.63	1.35	1.28	0.07	2.143	408	2416	0.626	2		0	6	0	59.1	0.1784
S0	512m	accept-groups	views	3	1	0.33	0.76	0.74	0.02	2.303	267	2421	0.326	4		0	0	0	64.3	0.7365
S0	512m	accept-groups	utf8	3	1	0.37	0.84	0.81	0.03	2.27	262	2624	0.370	4		0	0	0	44.8	0.8714
S0	512m	accept-groups-accounting	views	3	1	0.33	0.75	0.72	0.03	2.273	278	2516	0.331	4		0	0	0	64.3	0.7499
S2	128m	original	views	3	1	0.75	1.79	1.54	0.25	2.387	489	2443	0.743	2		34	27	0	326.5	0.2192
S2	128m	original	utf8	3	1	0.71	1.59	1.43	0.16	2.239	460	2495	0.703	2		8	22	0	81.1	0.2197
S2	128m	accept-groups	views	3	1	0.63	1.16	1.06	0.1	1.841	420	2535	0.623	4		0	14	8	595.5	0.8383
S2	128m	accept-groups	utf8	3	1	0.41	0.87	0.84	0.03	2.122	296	2369	0.406	4		0	0	0	61.4	0.9124
S2	128m	accept-groups-accounting	views	3	1	0.64	1.15	1.05	0.1	1.797	513	2527	0.630	4		0	14	4	807.2	0.8567
S2	512m	original	views	3	1	0.65	1.46	1.34	0.12	2.246	555	2369	0.643	2		6	6	0	241.3	0.2021
S2	512m	original	utf8	3	1	0.64	1.42	1.33	0.09	2.219	448	2656	0.630	2		0	6	0	82.1	0.1688
S2	512m	accept-groups	views	3	1	0.39	0.86	0.82	0.04	2.205	413	2565	0.386	4		0	0	0	1270.5	0.8595
S2	512m	accept-groups	utf8	3	1	0.42	0.88	0.85	0.03	2.095	315	2549	0.415	4		0	0	0	61.4	0.9491
S2	512m	accept-groups-accounting	views	3	1	0.38	0.86	0.82	0.04	2.263	425	2526	0.379	4		0	0	0	1270.5	0.8476
S0	128m	original	views	3	1	0.61	1.45	1.31	0.14	2.377	380	2264	0.602	2		8	22	0	86.0	0.2083
S0	128m	original	utf8	3	1	0.67	1.51	1.4	0.11	2.254	404	2257	0.666	2		6	19	0	58.1	0.1538
S0	128m	accept-groups	views	3	1	0.35	0.82	0.79	0.03	2.343	254	2482	0.347	4		0	0	0	64.3	0.7669
S0	128m	accept-groups-accounting	views	4	1	0.33	0.77	0.75	0.02	2.333	272	2454	0.329	4		0	0	0	64.3	0.7532
S0	512m	original	views	4	1	0.54	1.29	1.22	0.07	2.389	489	2501	0.534	2		0	6	0	85.2	0.2046
S0	512m	original	utf8	4	1	0.68	1.37	1.3	0.07	2.015	437	2511	0.678	2		0	6	0	55.4	0.1417
S0	512m	accept-groups	views	4	1	0.34	0.8	0.77	0.03	2.353	263	2517	0.340	4		0	0	0	64.3	0.7682
S0	512m	accept-groups	utf8	4	1	0.38	0.84	0.79	0.05	2.211	272	2515	0.373	4		0	0	0	44.8	0.8798
S0	512m	accept-groups-accounting	views	4	1	0.33	0.75	0.72	0.03	2.273	266	2493	0.325	4		0	0	0	64.3	0.7331
S2	128m	original	views	4	1	0.72	1.74	1.49	0.25	2.417	501	2540	0.713	2		33	28	1	328.5	0.2429
S2	128m	original	utf8	4	1	0.7	1.57	1.42	0.15	2.243	473	2299	0.693	2		8	22	0	78.4	0.1529
S2	128m	accept-groups	views	4	1	0.63	1.19	1.09	0.1	1.889	425	2387	0.622	4		0	14	8	588.7	0.8309
S2	128m	accept-groups	utf8	4	1	0.42	0.87	0.83	0.04	2.071	292	2417	0.415	4		0	0	0	61.4	0.9536
S2	128m	accept-groups-accounting	views	4	1	0.64	1.14	1.05	0.09	1.781	520	2522	0.631	4		0	14	4	804.0	0.8585
S2	512m	original	views	4	1	0.64	1.5	1.37	0.13	2.344	578	2630	0.636	2		6	6	0	254.6	0.2554
S2	512m	original	utf8	4	1	0.62	1.41	1.34	0.07	2.274	457	2487	0.613	2		0	6	0	80.6	0.2114
S2	512m	accept-groups	views	4	1	0.38	0.83	0.79	0.04	2.184	425	2575	0.380	4		0	0	0	1270.5	0.8525
S2	512m	accept-groups	utf8	4	1	0.41	0.85	0.82	0.03	2.073	282	2449	0.406	4		0	0	0	61.4	0.9141
S2	512m	accept-groups-accounting	views	4	1	0.39	0.87	0.84	0.03	2.231	425	2568	0.387	4		0	0	0	1270.5	0.8545
S0	128m	original	views	4	1	0.57	1.41	1.29	0.12	2.474	387	2260	0.563	2		8	22	0	86.9	0.1487
S0	128m	original	utf8	4	1	0.67	1.49	1.36	0.13	2.224	413	2479	0.670	2		6	18	0	57.7	0.1899
S0	128m	accept-groups	views	4	1	0.34	0.77	0.74	0.03	2.265	260	2358	0.336	4		0	0	0	64.3	0.7583
S0	128m	accept-groups	utf8	4	1	0.38	0.85	0.83	0.02	2.237	251	2505	0.372	4		0	0	0	44.8	0.8507
S0	512m	original	views	5	1	0.65	1.27	1.2	0.07	1.954	429	2321	0.642	2		0	6	0	86.9	0.1261
S0	512m	original	utf8	5	1	0.7	1.39	1.34	0.05	1.986	413	2435	0.692	2		0	6	0	57.2	0.1148
S0	512m	accept-groups	views	5	1	0.35	0.82	0.79	0.03	2.343	283	2430	0.348	4		0	0	0	64.3	0.7716
S0	512m	accept-groups	utf8	5	1	0.4	0.86	0.84	0.02	2.15	262	2413	0.393	4		0	0	0	44.8	0.9
S0	512m	accept-groups-accounting	views	5	1	0.32	0.76	0.73	0.03	2.375	283	2474	0.318	4		0	0	0	64.3	0.7239
S2	128m	original	views	5	1	0.71	1.75	1.48	0.27	2.465	499	2441	0.708	2		33	27	1	331.5	0.1734
S2	128m	original	utf8	5	1	0.7	1.58	1.43	0.15	2.257	450	2223	0.699	2		8	22	0	80.1	0.2314
S2	128m	accept-groups	views	5	1	0.64	1.17	1.08	0.09	1.828	418	2411	0.636	4		0	14	8	598.5	0.884
S2	128m	accept-groups	utf8	5	1	0.41	0.84	0.81	0.03	2.049	282	2433	0.411	4		0	0	0	61.4	0.9419
S2	128m	accept-groups-accounting	views	5	1	0.65	1.15	1.05	0.1	1.769	491	2541	0.641	4		0	14	4	815.4	0.8887
S2	512m	original	views	5	1	0.64	1.5	1.36	0.14	2.344	545	2550	0.641	2		6	6	0	241.3	0.2695
S2	512m	original	utf8	5	1	0.61	1.41	1.32	0.09	2.311	435	2535	0.608	2		0	6	0	83.6	0.2173
S2	512m	accept-groups	views	5	1	0.39	0.85	0.81	0.04	2.179	441	2551	0.383	4		0	0	0	1270.5	0.8522
S2	512m	accept-groups	utf8	5	1	0.41	0.84	0.81	0.03	2.049	284	2436	0.405	4		0	0	0	61.4	0.9249
S2	512m	accept-groups-accounting	views	5	1	0.39	0.85	0.83	0.02	2.179	437	2629	0.385	4		0	0	0	1270.5	0.844
S0	128m	original	views	5	1	0.66	1.42	1.3	0.12	2.152	380	2097	0.653	2		8	22	0	86.9	0.2162
S0	128m	original	utf8	5	1	0.64	1.51	1.38	0.13	2.359	395	2478	0.631	2		6	19	0	57.1	0.1539
S0	128m	accept-groups	views	5	1	0.34	0.78	0.75	0.03	2.294	280	2339	0.335	4		0	0	0	64.3	0.7521
S0	128m	accept-groups	utf8	5	1	0.37	0.85	0.83	0.02	2.297	250	2474	0.369	4		0	0	0	44.8	0.8661
S0	128m	accept-groups-accounting	views	5	1	0.33	0.77	0.75	0.02	2.333	282	2447	0.330	4		0	0	0	64.3	0.7441
S0	512m	original	utf8	6	1	0.59	1.36	1.29	0.07	2.305	459	2554	0.590	2		0	6	0	56.8	0.2073
S0	512m	accept-groups	views	6	1	0.34	0.78	0.75	0.03	2.294	288	2466	0.335	4		0	0	0	64.3	0.754
S0	512m	accept-groups	utf8	6	1	0.38	0.83	0.8	0.03	2.184	272	2493	0.376	4		0	0	0	44.8	0.886
S0	512m	accept-groups-accounting	views	6	1	0.33	0.79	0.76	0.03	2.394	273	2509	0.321	4		0	0	0	64.3	0.7413
S2	128m	original	views	6	1	0.66	1.77	1.5	0.27	2.682	452	2202	0.656	2		32	28	3	310.7	0.2406
S2	128m	original	utf8	6	1	0.7	1.59	1.43	0.16	2.271	480	2134	0.692	2		8	22	0	76.8	0.216
S2	128m	accept-groups	views	6	1	0.62	1.18	1.07	0.11	1.903	400	2365	0.619	4		0	14	8	605.6	0.8276
S2	128m	accept-groups	utf8	6	1	0.41	0.88	0.86	0.02	2.146	280	2458	0.408	4		0	0	0	61.4	0.9217
S2	128m	accept-groups-accounting	views	6	1	0.65	1.16	1.06	0.1	1.785	520	2635	0.641	4		0	14	4	804.1	0.8735
S2	512m	original	views	6	1	0.72	1.5	1.36	0.14	2.083	546	2490	0.715	2		6	6	0	240.8	0.2435
S2	512m	original	utf8	6	1	0.63	1.42	1.34	0.08	2.254	468	2677	0.626	2		0	6	0	82.1	0.2488
S2	512m	accept-groups	views	6	1	0.39	0.86	0.81	0.05	2.205	449	2520	0.385	4		0	0	0	1270.5	0.8592
S2	512m	accept-groups	utf8	6	1	0.41	0.83	0.8	0.03	2.024	306	2506	0.404	4		0	0	0	61.4	0.9264
S2	512m	accept-groups-accounting	views	6	1	0.39	0.86	0.82	0.04	2.205	391	2467	0.384	4		0	0	0	1270.5	0.8538
S0	128m	original	views	6	1	0.56	1.42	1.28	0.14	2.536	388	2332	0.557	2		8	21	0	86.0	0.1431
S0	128m	original	utf8	6	1	0.69	1.51	1.39	0.12	2.188	399	2448	0.683	2		6	18	0	58.3	0.1818
S0	128m	accept-groups	views	6	1	0.35	0.8	0.76	0.04	2.286	271	2332	0.351	4		0	0	0	64.3	0.7873
S0	128m	accept-groups	utf8	6	1	0.39	0.87	0.84	0.03	2.231	270	2428	0.388	4		0	0	0	44.8	0.9152
S0	128m	accept-groups-accounting	views	6	1	0.33	0.75	0.72	0.03	2.273	275	2421	0.328	4		0	0	0	64.3	0.7365
S0	512m	original	views	6	1	0.59	1.3	1.22	0.08	2.203	467	2491	0.589	2		0	6	0	86.9	0.2376
S0	512m	accept-groups	views	7	1	0.34	0.8	0.75	0.05	2.353	281	2463	0.340	4		0	0	0	64.3	0.7488
S0	512m	accept-groups	utf8	7	1	0.37	0.85	0.82	0.03	2.297	275	2519	0.371	4		0	0	0	44.8	0.8708
S0	512m	accept-groups-accounting	views	7	1	0.34	0.82	0.78	0.04	2.412	275	2519	0.339	4		0	0	0	64.3	0.7537
S2	128m	original	views	7	1	0.73	1.72	1.49	0.23	2.356	490	2310	0.727	2		34	27	0	323.4	0.2509
S2	128m	original	utf8	7	1	0.7	1.59	1.43	0.16	2.271	504	2426	0.694	2		7	22	0	79.3	0.2082
S2	128m	accept-groups	views	7	1	0.58	1.38	1.26	0.12	2.379	428	2487	0.580	4		0	22	8	698.6	0.8644
S2	128m	accept-groups	utf8	7	1	0.41	0.85	0.81	0.04	2.073	299	2503	0.404	4		0	0	0	61.4	0.92
S2	128m	accept-groups-accounting	views	7	1	0.64	1.16	1.07	0.09	1.813	486	2468	0.639	4		0	14	4	807.2	0.8927
S2	512m	original	views	7	1	0.64	1.47	1.33	0.14	2.297	551	2338	0.637	2		6	6	0	260.2	0.101
S2	512m	original	utf8	7	1	0.67	1.45	1.36	0.09	2.164	479	2498	0.670	2		0	6	0	81.3	0.2368
S2	512m	accept-groups	views	7	1	0.38	0.85	0.81	0.04	2.237	416	2501	0.378	4		0	0	0	1270.5	0.8454
S2	512m	accept-groups	utf8	7	1	0.4	0.84	0.81	0.03	2.1	283	2505	0.399	4		0	0	0	61.4	0.9045
S2	512m	accept-groups-accounting	views	7	1	0.38	0.84	0.81	0.03	2.211	429	2508	0.376	4		0	0	0	1270.5	0.832
S0	128m	original	views	7	1	0.61	1.45	1.32	0.13	2.377	424	2278	0.608	2		8	22	0	86.9	0.1827
S0	128m	original	utf8	7	1	0.7	1.53	1.42	0.11	2.186	412	2310	0.693	2		6	20	0	57.3	0.2062
S0	128m	accept-groups	views	7	1	0.34	0.81	0.78	0.03	2.382	296	2524	0.340	4		0	0	0	64.3	0.739
S0	128m	accept-groups	utf8	7	1	0.38	0.85	0.82	0.03	2.237	265	2413	0.378	4		0	0	0	44.8	0.8857
S0	128m	accept-groups-accounting	views	7	1	0.33	0.78	0.76	0.02	2.364	266	2646	0.330	4		0	0	0	64.3	0.7682
S0	512m	original	views	7	1	0.59	1.3	1.22	0.08	2.203	517	2587	0.586	2		0	6	0	86.9	0.2073
S0	512m	original	utf8	7	1	0.61	1.36	1.31	0.05	2.23	417	2535	0.608	2		0	6	0	57.0	0.2294
S0	512m	accept-groups	utf8	8	1	0.39	0.85	0.82	0.03	2.179	275	2515	0.382	4		0	0	0	44.8	0.8916
S0	512m	accept-groups-accounting	views	8	1	0.32	0.78	0.74	0.04	2.438	317	2515	0.318	4		0	0	0	64.3	0.7065
S2	128m	original	views	8	1	0.66	1.74	1.51	0.23	2.636	510	2495	0.657	2		33	26	1	317.6	0.2238
S2	128m	original	utf8	8	1	0.65	1.59	1.43	0.16	2.446	480	2486	0.648	2		8	22	0	80.1	0.1644
S2	128m	accept-groups	views	8	1	0.64	1.17	1.07	0.1	1.828	409	2324	0.635	4		0	14	8	596.5	0.85
S2	128m	accept-groups	utf8	8	1	0.41	0.84	0.81	0.03	2.049	277	2568	0.405	4		0	0	0	61.4	0.9252
S2	128m	accept-groups-accounting	views	8	1	0.62	1.14	1.05	0.09	1.839	490	2488	0.618	4		0	14	4	807.2	0.8214
S2	512m	original	views	8	1	0.64	1.48	1.35	0.13	2.312	560	2460	0.638	2		6	6	0	254.6	0.2481
S2	512m	original	utf8	8	1	0.62	1.4	1.33	0.07	2.258	490	2546	0.615	2		0	6	0	80.9	0.2387
S2	512m	accept-groups	views	8	1	0.38	0.83	0.79	0.04	2.184	422	2503	0.372	4		0	0	0	1270.5	0.8374
S2	512m	accept-groups	utf8	8	1	0.4	0.84	0.81	0.03	2.1	277	2622	0.398	4		0	0	0	61.4	0.9003
S2	512m	accept-groups-accounting	views	8	1	0.38	0.84	0.8	0.04	2.211	415	2514	0.379	4		0	0	0	1270.5	0.8474
S0	128m	original	views	8	1	0.58	1.45	1.31	0.14	2.5	409	2567	0.581	2		8	22	0	89.5	0.1752
S0	128m	original	utf8	8	1	0.63	1.51	1.41	0.1	2.397	385	2401	0.626	2		6	18	0	56.2	0.1553
S0	128m	accept-groups	views	8	1	0.34	0.79	0.76	0.03	2.324	269	2483	0.337	4		0	0	0	64.3	0.7507
S0	128m	accept-groups	utf8	8	1	0.38	0.85	0.82	0.03	2.237	249	2485	0.378	4		0	0	0	44.8	0.8786
S0	128m	accept-groups-accounting	views	8	1	0.34	0.76	0.74	0.02	2.235	246	2386	0.336	4		0	0	0	64.3	0.7667
S0	512m	original	views	8	1	0.58	1.28	1.21	0.07	2.207	461	2515	0.580	2		0	6	0	86.1	0.2538
S0	512m	original	utf8	8	1	0.65	1.37	1.3	0.07	2.108	455	2434	0.650	2		0	6	0	57.2	0.1909
S0	512m	accept-groups	views	8	1	0.34	0.78	0.75	0.03	2.294	280	2545	0.336	4		0	0	0	64.3	0.7491
S0	512m	accept-groups-accounting	views	9	1	0.33	0.78	0.75	0.03	2.364	293	2516	0.330	4		0	0	0	64.3	0.7469
S2	128m	original	views	9	1	0.69	1.75	1.51	0.24	2.536	504	2465	0.686	2		33	27	2	324.8	0.1979
S2	128m	original	utf8	9	1	0.67	1.56	1.41	0.15	2.328	452	2179	0.665	2		8	22	0	77.7	0.2144
S2	128m	accept-groups	views	9	1	0.5	1.32	1.22	0.1	2.64	464	2498	0.499	4		0	18	8	673.9	0.8106
S2	128m	accept-groups	utf8	9	1	0.4	0.83	0.79	0.04	2.075	291	2439	0.398	4		0	0	0	61.4	0.9059
S2	128m	accept-groups-accounting	views	9	1	0.65	1.16	1.08	0.08	1.785	500	2499	0.650	4		0	14	4	815.4	0.8882
S2	512m	original	views	9	1	0.66	1.5	1.35	0.15	2.273	556	2424	0.654	2		6	6	0	241.7	0.1799
S2	512m	original	utf8	9	1	0.65	1.4	1.32	0.08	2.154	496	2437	0.646	2		0	6	0	81.3	0.1517
S2	512m	accept-groups	views	9	1	0.39	0.86	0.82	0.04	2.205	463	2487	0.384	4		0	0	0	1270.5	0.8459
S2	512m	accept-groups	utf8	9	1	0.41	0.86	0.83	0.03	2.098	295	2495	0.408	4		0	0	0	61.4	0.9166
S2	512m	accept-groups-accounting	views	9	1	0.37	0.81	0.78	0.03	2.189	390	2621	0.366	4		0	0	0	1270.5	0.8235
S0	128m	original	views	9	1	0.6	1.42	1.3	0.12	2.367	384	2207	0.596	2		8	22	0	86.9	0.1671
S0	128m	original	utf8	9	1	0.67	1.5	1.38	0.12	2.239	425	2096	0.662	2		6	19	0	55.9	0.1399
S0	128m	accept-groups	views	9	1	0.34	0.78	0.75	0.03	2.294	279	2524	0.335	4		0	0	0	64.3	0.7403
S0	128m	accept-groups	utf8	9	1	0.39	0.88	0.86	0.02	2.256	255	2420	0.385	4		0	0	0	44.8	0.8972
S0	128m	accept-groups-accounting	views	9	1	0.34	0.79	0.77	0.02	2.324	285	2452	0.338	4		0	0	0	64.3	0.7681
S0	512m	original	views	9	1	0.6	1.31	1.24	0.07	2.183	437	2547	0.592	2		0	6	0	86.1	0.177
S0	512m	original	utf8	9	1	0.6	1.38	1.31	0.07	2.3	452	2584	0.593	2		0	6	0	57.2	0.2179
S0	512m	accept-groups	views	9	1	0.35	0.79	0.75	0.04	2.257	278	2466	0.344	4		0	0	0	64.3	0.7744
S0	512m	accept-groups	utf8	9	1	0.37	0.83	0.8	0.03	2.243	265	2439	0.370	4		0	0	0	44.8	0.8644
S2	128m	original	views	10	1	0.71	1.73	1.48	0.25	2.437	488	2417	0.705	2		34	28	1	323.8	0.2342
S2	128m	original	utf8	10	1	0.67	1.56	1.43	0.13	2.328	448	2223	0.667	2		8	22	0	76.2	0.1861
S2	128m	accept-groups	views	10	1	0.64	1.16	1.04	0.12	1.813	438	2471	0.636	4		0	14	8	592.7	0.8564
S2	128m	accept-groups	utf8	10	1	0.4	0.84	0.81	0.03	2.1	303	2444	0.400	4		0	0	0	61.4	0.9007
S2	128m	accept-groups-accounting	views	10	1	0.65	1.16	1.07	0.09	1.785	484	2494	0.646	4		0	14	4	804.1	0.8764
S2	512m	original	views	10	1	0.66	1.54	1.4	0.14	2.333	583	2514	0.652	2		6	6	0	225.4	0.2419
S2	512m	original	utf8	10	1	0.67	1.42	1.34	0.08	2.119	447	2534	0.668	2		0	6	0	82.9	0.2298
S2	512m	accept-groups	views	10	1	0.39	0.85	0.81	0.04	2.179	411	2492	0.384	4		0	0	0	1270.5	0.8578
S2	512m	accept-groups	utf8	10	1	0.41	0.88	0.85	0.03	2.146	299	2456	0.408	4		0	0	0	61.4	0.9496
S2	512m	accept-groups-accounting	views	10	1	0.39	0.85	0.81	0.04	2.179	420	2377	0.382	4		0	0	0	1270.5	0.8477
S0	128m	original	views	10	1	0.58	1.45	1.3	0.15	2.5	404	2458	0.575	2		8	21	0	86.0	0.13
S0	128m	original	utf8	10	1	0.65	1.5	1.39	0.11	2.308	431	2433	0.646	2		6	19	0	57.8	0.1597
S0	128m	accept-groups	views	10	1	0.34	0.78	0.74	0.04	2.294	267	2516	0.335	4		0	0	0	64.3	0.7492
S0	128m	accept-groups	utf8	10	1	0.38	0.85	0.82	0.03	2.237	287	2526	0.372	4		0	0	0	44.8	0.8557
S0	128m	accept-groups-accounting	views	10	1	0.32	0.76	0.74	0.02	2.375	262	2326	0.319	4		0	0	0	64.3	0.7378
S0	512m	original	views	10	1	0.6	1.32	1.25	0.07	2.2	473	2459	0.595	2		0	6	0	87.8	0.1903
S0	512m	original	utf8	10	1	0.64	1.35	1.29	0.06	2.109	435	2524	0.640	2		0	6	0	59.3	0.2355
S0	512m	accept-groups	views	10	1	0.33	0.75	0.73	0.02	2.273	255	2390	0.326	4		0	0	0	64.3	0.7288
S0	512m	accept-groups	utf8	10	1	0.38	0.84	0.82	0.02	2.211	247	2478	0.374	4		0	0	0	44.8	0.8788
S0	512m	accept-groups-accounting	views	10	1	0.34	0.78	0.75	0.03	2.294	280	2429	0.334	4		0	0	0	64.3	0.7632
