series	name	experiment	variant	files	query	target	purge_delay	run	ok	groups	elapsed_s	rss_mb	mi_peak_commit_mb	user_s	sys_s	error
1	E1-150-Q0-original	E1	original	150	Q0	2	default	1	1	2	0.023	250	296	0.03	0.07	
1	E1-150-Q1-ordered	E1	accept-groups	150	Q1	2	default	1	1	150	0.090	472	553	0.15	0.24	
1	E1-150-Q1-original	E1	original	150	Q1	2	default	1	1	2	0.095	463	526	0.18	0.16	
1	E1-150-Q2-ordered	E1	accept-groups	150	Q2	2	default	1	1	150	0.097	596	761	0.53	0.17	
1	E1-150-Q2-original	E1	original	150	Q2	2	default	1	1	2	0.073	353	402	0.15	0.06	
1	E1-150-Q3-ordered	E1	accept-groups	150	Q3	2	default	1	1	150	0.377	757	944	1.14	0.28	
1	E1-150-Q3-original	E1	original	150	Q3	2	default	1	1	2	0.619	668	707	1.4	0.16	
1	E2-150-Q3-t4	E2	accept-groups	150	Q3	4	default	1	1	150	0.413	877	1024	1.5	0.37	
1	E2-150-Q3-t8	E2	accept-groups	150	Q3	8	default	1	1	150	0.316	1166	1434	2.14	0.63	
1	E1-300-Q0-ordered	E1	accept-groups	300	Q0	2	default	1	1	300	0.030	405	380	0.1	0.2	
1	E1-300-Q0-original	E1	original	300	Q0	2	default	1	1	2	0.034	228	202	0.06	0.06	
1	E1-300-Q1-ordered	E1	accept-groups	300	Q1	2	default	1	1	300	0.105	478	455	0.22	0.2	
1	E1-300-Q1-original	E1	original	300	Q1	2	default	1	1	2	0.110	384	380	0.19	0.12	
1	E1-300-Q2-ordered	E1	accept-groups	300	Q2	2	default	1	1	300	0.100	547	607	0.47	0.17	
1	E1-300-Q2-original	E1	original	300	Q2	2	default	1	1	2	0.082	331	306	0.17	0.06	
1	E1-300-Q3-ordered	E1	accept-groups	300	Q3	2	default	1	1	300	0.418	810	915	1.23	0.33	
1	E1-300-Q3-original	E1	original	300	Q3	2	default	1	1	2	0.633	586	576	1.4	0.15	
1	E2-300-Q3-t4	E2	accept-groups	300	Q3	4	default	1	1	300	0.326	1267	1638	1.35	0.55	
1	E2-300-Q3-t8	E2	accept-groups	300	Q3	8	default	1	1	300	0.362	1473	1946	2.35	0.83	
1	E1-600-Q0-ordered	E1	accept-groups	600	Q0	2	default	1	1	599	0.049	551	503	0.18	0.28	
1	E1-600-Q0-original	E1	original	600	Q0	2	default	1	1	2	0.058	266	235	0.1	0.1	
1	E1-600-Q1-ordered	E1	accept-groups	600	Q1	2	default	1	1	599	0.129	615	511	0.28	0.32	
1	E1-600-Q1-original	E1	original	600	Q1	2	default	1	1	2	0.138	382	354	0.25	0.13	
1	E1-600-Q2-ordered	E1	accept-groups	600	Q2	2	default	1	1	599	0.125	705	746	0.55	0.24	
1	E1-600-Q2-original	E1	original	600	Q2	2	default	1	1	2	0.096	342	331	0.2	0.07	
1	E1-600-Q3-ordered	E1	accept-groups	600	Q3	2	default	1	1	599	0.484	1375	1741	1.34	0.58	
1	E1-600-Q3-original	E1	original	600	Q3	2	default	1	1	2	0.672	620	603	1.44	0.17	
1	E2-600-Q3-t4	E2	accept-groups	600	Q3	4	default	1	1	599	0.381	1782	2355	1.52	0.73	
1	E2-600-Q3-t8	E2	accept-groups	600	Q3	8	default	1	1	599	0.446	1979	1946	2.53	1.01	
1	E1-1200-Q0-ordered	E1	accept-groups	1200	Q0	2	default	1	1	1196	0.067	462	420	0.24	0.37	
1	E1-1200-Q0-original	E1	original	1200	Q0	2	default	1	1	2	0.100	186	141	0.16	0.11	
1	E1-1200-Q1-ordered	E1	accept-groups	1200	Q1	2	default	1	1	1196	0.177	721	535	0.47	0.42	
1	E1-1200-Q1-original	E1	original	1200	Q1	2	default	1	1	2	0.200	345	301	0.32	0.15	
1	E1-1200-Q2-ordered	E1	accept-groups	1200	Q2	2	default	1	1	1196	0.169	653	657	0.72	0.29	
1	E1-1200-Q2-original	E1	original	1200	Q2	2	default	1	1	2	0.130	307	293	0.25	0.08	
1	E1-1200-Q3-ordered	E1	accept-groups	1200	Q3	2	default	1	1	1196	0.568	1629	2150	1.61	0.68	
1	E1-1200-Q3-original	E1	original	1200	Q3	2	default	1	1	2	0.720	612	585	1.53	0.2	
1	E2-1200-Q3-t4	E2	accept-groups	1200	Q3	4	default	1	1	1196	0.532	2240	2765	1.89	1.0	
1	E2-1200-Q3-t8	E2	accept-groups	1200	Q3	8	default	1	1	1196	0.677	3350	3891	3.35	1.89	
1	E3-1200-Q1-purge0	E3	accept-groups	1200	Q1	2	0	1	1	1196	0.206	730	564	0.44	0.56	
1	E3-1200-Q3-purge0	E3	accept-groups	1200	Q3	2	0	1	1	1196	0.702	1576	2355	1.75	1.18	
1	P-1200-Q3-utf8	P-utf8	accept-groups	1200	Q3	2	default	1	1	1196	0.559	1259	1434	1.66	0.51	
1	P-1200-Q3-batch1024	P-batch1024	accept-groups	1200	Q3	2	default	1	1	1196	0.691	2033	2970	1.94	0.82	
1	E1-150-Q0-ordered	E1	accept-groups	150	Q0	2	default	1	1	150	0.017	348	398	0.08	0.14	
1	E1-150-Q1-ordered	E1	accept-groups	150	Q1	2	default	2	1	150	0.085	461	538	0.15	0.24	
1	E1-150-Q1-original	E1	original	150	Q1	2	default	2	1	2	0.093	456	510	0.16	0.16	
1	E1-150-Q2-ordered	E1	accept-groups	150	Q2	2	default	2	1	150	0.097	545	712	0.48	0.21	
1	E1-150-Q2-original	E1	original	150	Q2	2	default	2	1	2	0.075	360	404	0.15	0.06	
1	E1-150-Q3-ordered	E1	accept-groups	150	Q3	2	default	2	1	150	0.384	793	973	1.25	0.32	
1	E1-150-Q3-original	E1	original	150	Q3	2	default	2	1	2	0.606	654	684	1.37	0.15	
1	E2-150-Q3-t4	E2	accept-groups	150	Q3	4	default	2	1	150	0.320	1149	1536	1.3	0.51	
1	E2-150-Q3-t8	E2	accept-groups	150	Q3	8	default	2	1	150	0.320	1028	1126	2.18	0.54	
1	E1-300-Q0-ordered	E1	accept-groups	300	Q0	2	default	2	1	300	0.024	363	334	0.1	0.15	
1	E1-300-Q0-original	E1	original	300	Q0	2	default	2	1	2	0.033	200	169	0.04	0.06	
1	E1-300-Q1-ordered	E1	accept-groups	300	Q1	2	default	2	1	300	0.097	448	401	0.24	0.2	
1	E1-300-Q1-original	E1	original	300	Q1	2	default	2	1	2	0.110	407	402	0.17	0.15	
1	E1-300-Q2-ordered	E1	accept-groups	300	Q2	2	default	2	1	300	0.097	544	596	0.45	0.18	
1	E1-300-Q2-original	E1	original	300	Q2	2	default	2	1	2	0.083	315	308	0.16	0.07	
1	E1-300-Q3-ordered	E1	accept-groups	300	Q3	2	default	2	1	300	0.447	982	1229	1.28	0.35	
1	E1-300-Q3-original	E1	original	300	Q3	2	default	2	1	2	0.654	636	621	1.44	0.14	
1	E2-300-Q3-t4	E2	accept-groups	300	Q3	4	default	2	1	300	0.339	1051	1229	1.3	0.42	
1	E2-300-Q3-t8	E2	accept-groups	300	Q3	8	default	2	1	300	0.347	1352	1434	2.22	0.68	
1	E1-600-Q0-ordered	E1	accept-groups	600	Q0	2	default	2	1	599	0.035	472	428	0.18	0.22	
1	E1-600-Q0-original	E1	original	600	Q0	2	default	2	1	2	0.056	227	192	0.1	0.06	
1	E1-600-Q1-ordered	E1	accept-groups	600	Q1	2	default	2	1	599	0.136	602	495	0.29	0.32	
1	E1-600-Q1-original	E1	original	600	Q1	2	default	2	1	2	0.138	344	317	0.24	0.12	
1	E1-600-Q2-ordered	E1	accept-groups	600	Q2	2	default	2	1	599	0.120	677	705	0.51	0.28	
1	E1-600-Q2-original	E1	original	600	Q2	2	default	2	1	2	0.098	359	336	0.2	0.07	
1	E1-600-Q3-ordered	E1	accept-groups	600	Q3	2	default	2	1	599	0.530	1556	2048	1.38	0.64	
1	E1-600-Q3-original	E1	original	600	Q3	2	default	2	1	2	0.680	687	670	1.42	0.22	
1	E2-600-Q3-t4	E2	accept-groups	600	Q3	4	default	2	1	599	0.387	1777	2355	1.55	0.74	
1	E2-600-Q3-t8	E2	accept-groups	600	Q3	8	default	2	1	599	0.445	2070	2355	2.52	1.04	
1	E1-1200-Q0-ordered	E1	accept-groups	1200	Q0	2	default	2	1	1196	0.072	458	413	0.25	0.35	
1	E1-1200-Q0-original	E1	original	1200	Q0	2	default	2	1	2	0.101	205	170	0.16	0.12	
1	E1-1200-Q1-ordered	E1	accept-groups	1200	Q1	2	default	2	1	1196	0.177	742	540	0.43	0.45	
1	E1-1200-Q1-original	E1	original	1200	Q1	2	default	2	1	2	0.203	369	338	0.34	0.14	
1	E1-1200-Q2-ordered	E1	accept-groups	1200	Q2	2	default	2	1	1196	0.164	677	683	0.65	0.32	
1	E1-1200-Q2-original	E1	original	1200	Q2	2	default	2	1	2	0.127	310	282	0.27	0.06	
1	E1-1200-Q3-ordered	E1	accept-groups	1200	Q3	2	default	2	1	1196	0.579	2011	2867	1.74	0.83	
1	E1-1200-Q3-original	E1	original	1200	Q3	2	default	2	1	2	0.720	624	602	1.51	0.24	
1	E2-1200-Q3-t4	E2	accept-groups	1200	Q3	4	default	2	1	1196	0.500	1957	2150	1.78	0.91	
1	E2-1200-Q3-t8	E2	accept-groups	1200	Q3	8	default	2	1	1196	0.641	3437	3891	3.14	1.81	
1	E3-1200-Q1-purge0	E3	accept-groups	1200	Q1	2	0	2	1	1196	0.197	796	576	0.43	0.53	
1	E3-1200-Q3-purge0	E3	accept-groups	1200	Q3	2	0	2	1	1196	0.722	1898	2970	1.78	1.29	
1	P-1200-Q3-utf8	P-utf8	accept-groups	1200	Q3	2	default	2	1	1196	0.603	2026	2970	1.77	0.78	
1	P-1200-Q3-batch1024	P-batch1024	accept-groups	1200	Q3	2	default	2	1	1196	0.694	1961	2765	1.81	0.86	
1	E1-150-Q0-ordered	E1	accept-groups	150	Q0	2	default	2	1	150	0.013	339	386	0.07	0.16	
1	E1-150-Q0-original	E1	original	150	Q0	2	default	2	1	2	0.022	214	248	0.03	0.04	
1	E1-150-Q1-original	E1	original	150	Q1	2	default	3	1	2	0.092	419	479	0.16	0.15	
1	E1-150-Q2-ordered	E1	accept-groups	150	Q2	2	default	3	1	150	0.099	568	719	0.53	0.19	
1	E1-150-Q2-original	E1	original	150	Q2	2	default	3	1	2	0.075	342	389	0.14	0.07	
1	E1-150-Q3-ordered	E1	accept-groups	150	Q3	2	default	3	1	150	0.382	754	945	1.21	0.27	
1	E1-150-Q3-original	E1	original	150	Q3	2	default	3	1	2	0.606	701	744	1.38	0.18	
1	E2-150-Q3-t4	E2	accept-groups	150	Q3	4	default	3	1	150	0.298	876	1024	1.28	0.33	
1	E2-150-Q3-t8	E2	accept-groups	150	Q3	8	default	3	1	150	0.319	1003	1126	2.18	0.57	
1	E1-300-Q0-ordered	E1	accept-groups	300	Q0	2	default	3	1	300	0.026	394	374	0.11	0.2	
1	E1-300-Q0-original	E1	original	300	Q0	2	default	3	1	2	0.033	211	183	0.05	0.06	
1	E1-300-Q1-ordered	E1	accept-groups	300	Q1	2	default	3	1	300	0.103	484	443	0.22	0.21	
1	E1-300-Q1-original	E1	original	300	Q1	2	default	3	1	2	0.109	396	384	0.21	0.13	
1	E1-300-Q2-ordered	E1	accept-groups	300	Q2	2	default	3	1	300	0.099	546	595	0.45	0.19	
1	E1-300-Q2-original	E1	original	300	Q2	2	default	3	1	2	0.081	346	354	0.15	0.07	
1	E1-300-Q3-ordered	E1	accept-groups	300	Q3	2	default	3	1	300	0.420	904	1024	1.23	0.35	
1	E1-300-Q3-original	E1	original	300	Q3	2	default	3	1	2	0.652	633	623	1.38	0.2	
1	E2-300-Q3-t4	E2	accept-groups	300	Q3	4	default	3	1	300	0.305	1078	1229	1.32	0.42	
1	E2-300-Q3-t8	E2	accept-groups	300	Q3	8	default	3	1	300	0.373	1536	1946	2.28	0.78	
1	E1-600-Q0-ordered	E1	accept-groups	600	Q0	2	default	3	1	599	0.034	464	421	0.13	0.27	
1	E1-600-Q0-original	E1	original	600	Q0	2	default	3	1	2	0.056	224	190	0.09	0.09	
1	E1-600-Q1-ordered	E1	accept-groups	600	Q1	2	default	3	1	599	0.139	580	504	0.3	0.3	
1	E1-600-Q1-original	E1	original	600	Q1	2	default	3	1	2	0.144	377	344	0.25	0.13	
1	E1-600-Q2-ordered	E1	accept-groups	600	Q2	2	default	3	1	599	0.117	663	697	0.51	0.23	
1	E1-600-Q2-original	E1	original	600	Q2	2	default	3	1	2	0.098	356	340	0.2	0.06	
1	E1-600-Q3-ordered	E1	accept-groups	600	Q3	2	default	3	1	599	0.492	1594	2150	1.39	0.6	
1	E1-600-Q3-original	E1	original	600	Q3	2	default	3	1	2	0.682	643	632	1.43	0.18	
1	E2-600-Q3-t4	E2	accept-groups	600	Q3	4	default	3	1	599	0.378	1731	2253	1.45	0.76	
1	E2-600-Q3-t8	E2	accept-groups	600	Q3	8	default	3	1	599	0.428	1949	1946	2.48	0.97	
1	E1-1200-Q0-ordered	E1	accept-groups	1200	Q0	2	default	3	1	1196	0.070	479	430	0.25	0.34	
1	E1-1200-Q0-original	E1	original	1200	Q0	2	default	3	1	2	0.100	193	158	0.15	0.12	
1	E1-1200-Q1-ordered	E1	accept-groups	1200	Q1	2	default	3	1	1196	0.189	796	582	0.39	0.57	
1	E1-1200-Q1-original	E1	original	1200	Q1	2	default	3	1	2	0.203	343	309	0.32	0.15	
1	E1-1200-Q2-ordered	E1	accept-groups	1200	Q2	2	default	3	1	1196	0.157	684	688	0.68	0.3	
1	E1-1200-Q2-original	E1	original	1200	Q2	2	default	3	1	2	0.132	333	305	0.27	0.07	
1	E1-1200-Q3-ordered	E1	accept-groups	1200	Q3	2	default	3	1	1196	0.598	2090	2970	1.66	0.87	
1	E1-1200-Q3-original	E1	original	1200	Q3	2	default	3	1	2	0.721	634	609	1.52	0.22	
1	E2-1200-Q3-t4	E2	accept-groups	1200	Q3	4	default	3	1	1196	0.499	1972	1946	1.76	0.97	
1	E2-1200-Q3-t8	E2	accept-groups	1200	Q3	8	default	3	1	1196	0.679	3409	3891	2.77	1.83	
1	E3-1200-Q1-purge0	E3	accept-groups	1200	Q1	2	0	3	1	1196	0.196	735	570	0.47	0.53	
1	E3-1200-Q3-purge0	E3	accept-groups	1200	Q3	2	0	3	1	1196	0.661	1277	1741	1.7	1.07	
1	P-1200-Q3-utf8	P-utf8	accept-groups	1200	Q3	2	default	3	1	1196	0.559	1393	1741	1.64	0.56	
1	P-1200-Q3-batch1024	P-batch1024	accept-groups	1200	Q3	2	default	3	1	1196	0.681	1605	2048	1.79	0.76	
1	E1-150-Q0-ordered	E1	accept-groups	150	Q0	2	default	3	1	150	0.016	360	414	0.08	0.15	
1	E1-150-Q0-original	E1	original	150	Q0	2	default	3	1	2	0.024	260	315	0.03	0.07	
1	E1-150-Q1-ordered	E1	accept-groups	150	Q1	2	default	3	1	150	0.092	481	561	0.18	0.21	
1	E1-150-Q2-ordered	E1	accept-groups	150	Q2	2	default	4	1	150	0.097	592	738	0.5	0.22	
1	E1-150-Q3-ordered	E1	accept-groups	150	Q3	2	default	4	1	150	0.392	853	1024	1.27	0.3	
1	E2-150-Q3-t4	E2	accept-groups	150	Q3	4	default	4	1	150	0.308	926	1126	1.32	0.39	
1	E2-150-Q3-t8	E2	accept-groups	150	Q3	8	default	4	1	150	0.321	1079	1331	2.16	0.57	
1	E1-300-Q0-ordered	E1	accept-groups	300	Q0	2	default	4	1	300	0.022	356	328	0.09	0.17	
1	E1-300-Q1-ordered	E1	accept-groups	300	Q1	2	default	4	1	300	0.097	420	401	0.17	0.24	
1	E1-300-Q2-ordered	E1	accept-groups	300	Q2	2	default	4	1	300	0.095	502	550	0.45	0.17	
1	E1-300-Q3-ordered	E1	accept-groups	300	Q3	2	default	4	1	300	0.413	891	1024	1.23	0.33	
1	E2-300-Q3-t4	E2	accept-groups	300	Q3	4	default	4	1	300	0.329	1053	1229	1.3	0.44	
1	E2-300-Q3-t8	E2	accept-groups	300	Q3	8	default	4	1	300	0.360	1550	2048	2.3	0.91	
1	E1-600-Q0-ordered	E1	accept-groups	600	Q0	2	default	4	1	599	0.052	559	514	0.18	0.31	
1	E1-600-Q1-ordered	E1	accept-groups	600	Q1	2	default	4	1	599	0.132	665	553	0.28	0.37	
1	E1-600-Q2-ordered	E1	accept-groups	600	Q2	2	default	4	1	599	0.118	650	692	0.55	0.22	
1	E1-600-Q3-ordered	E1	accept-groups	600	Q3	2	default	4	1	599	0.492	1535	2048	1.39	0.67	
1	E2-600-Q3-t4	E2	accept-groups	600	Q3	4	default	4	1	599	0.382	1645	2048	1.51	0.7	
1	E2-600-Q3-t8	E2	accept-groups	600	Q3	8	default	4	1	599	0.455	2218	2662	2.12	1.16	
1	E1-1200-Q0-ordered	E1	accept-groups	1200	Q0	2	default	4	1	1196	0.069	478	431	0.22	0.39	
1	E1-1200-Q1-ordered	E1	accept-groups	1200	Q1	2	default	4	1	1196	0.192	770	558	0.44	0.48	
1	E1-1200-Q2-ordered	E1	accept-groups	1200	Q2	2	default	4	1	1196	0.166	670	679	0.73	0.31	
1	E1-1200-Q3-ordered	E1	accept-groups	1200	Q3	2	default	4	1	1196	0.579	2005	2867	1.75	0.82	
1	E2-1200-Q3-t4	E2	accept-groups	1200	Q3	4	default	4	1	1196	0.522	2429	3379	1.95	1.17	
1	E2-1200-Q3-t8	E2	accept-groups	1200	Q3	8	default	4	1	1196	0.673	3385	3482	2.79	1.78	
1	E3-1200-Q1-purge0	E3	accept-groups	1200	Q1	2	0	4	1	1196	0.204	701	545	0.45	0.56	
1	E3-1200-Q3-purge0	E3	accept-groups	1200	Q3	2	0	4	1	1196	0.717	1884	2970	1.85	1.21	
1	E1-150-Q0-ordered	E1	accept-groups	150	Q0	2	default	4	1	150	0.018	351	403	0.09	0.15	
1	E1-150-Q1-ordered	E1	accept-groups	150	Q1	2	default	4	1	150	0.092	487	574	0.16	0.21	
1	E1-150-Q3-ordered	E1	accept-groups	150	Q3	2	default	5	1	150	0.397	797	964	1.17	0.37	
1	E2-150-Q3-t4	E2	accept-groups	150	Q3	4	default	5	1	150	0.416	914	1126	1.43	0.38	
1	E2-150-Q3-t8	E2	accept-groups	150	Q3	8	default	5	1	150	0.310	1148	1331	2.23	0.58	
1	E1-300-Q0-ordered	E1	accept-groups	300	Q0	2	default	5	1	300	0.019	313	283	0.08	0.15	
1	E1-300-Q1-ordered	E1	accept-groups	300	Q1	2	default	5	1	300	0.103	449	421	0.19	0.24	
1	E1-300-Q2-ordered	E1	accept-groups	300	Q2	2	default	5	1	300	0.099	550	602	0.47	0.16	
1	E1-300-Q3-ordered	E1	accept-groups	300	Q3	2	default	5	1	300	0.431	978	1229	1.26	0.4	
1	E2-300-Q3-t4	E2	accept-groups	300	Q3	4	default	5	1	300	0.323	1009	1126	1.24	0.49	
1	E2-300-Q3-t8	E2	accept-groups	300	Q3	8	default	5	1	300	0.376	1676	2253	2.36	0.9	
1	E1-600-Q0-ordered	E1	accept-groups	600	Q0	2	default	5	1	599	0.042	509	465	0.15	0.25	
1	E1-600-Q1-ordered	E1	accept-groups	600	Q1	2	default	5	1	599	0.130	626	538	0.31	0.33	
1	E1-600-Q2-ordered	E1	accept-groups	600	Q2	2	default	5	1	599	0.122	656	694	0.56	0.21	
1	E1-600-Q3-ordered	E1	accept-groups	600	Q3	2	default	5	1	599	0.477	1290	1638	1.34	0.5	
1	E2-600-Q3-t4	E2	accept-groups	600	Q3	4	default	5	1	599	0.416	2135	2970	1.57	0.93	
1	E2-600-Q3-t8	E2	accept-groups	600	Q3	8	default	5	1	599	0.442	2007	1946	2.01	1.06	
1	E1-1200-Q0-ordered	E1	accept-groups	1200	Q0	2	default	5	1	1196	0.075	478	431	0.26	0.36	
1	E1-1200-Q1-ordered	E1	accept-groups	1200	Q1	2	default	5	1	1196	0.192	789	565	0.42	0.5	
1	E1-1200-Q2-ordered	E1	accept-groups	1200	Q2	2	default	5	1	1196	0.170	630	646	0.75	0.26	
1	E1-1200-Q3-ordered	E1	accept-groups	1200	Q3	2	default	5	1	1196	0.578	1810	2458	1.68	0.72	
1	E2-1200-Q3-t4	E2	accept-groups	1200	Q3	4	default	5	1	1196	0.517	2324	2970	1.87	1.19	
1	E2-1200-Q3-t8	E2	accept-groups	1200	Q3	8	default	5	1	1196	0.656	3302	3789	3.24	1.99	
1	E3-1200-Q1-purge0	E3	accept-groups	1200	Q1	2	0	5	1	1196	0.193	807	587	0.43	0.58	
1	E3-1200-Q3-purge0	E3	accept-groups	1200	Q3	2	0	5	1	1196	0.704	1903	2970	1.85	1.32	
1	E1-150-Q0-ordered	E1	accept-groups	150	Q0	2	default	5	1	150	0.015	343	392	0.08	0.15	
1	E1-150-Q1-ordered	E1	accept-groups	150	Q1	2	default	5	1	150	0.087	465	548	0.18	0.23	
1	E1-150-Q2-ordered	E1	accept-groups	150	Q2	2	default	5	1	150	0.095	540	721	0.48	0.16	
2	E1-150-Q0-original	E1	original	150	Q0	2	default	1	1	2	0.023	239	287	0.03	0.07	
2	E1-150-Q1-ordered	E1	accept-groups	150	Q1	2	default	1	1	150	0.085	439	520	0.16	0.22	
2	E1-150-Q1-original	E1	original	150	Q1	2	default	1	1	2	0.093	440	491	0.17	0.15	
2	E1-150-Q2-ordered	E1	accept-groups	150	Q2	2	default	1	1	150	0.091	564	717	0.44	0.2	
2	E1-150-Q2-original	E1	original	150	Q2	2	default	1	1	2	0.074	353	408	0.15	0.06	
2	E1-150-Q3-ordered	E1	accept-groups	150	Q3	2	default	1	1	150	0.387	782	968	1.19	0.34	
2	E1-150-Q3-original	E1	original	150	Q3	2	default	1	1	2	0.608	661	682	1.38	0.17	
2	E2-150-Q3-t4	E2	accept-groups	150	Q3	4	default	1	1	150	0.292	936	1126	1.28	0.4	
2	E2-150-Q3-t8	E2	accept-groups	150	Q3	8	default	1	1	150	0.332	968	1024	2.2	0.54	
2	E1-300-Q0-ordered	E1	accept-groups	300	Q0	2	default	1	1	300	0.018	336	312	0.1	0.15	
2	E1-300-Q0-original	E1	original	300	Q0	2	default	1	1	2	0.034	226	196	0.04	0.07	
2	E1-300-Q1-ordered	E1	accept-groups	300	Q1	2	default	1	1	300	0.102	470	437	0.17	0.27	
2	E1-300-Q1-original	E1	original	300	Q1	2	default	1	1	2	0.112	399	390	0.19	0.15	
2	E1-300-Q2-ordered	E1	accept-groups	300	Q2	2	default	1	1	300	0.098	532	585	0.48	0.17	
2	E1-300-Q2-original	E1	original	300	Q2	2	default	1	1	2	0.082	329	326	0.18	0.05	
2	E1-300-Q3-ordered	E1	accept-groups	300	Q3	2	default	1	1	300	0.427	875	1024	1.25	0.31	
2	E1-300-Q3-original	E1	original	300	Q3	2	default	1	1	2	0.639	635	608	1.38	0.2	
2	E2-300-Q3-t4	E2	accept-groups	300	Q3	4	default	1	1	300	0.328	1095	1331	1.38	0.45	
2	E2-300-Q3-t8	E2	accept-groups	300	Q3	8	default	1	1	300	0.345	1498	1843	2.25	0.77	
2	E1-600-Q0-ordered	E1	accept-groups	600	Q0	2	default	1	1	599	0.035	493	451	0.16	0.26	
2	E1-600-Q0-original	E1	original	600	Q0	2	default	1	1	2	0.056	212	187	0.07	0.09	
2	E1-600-Q1-ordered	E1	accept-groups	600	Q1	2	default	1	1	599	0.131	653	521	0.27	0.37	
2	E1-600-Q1-original	E1	original	600	Q1	2	default	1	1	2	0.138	382	366	0.25	0.12	
2	E1-600-Q2-ordered	E1	accept-groups	600	Q2	2	default	1	1	599	0.124	701	732	0.54	0.3	
2	E1-600-Q2-original	E1	original	600	Q2	2	default	1	1	2	0.096	342	326	0.21	0.05	
2	E1-600-Q3-ordered	E1	accept-groups	600	Q3	2	default	1	1	599	0.485	1480	1946	1.43	0.6	
2	E1-600-Q3-original	E1	original	600	Q3	2	default	1	1	2	0.675	634	614	1.42	0.19	
2	E2-600-Q3-t4	E2	accept-groups	600	Q3	4	default	1	1	599	0.381	1585	1946	1.44	0.65	
2	E2-600-Q3-t8	E2	accept-groups	600	Q3	8	default	1	1	599	0.476	2222	2458	2.08	1.15	
2	E1-1200-Q0-ordered	E1	accept-groups	1200	Q0	2	default	1	1	1196	0.077	465	414	0.26	0.34	
2	E1-1200-Q0-original	E1	original	1200	Q0	2	default	1	1	2	0.102	208	162	0.14	0.13	
2	E1-1200-Q1-ordered	E1	accept-groups	1200	Q1	2	default	1	1	1196	0.198	756	555	0.44	0.49	
2	E1-1200-Q1-original	E1	original	1200	Q1	2	default	1	1	2	0.201	332	309	0.34	0.15	
2	E1-1200-Q2-ordered	E1	accept-groups	1200	Q2	2	default	1	1	1196	0.168	665	672	0.72	0.31	
2	E1-1200-Q2-original	E1	original	1200	Q2	2	default	1	1	2	0.126	375	350	0.26	0.09	
2	E1-1200-Q3-ordered	E1	accept-groups	1200	Q3	2	default	1	1	1196	0.600	2096	2970	1.7	0.84	
2	E1-1200-Q3-original	E1	original	1200	Q3	2	default	1	1	2	0.709	605	594	1.54	0.19	
2	E2-1200-Q3-t4	E2	accept-groups	1200	Q3	4	default	1	1	1196	0.503	2404	3277	1.94	1.18	
2	E2-1200-Q3-t8	E2	accept-groups	1200	Q3	8	default	1	1	1196	0.711	3512	3994	2.82	1.86	
2	E3-1200-Q1-purge0	E3	accept-groups	1200	Q1	2	0	1	1	1196	0.202	727	559	0.44	0.55	
2	E3-1200-Q3-purge0	E3	accept-groups	1200	Q3	2	0	1	1	1196	0.685	1678	2560	1.79	1.17	
2	P-1200-Q3-utf8	P-utf8	accept-groups	1200	Q3	2	default	1	1	1196	0.569	2016	2970	1.81	0.76	
2	P-1200-Q3-batch1024	P-batch1024	accept-groups	1200	Q3	2	default	1	1	1196	0.696	2032	2970	1.91	0.85	
2	E1-150-Q0-ordered	E1	accept-groups	150	Q0	2	default	1	1	150	0.016	363	413	0.07	0.17	
2	E1-150-Q1-ordered	E1	accept-groups	150	Q1	2	default	2	1	150	0.087	465	534	0.16	0.25	
2	E1-150-Q1-original	E1	original	150	Q1	2	default	2	1	2	0.096	425	477	0.18	0.14	
2	E1-150-Q2-ordered	E1	accept-groups	150	Q2	2	default	2	1	150	0.097	554	707	0.5	0.23	
2	E1-150-Q2-original	E1	original	150	Q2	2	default	2	1	2	0.075	334	383	0.17	0.04	
2	E1-150-Q3-ordered	E1	accept-groups	150	Q3	2	default	2	1	150	0.391	794	980	1.17	0.33	
2	E1-150-Q3-original	E1	original	150	Q3	2	default	2	1	2	0.626	671	706	1.37	0.18	
2	E2-150-Q3-t4	E2	accept-groups	150	Q3	4	default	2	1	150	0.309	940	1126	1.37	0.42	
2	E2-150-Q3-t8	E2	accept-groups	150	Q3	8	default	2	1	150	0.325	1091	1331	2.17	0.56	
2	E1-300-Q0-ordered	E1	accept-groups	300	Q0	2	default	2	1	300	0.029	383	356	0.1	0.18	
2	E1-300-Q0-original	E1	original	300	Q0	2	default	2	1	2	0.033	217	192	0.03	0.08	
2	E1-300-Q1-ordered	E1	accept-groups	300	Q1	2	default	2	1	300	0.103	497	469	0.18	0.25	
2	E1-300-Q1-original	E1	original	300	Q1	2	default	2	1	2	0.108	377	375	0.2	0.11	
2	E1-300-Q2-ordered	E1	accept-groups	300	Q2	2	default	2	1	300	0.103	539	601	0.49	0.17	
2	E1-300-Q2-original	E1	original	300	Q2	2	default	2	1	2	0.082	338	329	0.15	0.08	
2	E1-300-Q3-ordered	E1	accept-groups	300	Q3	2	default	2	1	300	0.412	841	992	1.25	0.3	
2	E1-300-Q3-original	E1	original	300	Q3	2	default	2	1	2	0.647	598	570	1.41	0.15	
2	E2-300-Q3-t4	E2	accept-groups	300	Q3	4	default	2	1	300	0.312	1117	1331	1.3	0.45	
2	E2-300-Q3-t8	E2	accept-groups	300	Q3	8	default	2	1	300	0.387	1887	2662	2.36	1.03	
2	E1-600-Q0-ordered	E1	accept-groups	600	Q0	2	default	2	1	599	0.037	465	418	0.13	0.24	
2	E1-600-Q0-original	E1	original	600	Q0	2	default	2	1	2	0.056	232	210	0.09	0.09	
2	E1-600-Q1-ordered	E1	accept-groups	600	Q1	2	default	2	1	599	0.132	657	537	0.29	0.35	
2	E1-600-Q1-original	E1	original	600	Q1	2	default	2	1	2	0.142	404	380	0.24	0.14	
2	E1-600-Q2-ordered	E1	accept-groups	600	Q2	2	default	2	1	599	0.127	684	705	0.52	0.29	
2	E1-600-Q2-original	E1	original	600	Q2	2	default	2	1	2	0.098	355	340	0.21	0.06	
2	E1-600-Q3-ordered	E1	accept-groups	600	Q3	2	default	2	1	599	0.464	1043	1126	1.29	0.39	
2	E1-600-Q3-original	E1	original	600	Q3	2	default	2	1	2	0.685	632	615	1.45	0.18	
2	E2-600-Q3-t4	E2	accept-groups	600	Q3	4	default	2	1	599	0.388	1410	1638	1.45	0.67	
2	E2-600-Q3-t8	E2	accept-groups	600	Q3	8	default	2	1	599	0.466	2115	2355	2.38	1.07	
2	E1-1200-Q0-ordered	E1	accept-groups	1200	Q0	2	default	2	1	1196	0.063	459	408	0.28	0.3	
2	E1-1200-Q0-original	E1	original	1200	Q0	2	default	2	1	2	0.101	198	157	0.15	0.11	
2	E1-1200-Q1-ordered	E1	accept-groups	1200	Q1	2	default	2	1	1196	0.197	781	572	0.43	0.49	
2	E1-1200-Q1-original	E1	original	1200	Q1	2	default	2	1	2	0.202	358	325	0.35	0.14	
2	E1-1200-Q2-ordered	E1	accept-groups	1200	Q2	2	default	2	1	1196	0.165	675	683	0.7	0.34	
2	E1-1200-Q2-original	E1	original	1200	Q2	2	default	2	1	2	0.127	323	312	0.26	0.08	
2	E1-1200-Q3-ordered	E1	accept-groups	1200	Q3	2	default	2	1	1196	0.595	2118	3072	1.7	0.87	
2	E1-1200-Q3-original	E1	original	1200	Q3	2	default	2	1	2	0.725	624	586	1.53	0.21	
2	E2-1200-Q3-t4	E2	accept-groups	1200	Q3	4	default	2	1	1196	0.497	2240	2867	1.87	1.13	
2	E2-1200-Q3-t8	E2	accept-groups	1200	Q3	8	default	2	1	1196	0.638	3292	3379	2.76	1.63	
2	E3-1200-Q1-purge0	E3	accept-groups	1200	Q1	2	0	2	1	1196	0.212	762	563	0.46	0.56	
2	E3-1200-Q3-purge0	E3	accept-groups	1200	Q3	2	0	2	1	1196	0.700	1678	2560	1.81	1.1	
2	P-1200-Q3-utf8	P-utf8	accept-groups	1200	Q3	2	default	2	1	1196	0.575	2010	2867	1.76	0.77	
2	P-1200-Q3-batch1024	P-batch1024	accept-groups	1200	Q3	2	default	2	1	1196	0.686	1682	2150	1.84	0.75	
2	E1-150-Q0-ordered	E1	accept-groups	150	Q0	2	default	2	1	150	0.013	323	377	0.07	0.13	
2	E1-150-Q0-original	E1	original	150	Q0	2	default	2	1	2	0.025	244	294	0.03	0.07	
2	E1-150-Q1-original	E1	original	150	Q1	2	default	3	1	2	0.090	440	507	0.18	0.13	
2	E1-150-Q2-ordered	E1	accept-groups	150	Q2	2	default	3	1	150	0.092	580	723	0.46	0.22	
2	E1-150-Q2-original	E1	original	150	Q2	2	default	3	1	2	0.078	371	440	0.15	0.08	
2	E1-150-Q3-ordered	E1	accept-groups	150	Q3	2	default	3	1	150	0.394	844	1021	1.22	0.31	
2	E1-150-Q3-original	E1	original	150	Q3	2	default	3	1	2	0.613	651	680	1.35	0.17	
2	E2-150-Q3-t4	E2	accept-groups	150	Q3	4	default	3	1	150	0.286	848	1024	1.25	0.34	
2	E2-150-Q3-t8	E2	accept-groups	150	Q3	8	default	3	1	150	0.311	1053	1229	2.13	0.62	
2	E1-300-Q0-ordered	E1	accept-groups	300	Q0	2	default	3	1	300	0.020	373	347	0.11	0.16	
2	E1-300-Q0-original	E1	original	300	Q0	2	default	3	1	2	0.034	216	189	0.05	0.06	
2	E1-300-Q1-ordered	E1	accept-groups	300	Q1	2	default	3	1	300	0.102	514	472	0.2	0.27	
2	E1-300-Q1-original	E1	original	300	Q1	2	default	3	1	2	0.109	384	379	0.24	0.1	
2	E1-300-Q2-ordered	E1	accept-groups	300	Q2	2	default	3	1	300	0.100	540	604	0.43	0.2	
2	E1-300-Q2-original	E1	original	300	Q2	2	default	3	1	2	0.082	313	303	0.16	0.05	
2	E1-300-Q3-ordered	E1	accept-groups	300	Q3	2	default	3	1	300	0.422	859	987	1.22	0.32	
2	E1-300-Q3-original	E1	original	300	Q3	2	default	3	1	2	0.622	619	595	1.39	0.15	
2	E2-300-Q3-t4	E2	accept-groups	300	Q3	4	default	3	1	300	0.326	1110	1331	1.3	0.46	
2	E2-300-Q3-t8	E2	accept-groups	300	Q3	8	default	3	1	300	0.349	1372	1536	2.13	0.76	
2	E1-600-Q0-ordered	E1	accept-groups	600	Q0	2	default	3	1	599	0.038	525	475	0.17	0.25	
2	E1-600-Q0-original	E1	original	600	Q0	2	default	3	1	2	0.057	220	188	0.1	0.07	
2	E1-600-Q1-ordered	E1	accept-groups	600	Q1	2	default	3	1	599	0.128	632	526	0.31	0.33	
2	E1-600-Q1-original	E1	original	600	Q1	2	default	3	1	2	0.144	395	369	0.24	0.13	
2	E1-600-Q2-ordered	E1	accept-groups	600	Q2	2	default	3	1	599	0.124	700	719	0.52	0.28	
2	E1-600-Q2-original	E1	original	600	Q2	2	default	3	1	2	0.099	325	293	0.21	0.04	
2	E1-600-Q3-ordered	E1	accept-groups	600	Q3	2	default	3	1	599	0.503	1686	2355	1.43	0.65	
2	E1-600-Q3-original	E1	original	600	Q3	2	default	3	1	2	0.673	653	637	1.45	0.17	
2	E2-600-Q3-t4	E2	accept-groups	600	Q3	4	default	3	1	599	0.388	1485	1843	1.5	0.66	
2	E2-600-Q3-t8	E2	accept-groups	600	Q3	8	default	3	1	599	0.459	2142	2253	2.17	1.05	
2	E1-1200-Q0-ordered	E1	accept-groups	1200	Q0	2	default	3	1	1196	0.071	447	399	0.23	0.37	
2	E1-1200-Q0-original	E1	original	1200	Q0	2	default	3	1	2	0.103	185	144	0.16	0.11	
2	E1-1200-Q1-ordered	E1	accept-groups	1200	Q1	2	default	3	1	1196	0.195	795	578	0.45	0.51	
2	E1-1200-Q1-original	E1	original	1200	Q1	2	default	3	1	2	0.201	351	319	0.31	0.17	
2	E1-1200-Q2-ordered	E1	accept-groups	1200	Q2	2	default	3	1	1196	0.170	632	648	0.7	0.29	
2	E1-1200-Q2-original	E1	original	1200	Q2	2	default	3	1	2	0.127	335	299	0.26	0.06	
2	E1-1200-Q3-ordered	E1	accept-groups	1200	Q3	2	default	3	1	1196	0.541	1502	1843	1.6	0.65	
2	E1-1200-Q3-original	E1	original	1200	Q3	2	default	3	1	2	0.718	654	635	1.53	0.23	
2	E2-1200-Q3-t4	E2	accept-groups	1200	Q3	4	default	3	1	1196	0.536	2450	3277	1.95	1.18	
2	E2-1200-Q3-t8	E2	accept-groups	1200	Q3	8	default	3	1	1196	0.679	3510	3584	2.76	1.84	
2	E3-1200-Q1-purge0	E3	accept-groups	1200	Q1	2	0	3	1	1196	0.205	732	556	0.42	0.56	
2	E3-1200-Q3-purge0	E3	accept-groups	1200	Q3	2	0	3	1	1196	0.682	1408	2048	1.69	1.13	
2	P-1200-Q3-utf8	P-utf8	accept-groups	1200	Q3	2	default	3	1	1196	0.579	1450	1843	1.7	0.63	
2	P-1200-Q3-batch1024	P-batch1024	accept-groups	1200	Q3	2	default	3	1	1196	0.698	1886	2662	1.9	0.8	
2	E1-150-Q0-ordered	E1	accept-groups	150	Q0	2	default	3	1	150	0.020	361	424	0.07	0.16	
2	E1-150-Q0-original	E1	original	150	Q0	2	default	3	1	2	0.025	246	292	0.06	0.04	
2	E1-150-Q1-ordered	E1	accept-groups	150	Q1	2	default	3	1	150	0.087	459	551	0.17	0.22	
2	E1-150-Q2-ordered	E1	accept-groups	150	Q2	2	default	4	1	150	0.095	566	736	0.53	0.2	
2	E1-150-Q3-ordered	E1	accept-groups	150	Q3	2	default	4	1	150	0.400	864	1024	1.2	0.34	
2	E2-150-Q3-t4	E2	accept-groups	150	Q3	4	default	4	1	150	0.297	902	1024	1.24	0.36	
2	E2-150-Q3-t8	E2	accept-groups	150	Q3	8	default	4	1	150	0.316	1020	1126	2.16	0.57	
2	E1-300-Q0-ordered	E1	accept-groups	300	Q0	2	default	4	1	300	0.030	405	378	0.09	0.2	
2	E1-300-Q1-ordered	E1	accept-groups	300	Q1	2	default	4	1	300	0.103	457	438	0.19	0.23	
2	E1-300-Q2-ordered	E1	accept-groups	300	Q2	2	default	4	1	300	0.096	515	587	0.47	0.14	
2	E1-300-Q3-ordered	E1	accept-groups	300	Q3	2	default	4	1	300	0.429	914	1024	1.25	0.38	
2	E2-300-Q3-t4	E2	accept-groups	300	Q3	4	default	4	1	300	0.310	1052	1229	1.33	0.44	
2	E2-300-Q3-t8	E2	accept-groups	300	Q3	8	default	4	1	300	0.354	1262	1331	2.29	0.75	
2	E1-600-Q0-ordered	E1	accept-groups	600	Q0	2	default	4	1	599	0.039	517	470	0.18	0.26	
2	E1-600-Q1-ordered	E1	accept-groups	600	Q1	2	default	4	1	599	0.132	698	565	0.29	0.37	
2	E1-600-Q2-ordered	E1	accept-groups	600	Q2	2	default	4	1	599	0.123	706	741	0.56	0.27	
2	E1-600-Q3-ordered	E1	accept-groups	600	Q3	2	default	4	1	599	0.460	1216	1434	1.36	0.47	
2	E2-600-Q3-t4	E2	accept-groups	600	Q3	4	default	4	1	599	0.368	1517	1741	1.43	0.68	
2	E2-600-Q3-t8	E2	accept-groups	600	Q3	8	default	4	1	599	0.452	2207	2662	2.56	1.13	
2	E1-1200-Q0-ordered	E1	accept-groups	1200	Q0	2	default	4	1	1196	0.059	473	425	0.24	0.33	
2	E1-1200-Q1-ordered	E1	accept-groups	1200	Q1	2	default	4	1	1196	0.195	795	583	0.45	0.48	
2	E1-1200-Q2-ordered	E1	accept-groups	1200	Q2	2	default	4	1	1196	0.181	661	672	0.76	0.29	
2	E1-1200-Q3-ordered	E1	accept-groups	1200	Q3	2	default	4	1	1196	0.582	1908	2662	1.68	0.73	
2	E2-1200-Q3-t4	E2	accept-groups	1200	Q3	4	default	4	1	1196	0.510	2205	2765	1.91	1.02	
2	E2-1200-Q3-t8	E2	accept-groups	1200	Q3	8	default	4	1	1196	0.656	3310	3379	2.83	1.82	
2	E3-1200-Q1-purge0	E3	accept-groups	1200	Q1	2	0	4	1	1196	0.214	750	561	0.45	0.57	
2	E3-1200-Q3-purge0	E3	accept-groups	1200	Q3	2	0	4	1	1196	0.715	1919	2970	1.85	1.33	
2	E1-150-Q0-ordered	E1	accept-groups	150	Q0	2	default	4	1	150	0.019	366	437	0.07	0.16	
2	E1-150-Q1-ordered	E1	accept-groups	150	Q1	2	default	4	1	150	0.086	465	534	0.16	0.24	
2	E1-150-Q3-ordered	E1	accept-groups	150	Q3	2	default	5	1	150	0.397	793	1024	1.24	0.32	
2	E2-150-Q3-t4	E2	accept-groups	150	Q3	4	default	5	1	150	0.289	989	1229	1.28	0.42	
2	E2-150-Q3-t8	E2	accept-groups	150	Q3	8	default	5	1	150	0.321	1230	1536	2.16	0.63	
2	E1-300-Q0-ordered	E1	accept-groups	300	Q0	2	default	5	1	300	0.023	378	348	0.11	0.16	
2	E1-300-Q1-ordered	E1	accept-groups	300	Q1	2	default	5	1	300	0.105	469	457	0.19	0.24	
2	E1-300-Q2-ordered	E1	accept-groups	300	Q2	2	default	5	1	300	0.105	557	611	0.48	0.18	
2	E1-300-Q3-ordered	E1	accept-groups	300	Q3	2	default	5	1	300	0.435	1010	1229	1.27	0.38	
2	E2-300-Q3-t4	E2	accept-groups	300	Q3	4	default	5	1	300	0.322	1159	1434	1.35	0.49	
2	E2-300-Q3-t8	E2	accept-groups	300	Q3	8	default	5	1	300	0.346	1491	1741	2.18	0.75	
2	E1-600-Q0-ordered	E1	accept-groups	600	Q0	2	default	5	1	599	0.047	535	492	0.17	0.27	
2	E1-600-Q1-ordered	E1	accept-groups	600	Q1	2	default	5	1	599	0.136	609	549	0.3	0.35	
2	E1-600-Q2-ordered	E1	accept-groups	600	Q2	2	default	5	1	599	0.129	714	740	0.54	0.28	
2	E1-600-Q3-ordered	E1	accept-groups	600	Q3	2	default	5	1	599	0.472	1404	1843	1.38	0.56	
2	E2-600-Q3-t4	E2	accept-groups	600	Q3	4	default	5	1	599	0.378	1547	1843	1.47	0.69	
2	E2-600-Q3-t8	E2	accept-groups	600	Q3	8	default	5	1	599	0.436	1880	1946	2.41	1.02	
2	E1-1200-Q0-ordered	E1	accept-groups	1200	Q0	2	default	5	1	1196	0.065	485	433	0.28	0.32	
2	E1-1200-Q1-ordered	E1	accept-groups	1200	Q1	2	default	5	1	1196	0.189	785	580	0.43	0.51	
2	E1-1200-Q2-ordered	E1	accept-groups	1200	Q2	2	default	5	1	1196	0.168	677	676	0.75	0.32	
2	E1-1200-Q3-ordered	E1	accept-groups	1200	Q3	2	default	5	1	1196	0.569	2014	2867	1.69	0.81	
2	E2-1200-Q3-t4	E2	accept-groups	1200	Q3	4	default	5	1	1196	0.548	2429	3379	1.97	1.1	
2	E2-1200-Q3-t8	E2	accept-groups	1200	Q3	8	default	5	1	1196	0.661	3364	3482	3.03	1.75	
2	E3-1200-Q1-purge0	E3	accept-groups	1200	Q1	2	0	5	1	1196	0.194	629	522	0.45	0.47	
2	E3-1200-Q3-purge0	E3	accept-groups	1200	Q3	2	0	5	1	1196	0.695	1903	2970	1.84	1.29	
2	E1-150-Q0-ordered	E1	accept-groups	150	Q0	2	default	5	1	150	0.018	371	420	0.07	0.17	
2	E1-150-Q1-ordered	E1	accept-groups	150	Q1	2	default	5	1	150	0.089	480	545	0.15	0.25	
2	E1-150-Q2-ordered	E1	accept-groups	150	Q2	2	default	5	1	150	0.095	565	715	0.52	0.19	
3	E1-150-Q0-original	E1	original	150	Q0	2	default	1	1	2	0.024	248	277	0.03	0.07	
3	E1-150-Q1-ordered	E1	accept-groups	150	Q1	2	default	1	1	150	0.088	471	543	0.17	0.23	
3	E1-150-Q1-original	E1	original	150	Q1	2	default	1	1	2	0.094	455	504	0.18	0.15	
3	E1-150-Q2-ordered	E1	accept-groups	150	Q2	2	default	1	1	150	0.093	551	698	0.51	0.17	
3	E1-150-Q2-original	E1	original	150	Q2	2	default	1	1	2	0.077	348	379	0.16	0.04	
3	E1-150-Q3-ordered	E1	accept-groups	150	Q3	2	default	1	1	150	0.381	845	1024	1.22	0.37	
3	E1-150-Q3-original	E1	original	150	Q3	2	default	1	1	2	0.632	664	680	1.39	0.15	
3	E2-150-Q3-t4	E2	accept-groups	150	Q3	4	default	1	1	150	0.410	900	1024	1.56	0.39	
3	E2-150-Q3-t8	E2	accept-groups	150	Q3	8	default	1	1	150	0.331	1044	1126	2.21	0.61	
3	E1-300-Q0-ordered	E1	accept-groups	300	Q0	2	default	1	1	300	0.023	367	342	0.09	0.19	
3	E1-300-Q0-original	E1	original	300	Q0	2	default	1	1	2	0.034	227	199	0.06	0.07	
3	E1-300-Q1-ordered	E1	accept-groups	300	Q1	2	default	1	1	300	0.107	477	438	0.19	0.24	
3	E1-300-Q1-original	E1	original	300	Q1	2	default	1	1	2	0.107	382	377	0.21	0.12	
3	E1-300-Q2-ordered	E1	accept-groups	300	Q2	2	default	1	1	300	0.097	543	576	0.48	0.17	
3	E1-300-Q2-original	E1	original	300	Q2	2	default	1	1	2	0.083	335	331	0.16	0.08	
3	E1-300-Q3-ordered	E1	accept-groups	300	Q3	2	default	1	1	300	0.421	947	1126	1.26	0.35	
3	E1-300-Q3-original	E1	original	300	Q3	2	default	1	1	2	0.649	610	590	1.39	0.16	
3	E2-300-Q3-t4	E2	accept-groups	300	Q3	4	default	1	1	300	0.341	1277	1638	1.42	0.55	
3	E2-300-Q3-t8	E2	accept-groups	300	Q3	8	default	1	1	300	0.358	1470	1843	2.24	0.85	
3	E1-600-Q0-ordered	E1	accept-groups	600	Q0	2	default	1	1	599	0.041	514	466	0.15	0.27	
3	E1-600-Q0-original	E1	original	600	Q0	2	default	1	1	2	0.056	225	197	0.08	0.09	
3	E1-600-Q1-ordered	E1	accept-groups	600	Q1	2	default	1	1	599	0.127	553	450	0.27	0.29	
3	E1-600-Q1-original	E1	original	600	Q1	2	default	1	1	2	0.144	390	365	0.26	0.14	
3	E1-600-Q2-ordered	E1	accept-groups	600	Q2	2	default	1	1	599	0.130	692	715	0.56	0.25	
3	E1-600-Q2-original	E1	original	600	Q2	2	default	1	1	2	0.099	389	370	0.18	0.09	
3	E1-600-Q3-ordered	E1	accept-groups	600	Q3	2	default	1	1	599	0.490	1473	1946	1.39	0.57	
3	E1-600-Q3-original	E1	original	600	Q3	2	default	1	1	2	0.669	641	617	1.42	0.2	
3	E2-600-Q3-t4	E2	accept-groups	600	Q3	4	default	1	1	599	0.388	1598	2048	1.37	0.82	
3	E2-600-Q3-t8	E2	accept-groups	600	Q3	8	default	1	1	599	0.460	2298	2970	2.6	1.24	
3	E1-1200-Q0-ordered	E1	accept-groups	1200	Q0	2	default	1	1	1196	0.075	466	416	0.25	0.36	
3	E1-1200-Q0-original	E1	original	1200	Q0	2	default	1	1	2	0.104	208	164	0.16	0.12	
3	E1-1200-Q1-ordered	E1	accept-groups	1200	Q1	2	default	1	1	1196	0.173	660	528	0.45	0.35	
3	E1-1200-Q1-original	E1	original	1200	Q1	2	default	1	1	2	0.202	354	317	0.31	0.16	
3	E1-1200-Q2-ordered	E1	accept-groups	1200	Q2	2	default	1	1	1196	0.166	670	679	0.67	0.31	
3	E1-1200-Q2-original	E1	original	1200	Q2	2	default	1	1	2	0.128	345	319	0.27	0.07	
3	E1-1200-Q3-ordered	E1	accept-groups	1200	Q3	2	default	1	1	1196	0.573	1959	2765	1.69	0.82	
3	E1-1200-Q3-original	E1	original	1200	Q3	2	default	1	1	2	0.728	648	619	1.55	0.19	
3	E2-1200-Q3-t4	E2	accept-groups	1200	Q3	4	default	1	1	1196	0.524	2321	2970	1.89	1.06	
3	E2-1200-Q3-t8	E2	accept-groups	1200	Q3	8	default	1	1	1196	0.658	3393	3891	2.94	1.72	
3	E3-1200-Q1-purge0	E3	accept-groups	1200	Q1	2	0	1	1	1196	0.202	732	555	0.43	0.52	
3	E3-1200-Q3-purge0	E3	accept-groups	1200	Q3	2	0	1	1	1196	0.699	1531	2253	1.76	1.12	
3	P-1200-Q3-utf8	P-utf8	accept-groups	1200	Q3	2	default	1	1	1196	0.556	1290	1536	1.63	0.55	
3	P-1200-Q3-batch1024	P-batch1024	accept-groups	1200	Q3	2	default	1	1	1196	0.673	1533	1946	1.77	0.73	
3	E1-150-Q0-ordered	E1	accept-groups	150	Q0	2	default	1	1	150	0.021	391	443	0.08	0.18	
3	E1-150-Q1-ordered	E1	accept-groups	150	Q1	2	default	2	1	150	0.086	456	516	0.16	0.23	
3	E1-150-Q1-original	E1	original	150	Q1	2	default	2	1	2	0.092	435	500	0.17	0.15	
3	E1-150-Q2-ordered	E1	accept-groups	150	Q2	2	default	2	1	150	0.094	556	700	0.5	0.19	
3	E1-150-Q2-original	E1	original	150	Q2	2	default	2	1	2	0.076	366	409	0.14	0.06	
3	E1-150-Q3-ordered	E1	accept-groups	150	Q3	2	default	2	1	150	0.383	771	942	1.16	0.32	
3	E1-150-Q3-original	E1	original	150	Q3	2	default	2	1	2	0.625	682	703	1.35	0.2	
3	E2-150-Q3-t4	E2	accept-groups	150	Q3	4	default	2	1	150	0.291	872	1024	1.28	0.39	
3	E2-150-Q3-t8	E2	accept-groups	150	Q3	8	default	2	1	150	0.300	1006	1126	2.1	0.53	
3	E1-300-Q0-ordered	E1	accept-groups	300	Q0	2	default	2	1	300	0.025	393	363	0.1	0.19	
3	E1-300-Q0-original	E1	original	300	Q0	2	default	2	1	2	0.034	212	183	0.05	0.05	
3	E1-300-Q1-ordered	E1	accept-groups	300	Q1	2	default	2	1	300	0.096	451	410	0.21	0.21	
3	E1-300-Q1-original	E1	original	300	Q1	2	default	2	1	2	0.111	387	379	0.22	0.12	
3	E1-300-Q2-ordered	E1	accept-groups	300	Q2	2	default	2	1	300	0.098	547	587	0.47	0.2	
3	E1-300-Q2-original	E1	original	300	Q2	2	default	2	1	2	0.080	332	318	0.17	0.05	
3	E1-300-Q3-ordered	E1	accept-groups	300	Q3	2	default	2	1	300	0.414	831	954	1.24	0.34	
3	E1-300-Q3-original	E1	original	300	Q3	2	default	2	1	2	0.640	625	600	1.39	0.18	
3	E2-300-Q3-t4	E2	accept-groups	300	Q3	4	default	2	1	300	0.328	1132	1434	1.34	0.52	
3	E2-300-Q3-t8	E2	accept-groups	300	Q3	8	default	2	1	300	0.367	1714	2253	2.29	0.92	
3	E1-600-Q0-ordered	E1	accept-groups	600	Q0	2	default	2	1	599	0.053	542	495	0.16	0.32	
3	E1-600-Q0-original	E1	original	600	Q0	2	default	2	1	2	0.057	231	202	0.08	0.09	
3	E1-600-Q1-ordered	E1	accept-groups	600	Q1	2	default	2	1	599	0.134	691	562	0.27	0.4	
3	E1-600-Q1-original	E1	original	600	Q1	2	default	2	1	2	0.141	384	358	0.26	0.12	
3	E1-600-Q2-ordered	E1	accept-groups	600	Q2	2	default	2	1	599	0.123	666	681	0.54	0.25	
3	E1-600-Q2-original	E1	original	600	Q2	2	default	2	1	2	0.097	335	325	0.2	0.06	
3	E1-600-Q3-ordered	E1	accept-groups	600	Q3	2	default	2	1	599	0.489	1476	1843	1.35	0.57	
3	E1-600-Q3-original	E1	original	600	Q3	2	default	2	1	2	0.675	614	592	1.48	0.14	
3	E2-600-Q3-t4	E2	accept-groups	600	Q3	4	default	2	1	599	0.385	1586	1946	1.55	0.68	
3	E2-600-Q3-t8	E2	accept-groups	600	Q3	8	default	2	1	599	0.459	1893	1946	2.39	1.02	
3	E1-1200-Q0-ordered	E1	accept-groups	1200	Q0	2	default	2	1	1196	0.070	475	431	0.26	0.34	
3	E1-1200-Q0-original	E1	original	1200	Q0	2	default	2	1	2	0.101	192	156	0.16	0.11	
3	E1-1200-Q1-ordered	E1	accept-groups	1200	Q1	2	default	2	1	1196	0.189	779	579	0.46	0.46	
3	E1-1200-Q1-original	E1	original	1200	Q1	2	default	2	1	2	0.204	353	313	0.34	0.14	
3	E1-1200-Q2-ordered	E1	accept-groups	1200	Q2	2	default	2	1	1196	0.170	641	650	0.7	0.28	
3	E1-1200-Q2-original	E1	original	1200	Q2	2	default	2	1	2	0.130	331	302	0.28	0.06	
3	E1-1200-Q3-ordered	E1	accept-groups	1200	Q3	2	default	2	1	1196	0.584	2068	2970	1.71	0.89	
3	E1-1200-Q3-original	E1	original	1200	Q3	2	default	2	1	2	0.708	618	589	1.54	0.2	
3	E2-1200-Q3-t4	E2	accept-groups	1200	Q3	4	default	2	1	1196	0.519	2387	3277	1.89	1.09	
3	E2-1200-Q3-t8	E2	accept-groups	1200	Q3	8	default	2	1	1196	0.691	3512	3891	2.85	1.83	
3	E3-1200-Q1-purge0	E3	accept-groups	1200	Q1	2	0	2	1	1196	0.207	751	567	0.48	0.5	
3	E3-1200-Q3-purge0	E3	accept-groups	1200	Q3	2	0	2	1	1196	0.726	1903	2970	1.83	1.3	
3	P-1200-Q3-utf8	P-utf8	accept-groups	1200	Q3	2	default	2	1	1196	0.576	1753	2458	1.73	0.68	
3	P-1200-Q3-batch1024	P-batch1024	accept-groups	1200	Q3	2	default	2	1	1196	0.690	2053	2970	1.93	0.82	
3	E1-150-Q0-ordered	E1	accept-groups	150	Q0	2	default	2	1	150	0.019	359	421	0.05	0.17	
3	E1-150-Q0-original	E1	original	150	Q0	2	default	2	1	2	0.023	232	266	0.02	0.06	
3	E1-150-Q1-original	E1	original	150	Q1	2	default	3	1	2	0.094	452	506	0.17	0.15	
3	E1-150-Q2-ordered	E1	accept-groups	150	Q2	2	default	3	1	150	0.096	587	758	0.53	0.19	
3	E1-150-Q2-original	E1	original	150	Q2	2	default	3	1	2	0.075	325	368	0.15	0.05	
3	E1-150-Q3-ordered	E1	accept-groups	150	Q3	2	default	3	1	150	0.377	829	1018	1.22	0.28	
3	E1-150-Q3-original	E1	original	150	Q3	2	default	3	1	2	0.613	693	714	1.37	0.17	
3	E2-150-Q3-t4	E2	accept-groups	150	Q3	4	default	3	1	150	0.291	816	989	1.33	0.35	
3	E2-150-Q3-t8	E2	accept-groups	150	Q3	8	default	3	1	150	0.312	990	1024	2.14	0.52	
3	E1-300-Q0-ordered	E1	accept-groups	300	Q0	2	default	3	1	300	0.017	344	315	0.1	0.14	
3	E1-300-Q0-original	E1	original	300	Q0	2	default	3	1	2	0.034	209	192	0.04	0.08	
3	E1-300-Q1-ordered	E1	accept-groups	300	Q1	2	default	3	1	300	0.100	474	452	0.2	0.23	
3	E1-300-Q1-original	E1	original	300	Q1	2	default	3	1	2	0.114	398	400	0.22	0.12	
3	E1-300-Q2-ordered	E1	accept-groups	300	Q2	2	default	3	1	300	0.099	551	606	0.47	0.17	
3	E1-300-Q2-original	E1	original	300	Q2	2	default	3	1	2	0.082	338	326	0.15	0.08	
3	E1-300-Q3-ordered	E1	accept-groups	300	Q3	2	default	3	1	300	0.416	991	1126	1.28	0.37	
3	E1-300-Q3-original	E1	original	300	Q3	2	default	3	1	2	0.653	617	603	1.41	0.17	
3	E2-300-Q3-t4	E2	accept-groups	300	Q3	4	default	3	1	300	0.314	970	1126	1.29	0.43	
3	E2-300-Q3-t8	E2	accept-groups	300	Q3	8	default	3	1	300	0.396	1983	2765	2.31	1.06	
3	E1-600-Q0-ordered	E1	accept-groups	600	Q0	2	default	3	1	599	0.040	526	482	0.17	0.26	
3	E1-600-Q0-original	E1	original	600	Q0	2	default	3	1	2	0.056	216	185	0.07	0.09	
3	E1-600-Q1-ordered	E1	accept-groups	600	Q1	2	default	3	1	599	0.133	594	511	0.27	0.32	
3	E1-600-Q1-original	E1	original	600	Q1	2	default	3	1	2	0.143	398	374	0.23	0.12	
3	E1-600-Q2-ordered	E1	accept-groups	600	Q2	2	default	3	1	599	0.124	690	708	0.56	0.26	
3	E1-600-Q2-original	E1	original	600	Q2	2	default	3	1	2	0.096	333	312	0.2	0.07	
3	E1-600-Q3-ordered	E1	accept-groups	600	Q3	2	default	3	1	599	0.493	1523	1946	1.45	0.56	
3	E1-600-Q3-original	E1	original	600	Q3	2	default	3	1	2	0.672	670	650	1.39	0.23	
3	E2-600-Q3-t4	E2	accept-groups	600	Q3	4	default	3	1	599	0.379	1724	2253	1.52	0.74	
3	E2-600-Q3-t8	E2	accept-groups	600	Q3	8	default	3	1	599	0.480	2322	2867	2.18	1.16	
3	E1-1200-Q0-ordered	E1	accept-groups	1200	Q0	2	default	3	1	1196	0.063	480	437	0.24	0.31	
3	E1-1200-Q0-original	E1	original	1200	Q0	2	default	3	1	2	0.101	186	149	0.16	0.1	
3	E1-1200-Q1-ordered	E1	accept-groups	1200	Q1	2	default	3	1	1196	0.182	645	518	0.42	0.4	
3	E1-1200-Q1-original	E1	original	1200	Q1	2	default	3	1	2	0.199	364	329	0.31	0.15	
3	E1-1200-Q2-ordered	E1	accept-groups	1200	Q2	2	default	3	1	1196	0.160	658	672	0.65	0.3	
3	E1-1200-Q2-original	E1	original	1200	Q2	2	default	3	1	2	0.127	320	298	0.27	0.08	
3	E1-1200-Q3-ordered	E1	accept-groups	1200	Q3	2	default	3	1	1196	0.579	2058	2970	1.77	0.84	
3	E1-1200-Q3-original	E1	original	1200	Q3	2	default	3	1	2	0.726	620	613	1.56	0.18	
3	E2-1200-Q3-t4	E2	accept-groups	1200	Q3	4	default	3	1	1196	0.521	2289	3072	1.9	1.12	
3	E2-1200-Q3-t8	E2	accept-groups	1200	Q3	8	default	3	1	1196	0.654	3455	3891	2.76	1.71	
3	E3-1200-Q1-purge0	E3	accept-groups	1200	Q1	2	0	3	1	1196	0.208	733	571	0.46	0.55	
3	E3-1200-Q3-purge0	E3	accept-groups	1200	Q3	2	0	3	1	1196	0.722	1896	2970	1.85	1.23	
3	P-1200-Q3-utf8	P-utf8	accept-groups	1200	Q3	2	default	3	1	1196	0.567	1429	1741	1.67	0.58	
3	P-1200-Q3-batch1024	P-batch1024	accept-groups	1200	Q3	2	default	3	1	1196	0.697	1951	2765	1.9	0.83	
3	E1-150-Q0-ordered	E1	accept-groups	150	Q0	2	default	3	1	150	0.016	382	441	0.08	0.17	
3	E1-150-Q0-original	E1	original	150	Q0	2	default	3	1	2	0.023	240	284	0.03	0.06	
3	E1-150-Q1-ordered	E1	accept-groups	150	Q1	2	default	3	1	150	0.085	459	523	0.16	0.23	
3	E1-150-Q2-ordered	E1	accept-groups	150	Q2	2	default	4	1	150	0.095	574	769	0.5	0.21	
3	E1-150-Q3-ordered	E1	accept-groups	150	Q3	2	default	4	1	150	0.394	770	943	1.21	0.32	
3	E2-150-Q3-t4	E2	accept-groups	150	Q3	4	default	4	1	150	0.299	848	1006	1.24	0.4	
3	E2-150-Q3-t8	E2	accept-groups	150	Q3	8	default	4	1	150	0.302	1043	1126	2.16	0.53	
3	E1-300-Q0-ordered	E1	accept-groups	300	Q0	2	default	4	1	300	0.024	389	357	0.09	0.18	
3	E1-300-Q1-ordered	E1	accept-groups	300	Q1	2	default	4	1	300	0.102	497	457	0.21	0.25	
3	E1-300-Q2-ordered	E1	accept-groups	300	Q2	2	default	4	1	300	0.100	551	601	0.46	0.19	
3	E1-300-Q3-ordered	E1	accept-groups	300	Q3	2	default	4	1	300	0.434	978	1126	1.26	0.37	
3	E2-300-Q3-t4	E2	accept-groups	300	Q3	4	default	4	1	300	0.330	1315	1741	1.36	0.59	
3	E2-300-Q3-t8	E2	accept-groups	300	Q3	8	default	4	1	300	0.392	1945	2867	2.27	1.04	
3	E1-600-Q0-ordered	E1	accept-groups	600	Q0	2	default	4	1	599	0.046	562	519	0.19	0.29	
3	E1-600-Q1-ordered	E1	accept-groups	600	Q1	2	default	4	1	599	0.136	615	534	0.3	0.33	
3	E1-600-Q2-ordered	E1	accept-groups	600	Q2	2	default	4	1	599	0.125	663	684	0.54	0.27	
3	E1-600-Q3-ordered	E1	accept-groups	600	Q3	2	default	4	1	599	0.474	1376	1741	1.44	0.5	
3	E2-600-Q3-t4	E2	accept-groups	600	Q3	4	default	4	1	599	0.393	1695	2150	1.54	0.73	
3	E2-600-Q3-t8	E2	accept-groups	600	Q3	8	default	4	1	599	0.436	2120	2560	2.56	1.16	
3	E1-1200-Q0-ordered	E1	accept-groups	1200	Q0	2	default	4	1	1196	0.066	501	456	0.23	0.36	
3	E1-1200-Q1-ordered	E1	accept-groups	1200	Q1	2	default	4	1	1196	0.198	798	584	0.42	0.52	
3	E1-1200-Q2-ordered	E1	accept-groups	1200	Q2	2	default	4	1	1196	0.164	687	696	0.69	0.33	
3	E1-1200-Q3-ordered	E1	accept-groups	1200	Q3	2	default	4	1	1196	0.583	1672	2253	1.67	0.66	
3	E2-1200-Q3-t4	E2	accept-groups	1200	Q3	4	default	4	1	1196	0.515	2259	2867	1.92	0.97	
3	E2-1200-Q3-t8	E2	accept-groups	1200	Q3	8	default	4	1	1196	0.657	3422	3686	2.76	1.73	
3	E3-1200-Q1-purge0	E3	accept-groups	1200	Q1	2	0	4	1	1196	0.213	764	571	0.46	0.6	
3	E3-1200-Q3-purge0	E3	accept-groups	1200	Q3	2	0	4	1	1196	0.696	1981	3072	1.82	1.24	
3	E1-150-Q0-ordered	E1	accept-groups	150	Q0	2	default	4	1	150	0.017	361	415	0.06	0.17	
3	E1-150-Q1-ordered	E1	accept-groups	150	Q1	2	default	4	1	150	0.088	501	574	0.15	0.25	
3	E1-150-Q3-ordered	E1	accept-groups	150	Q3	2	default	5	1	150	0.389	811	940	1.25	0.31	
3	E2-150-Q3-t4	E2	accept-groups	150	Q3	4	default	5	1	150	0.315	1106	1434	1.32	0.49	
3	E2-150-Q3-t8	E2	accept-groups	150	Q3	8	default	5	1	150	0.331	1609	2253	2.25	0.83	
3	E1-300-Q0-ordered	E1	accept-groups	300	Q0	2	default	5	1	300	0.028	397	368	0.12	0.16	
3	E1-300-Q1-ordered	E1	accept-groups	300	Q1	2	default	5	1	300	0.110	500	472	0.22	0.22	
3	E1-300-Q2-ordered	E1	accept-groups	300	Q2	2	default	5	1	300	0.096	532	564	0.48	0.17	
3	E1-300-Q3-ordered	E1	accept-groups	300	Q3	2	default	5	1	300	0.427	990	1229	1.24	0.4	
3	E2-300-Q3-t4	E2	accept-groups	300	Q3	4	default	5	1	300	0.301	981	1126	1.26	0.39	
3	E2-300-Q3-t8	E2	accept-groups	300	Q3	8	default	5	1	300	0.355	1414	1536	2.13	0.79	
3	E1-600-Q0-ordered	E1	accept-groups	600	Q0	2	default	5	1	599	0.042	520	476	0.15	0.27	
3	E1-600-Q1-ordered	E1	accept-groups	600	Q1	2	default	5	1	599	0.132	693	562	0.28	0.37	
3	E1-600-Q2-ordered	E1	accept-groups	600	Q2	2	default	5	1	599	0.124	687	726	0.55	0.25	
3	E1-600-Q3-ordered	E1	accept-groups	600	Q3	2	default	5	1	599	0.500	1660	2253	1.45	0.67	
3	E2-600-Q3-t4	E2	accept-groups	600	Q3	4	default	5	1	599	0.386	1542	1843	1.45	0.7	
3	E2-600-Q3-t8	E2	accept-groups	600	Q3	8	default	5	1	599	0.456	2120	2355	2.11	1.08	
3	E1-1200-Q0-ordered	E1	accept-groups	1200	Q0	2	default	5	1	1196	0.065	493	444	0.28	0.33	
3	E1-1200-Q1-ordered	E1	accept-groups	1200	Q1	2	default	5	1	1196	0.191	782	570	0.42	0.49	
3	E1-1200-Q2-ordered	E1	accept-groups	1200	Q2	2	default	5	1	1196	0.174	630	640	0.73	0.28	
3	E1-1200-Q3-ordered	E1	accept-groups	1200	Q3	2	default	5	1	1196	0.553	1471	1741	1.56	0.65	
3	E2-1200-Q3-t4	E2	accept-groups	1200	Q3	4	default	5	1	1196	0.524	2361	3072	1.97	1.13	
3	E2-1200-Q3-t8	E2	accept-groups	1200	Q3	8	default	5	1	1196	0.629	3383	3789	3.19	1.85	
3	E3-1200-Q1-purge0	E3	accept-groups	1200	Q1	2	0	5	1	1196	0.212	771	576	0.44	0.6	
3	E3-1200-Q3-purge0	E3	accept-groups	1200	Q3	2	0	5	1	1196	0.698	1860	2970	1.83	1.22	
3	E1-150-Q0-ordered	E1	accept-groups	150	Q0	2	default	5	1	150	0.016	354	404	0.09	0.14	
3	E1-150-Q1-ordered	E1	accept-groups	150	Q1	2	default	5	1	150	0.090	463	542	0.17	0.21	
3	E1-150-Q2-ordered	E1	accept-groups	150	Q2	2	default	5	1	150	0.095	596	760	0.5	0.22	
