name	experiment	binary	files	query	target	purge_delay	run	ok	groups	elapsed_s	rss_mb	mi_peak_rss_mb	mi_peak_commit_mb	user_s	sys_s
E1-150-Q1-ordered	E1	accept-groups	150	Q1	2	default	1	1	150	0.100	505	505	586	0.25	0.57
E1-150-Q1-original	E1	original	150	Q1	2	default	1	1	2	0.104	473	473	536	0.23	0.33
E1-150-Q2-ordered	E1	accept-groups	150	Q2	2	default	1	1	150	0.129	805	805	1024	1.43	0.74
E1-150-Q2-original	E1	original	150	Q2	2	default	1	1	2	0.097	338	338	376	0.20	0.07
E1-150-Q3-ordered	E1	accept-groups	150	Q3	2	default	1	1	150	0.395	1056	1024	1331	2.27	0.88
E1-150-Q3-original	E1	original	150	Q3	2	default	1	1	2	0.691	674	674	717	1.52	0.23
E1-300-Q1-ordered	E1	accept-groups	300	Q1	2	default	1	1	300	0.118	527	527	491	0.39	0.58
E1-300-Q1-original	E1	original	300	Q1	2	default	1	1	2	0.127	441	441	433	0.31	0.28
E1-300-Q2-ordered	E1	accept-groups	300	Q2	2	default	1	1	300	0.121	726	726	833	1.10	0.53
E1-300-Q2-original	E1	original	300	Q2	2	default	1	1	2	0.095	319	319	313	0.20	0.06
E1-300-Q3-ordered	E1	accept-groups	300	Q3	2	default	1	1	300	0.442	897	897	1011	2.22	0.69
E1-300-Q3-original	E1	original	300	Q3	2	default	1	1	2	0.644	629	629	624	1.45	0.17
E1-600-Q1-ordered	E1	accept-groups	600	Q1	2	default	1	1	599	0.161	696	696	600	0.52	0.92
E1-600-Q1-original	E1	original	600	Q1	2	default	1	1	2	0.154	363	363	334	0.26	0.14
E1-600-Q2-ordered	E1	accept-groups	600	Q2	2	default	1	1	599	0.156	834	834	916	1.11	0.68
E1-600-Q2-original	E1	original	600	Q2	2	default	1	1	2	0.109	335	335	322	0.23	0.07
E1-600-Q3-ordered	E1	accept-groups	600	Q3	2	default	1	1	599	0.513	1402	1331	1741	2.42	0.98
E1-600-Q3-original	E1	original	600	Q3	2	default	1	1	2	0.684	668	668	651	1.53	0.21
E1-1200-Q1-ordered	E1	accept-groups	1200	Q1	2	default	1	1	1196	0.217	806	806	586	0.66	1.33
E1-1200-Q1-original	E1	original	1200	Q1	2	default	1	1	2	0.222	359	358	322	0.37	0.18
E1-1200-Q2-ordered	E1	accept-groups	1200	Q2	2	default	1	1	1196	0.206	769	768	790	1.54	0.73
E1-1200-Q2-original	E1	original	1200	Q2	2	default	1	1	2	0.155	348	348	338	0.31	0.10
E1-1200-Q3-ordered	E1	accept-groups	1200	Q3	2	default	1	1	1196	0.638	2117	2048	3072	2.25	1.16
E1-1200-Q3-original	E1	original	1200	Q3	2	default	1	1	2	0.757	613	613	605	1.63	0.22
E2-1200-Q3-t4	E2	accept-groups	1200	Q3	4	default	1	1	1196	0.614	2451	2355	3379	2.64	1.96
E2-1200-Q3-t8	E2	accept-groups	1200	Q3	8	default	1	1	1196	0.784	3535	3482	3994	3.46	2.38
E3-1200-Q1-purge0	E3	accept-groups	1200	Q1	2	0	1	1	1196	0.228	788	788	590	0.66	1.41
E3-1200-Q3-purge0	E3	accept-groups	1200	Q3	2	0	1	1	1196	0.789	1972	1946	3072	2.35	1.85
E1-150-Q1-ordered	E1	accept-groups	150	Q1	2	default	2	1	150	0.102	560	560	633	0.27	0.59
E1-150-Q1-original	E1	original	150	Q1	2	default	2	1	2	0.106	501	501	590	0.27	0.35
E1-150-Q2-ordered	E1	accept-groups	150	Q2	2	default	2	1	150	0.121	758	758	977	1.41	0.52
E1-150-Q2-original	E1	original	150	Q2	2	default	2	1	2	0.095	359	359	423	0.20	0.05
E1-150-Q3-ordered	E1	accept-groups	150	Q3	2	default	2	1	150	0.390	1007	1007	1229	2.30	0.81
E1-150-Q3-original	E1	original	150	Q3	2	default	2	1	2	0.637	722	722	750	1.44	0.23
E1-300-Q1-ordered	E1	accept-groups	300	Q1	2	default	2	1	300	0.119	548	548	529	0.30	0.59
E1-300-Q1-original	E1	original	300	Q1	2	default	2	1	2	0.123	432	432	427	0.28	0.34
E1-300-Q2-ordered	E1	accept-groups	300	Q2	2	default	2	1	300	0.129	737	737	841	1.11	0.61
E1-300-Q2-original	E1	original	300	Q2	2	default	2	1	2	0.111	319	319	304	0.22	0.08
E1-300-Q3-ordered	E1	accept-groups	300	Q3	2	default	2	1	300	0.464	1121	1024	1331	2.30	0.83
E1-300-Q3-original	E1	original	300	Q3	2	default	2	1	2	0.673	603	603	589	1.49	0.18
E1-600-Q1-ordered	E1	accept-groups	600	Q1	2	default	2	1	599	0.152	625	625	533	0.47	0.74
E1-600-Q1-original	E1	original	600	Q1	2	default	2	1	2	0.152	399	399	380	0.30	0.24
E1-600-Q2-ordered	E1	accept-groups	600	Q2	2	default	2	1	599	0.136	756	756	811	1.13	0.50
E1-600-Q2-original	E1	original	600	Q2	2	default	2	1	2	0.127	351	351	346	0.28	0.06
E1-600-Q3-ordered	E1	accept-groups	600	Q3	2	default	2	1	599	0.527	1653	1638	2150	2.32	1.01
E1-600-Q3-original	E1	original	600	Q3	2	default	2	1	2	0.705	686	686	663	1.54	0.23
E1-1200-Q1-ordered	E1	accept-groups	1200	Q1	2	default	2	1	1196	0.210	774	774	584	0.70	1.10
E1-1200-Q1-original	E1	original	1200	Q1	2	default	2	1	2	0.215	383	383	355	0.39	0.20
E1-1200-Q2-ordered	E1	accept-groups	1200	Q2	2	default	2	1	1196	0.185	763	763	782	1.31	0.68
E1-1200-Q2-original	E1	original	1200	Q2	2	default	2	1	2	0.158	329	329	318	0.32	0.09
E1-1200-Q3-ordered	E1	accept-groups	1200	Q3	2	default	2	1	1196	0.675	2173	2150	3072	2.38	1.33
E1-1200-Q3-original	E1	original	1200	Q3	2	default	2	1	2	0.775	640	640	626	1.64	0.25
E2-1200-Q3-t4	E2	accept-groups	1200	Q3	4	default	2	1	1196	0.593	2217	2150	2765	2.39	1.48
E2-1200-Q3-t8	E2	accept-groups	1200	Q3	8	default	2	1	1196	0.766	3626	3584	3789	3.04	3.02
E3-1200-Q1-purge0	E3	accept-groups	1200	Q1	2	0	2	1	1196	0.209	714	714	512	0.59	1.38
E3-1200-Q3-purge0	E3	accept-groups	1200	Q3	2	0	2	1	1196	0.789	1952	1946	3072	2.25	1.72
E1-150-Q1-ordered	E1	accept-groups	150	Q1	2	default	3	1	150	0.103	558	558	657	0.25	0.52
E1-150-Q1-original	E1	original	150	Q1	2	default	3	1	2	0.102	443	443	510	0.19	0.21
E1-150-Q2-ordered	E1	accept-groups	150	Q2	2	default	3	1	150	0.121	786	786	1024	1.30	0.62
E1-150-Q2-original	E1	original	150	Q2	2	default	3	1	2	0.095	342	342	382	0.20	0.06
E1-150-Q3-ordered	E1	accept-groups	150	Q3	2	default	3	1	150	0.420	1090	1024	1331	2.09	0.85
E1-150-Q3-original	E1	original	150	Q3	2	default	3	1	2	0.643	615	615	633	1.45	0.19
E1-300-Q1-ordered	E1	accept-groups	300	Q1	2	default	3	1	300	0.116	529	529	492	0.34	0.58
E1-300-Q1-original	E1	original	300	Q1	2	default	3	1	2	0.122	429	429	419	0.30	0.33
E1-300-Q2-ordered	E1	accept-groups	300	Q2	2	default	3	1	300	0.123	719	719	826	1.03	0.64
E1-300-Q2-original	E1	original	300	Q2	2	default	3	1	2	0.094	335	335	315	0.19	0.06
E1-300-Q3-ordered	E1	accept-groups	300	Q3	2	default	3	1	300	0.457	1062	1024	1229	2.14	0.73
E1-300-Q3-original	E1	original	300	Q3	2	default	3	1	2	0.659	611	611	599	1.48	0.17
E1-600-Q1-ordered	E1	accept-groups	600	Q1	2	default	3	1	599	0.161	726	726	626	0.47	0.96
E1-600-Q1-original	E1	original	600	Q1	2	default	3	1	2	0.146	390	390	354	0.28	0.16
E1-600-Q2-ordered	E1	accept-groups	600	Q2	2	default	3	1	599	0.147	777	777	832	1.19	0.70
E1-600-Q2-original	E1	original	600	Q2	2	default	3	1	2	0.110	331	331	321	0.23	0.06
E1-600-Q3-ordered	E1	accept-groups	600	Q3	2	default	3	1	599	0.531	1867	1843	2662	2.41	1.32
E1-600-Q3-original	E1	original	600	Q3	2	default	3	1	2	0.729	632	632	605	1.54	0.22
E1-1200-Q1-ordered	E1	accept-groups	1200	Q1	2	default	3	1	1196	0.222	855	855	624	0.64	1.41
E1-1200-Q1-original	E1	original	1200	Q1	2	default	3	1	2	0.211	367	367	330	0.37	0.16
E1-1200-Q2-ordered	E1	accept-groups	1200	Q2	2	default	3	1	1196	0.203	739	739	756	1.57	0.79
E1-1200-Q2-original	E1	original	1200	Q2	2	default	3	1	2	0.146	315	315	288	0.31	0.08
E1-1200-Q3-ordered	E1	accept-groups	1200	Q3	2	default	3	1	1196	0.652	1821	1741	2458	2.19	1.02
E1-1200-Q3-original	E1	original	1200	Q3	2	default	3	1	2	0.761	621	621	603	1.64	0.24
E2-1200-Q3-t4	E2	accept-groups	1200	Q3	4	default	3	1	1196	0.598	2458	2458	3379	2.64	1.58
E2-1200-Q3-t8	E2	accept-groups	1200	Q3	8	default	3	1	1196	0.791	3554	3482	3994	3.52	2.74
E3-1200-Q1-purge0	E3	accept-groups	1200	Q1	2	0	3	1	1196	0.230	794	794	605	0.65	1.46
E3-1200-Q3-purge0	E3	accept-groups	1200	Q3	2	0	3	1	1196	0.786	1959	1946	3072	2.32	1.83
E1-150-Q1-ordered	E1	accept-groups	150	Q1	2	default	4	1	150	0.102	536	536	615	0.26	0.57
E1-150-Q2-ordered	E1	accept-groups	150	Q2	2	default	4	1	150	0.123	785	785	1013	1.08	0.73
E1-150-Q3-ordered	E1	accept-groups	150	Q3	2	default	4	1	150	0.411	1027	1024	1126	2.13	0.96
E1-300-Q1-ordered	E1	accept-groups	300	Q1	2	default	4	1	300	0.112	510	510	463	0.35	0.61
E1-300-Q2-ordered	E1	accept-groups	300	Q2	2	default	4	1	300	0.120	661	661	761	1.15	0.54
E1-300-Q3-ordered	E1	accept-groups	300	Q3	2	default	4	1	300	0.451	1073	1024	1331	2.16	0.77
E1-600-Q1-ordered	E1	accept-groups	600	Q1	2	default	4	1	599	0.147	684	684	576	0.48	0.89
E1-600-Q2-ordered	E1	accept-groups	600	Q2	2	default	4	1	599	0.151	785	785	831	1.03	0.76
E1-600-Q3-ordered	E1	accept-groups	600	Q3	2	default	4	1	599	0.516	1628	1536	2150	2.33	0.93
E1-1200-Q1-ordered	E1	accept-groups	1200	Q1	2	default	4	1	1196	0.219	820	820	586	0.63	1.35
E1-1200-Q2-ordered	E1	accept-groups	1200	Q2	2	default	4	1	1196	0.203	744	744	749	1.52	0.79
E1-1200-Q3-ordered	E1	accept-groups	1200	Q3	2	default	4	1	1196	0.639	1755	1741	2355	2.28	1.10
E2-1200-Q3-t4	E2	accept-groups	1200	Q3	4	default	4	1	1196	0.586	2458	2458	3277	2.43	1.44
E2-1200-Q3-t8	E2	accept-groups	1200	Q3	8	default	4	1	1196	0.781	3459	3379	3482	3.36	2.39
E3-1200-Q1-purge0	E3	accept-groups	1200	Q1	2	0	4	1	1196	0.230	733	733	566	0.67	1.37
E3-1200-Q3-purge0	E3	accept-groups	1200	Q3	2	0	4	1	1196	0.785	1516	1434	2253	2.22	1.55
E1-150-Q1-ordered	E1	accept-groups	150	Q1	2	default	5	1	150	0.103	565	565	646	0.22	0.55
E1-150-Q2-ordered	E1	accept-groups	150	Q2	2	default	5	1	150	0.131	794	794	1024	1.36	0.66
E1-150-Q3-ordered	E1	accept-groups	150	Q3	2	default	5	1	150	0.415	1041	1024	1229	2.09	0.88
E1-300-Q1-ordered	E1	accept-groups	300	Q1	2	default	5	1	300	0.115	517	517	476	0.36	0.57
E1-300-Q2-ordered	E1	accept-groups	300	Q2	2	default	5	1	300	0.125	699	699	791	1.05	0.56
E1-300-Q3-ordered	E1	accept-groups	300	Q3	2	default	5	1	300	0.444	1084	1024	1229	2.13	0.69
E1-600-Q1-ordered	E1	accept-groups	600	Q1	2	default	5	1	599	0.159	703	703	610	0.51	0.93
E1-600-Q2-ordered	E1	accept-groups	600	Q2	2	default	5	1	599	0.147	795	795	848	1.14	0.57
E1-600-Q3-ordered	E1	accept-groups	600	Q3	2	default	5	1	599	0.523	1770	1741	2458	2.31	1.05
E1-1200-Q1-ordered	E1	accept-groups	1200	Q1	2	default	5	1	1196	0.213	811	811	586	0.65	1.21
E1-1200-Q2-ordered	E1	accept-groups	1200	Q2	2	default	5	1	1196	0.214	661	661	685	1.57	0.58
E1-1200-Q3-ordered	E1	accept-groups	1200	Q3	2	default	5	1	1196	0.638	1843	1741	2355	2.23	1.10
E2-1200-Q3-t4	E2	accept-groups	1200	Q3	4	default	5	1	1196	0.585	2444	2355	3174	2.37	1.41
E2-1200-Q3-t8	E2	accept-groups	1200	Q3	8	default	5	1	1196	0.731	3540	3482	3994	3.37	2.14
E3-1200-Q1-purge0	E3	accept-groups	1200	Q1	2	0	5	1	1196	0.231	743	743	580	0.72	1.45
E3-1200-Q3-purge0	E3	accept-groups	1200	Q3	2	0	5	1	1196	0.788	1942	1843	3072	2.19	1.79
