dataset	target	variant	run	memory	result	scan_groups	sort_exec	ordering_mode	elapsed_seconds	wall_seconds	max_rss_mb	sort_spills	sort_spill_mb	final_agg_spills	final_agg_spill_mb	partial_agg_spills	partial_agg_spill_mb	repartition_spills	repartition_spill_mb	error
partial-12-depth-1	2	original	1	128m	ok	2	0	PartiallySorted([0, 1])	0.500	0.51	344	0	0.0	0	0.0	0	0.0	0	0.0	
partial-12-depth-1	2	accept-groups	1	128m	ok	2	0	PartiallySorted([0, 1])	0.518	0.53	349	0	0.0	0	0.0	0	0.0	0	0.0	
partial-12-depth-1	2	accept-groups	2	128m	ok	2	0	PartiallySorted([0, 1])	0.496	0.50	304	0	0.0	0	0.0	0	0.0	0	0.0	
partial-12-depth-1	2	original	2	128m	ok	2	0	PartiallySorted([0, 1])	0.495	0.50	330	0	0.0	0	0.0	0	0.0	0	0.0	
partial-12-depth-1	2	original	3	128m	ok	2	0	PartiallySorted([0, 1])	0.485	0.49	310	0	0.0	0	0.0	0	0.0	0	0.0	
partial-12-depth-1	2	accept-groups	3	128m	ok	2	0	PartiallySorted([0, 1])	0.484	0.49	332	0	0.0	0	0.0	0	0.0	0	0.0	
partial-12-depth-1	2	accept-groups	4	128m	ok	2	0	PartiallySorted([0, 1])	0.519	0.53	320	0	0.0	0	0.0	0	0.0	0	0.0	
partial-12-depth-1	2	original	4	128m	ok	2	0	PartiallySorted([0, 1])	0.515	0.52	316	0	0.0	0	0.0	0	0.0	0	0.0	
partial-12-depth-1	2	original	5	128m	ok	2	0	PartiallySorted([0, 1])	0.516	0.52	314	0	0.0	0	0.0	0	0.0	0	0.0	
partial-12-depth-1	2	accept-groups	5	128m	ok	2	0	PartiallySorted([0, 1])	0.486	0.49	356	0	0.0	0	0.0	0	0.0	0	0.0	
partial-12-depth-1	2	accept-groups	6	128m	ok	2	0	PartiallySorted([0, 1])	0.513	0.52	334	0	0.0	0	0.0	0	0.0	0	0.0	
partial-12-depth-1	2	original	6	128m	ok	2	0	PartiallySorted([0, 1])	0.502	0.51	326	0	0.0	0	0.0	0	0.0	0	0.0	
partial-12-depth-1	2	original	7	128m	ok	2	0	PartiallySorted([0, 1])	0.523	0.53	305	0	0.0	0	0.0	0	0.0	0	0.0	
partial-12-depth-1	2	accept-groups	7	128m	ok	2	0	PartiallySorted([0, 1])	0.528	0.54	308	0	0.0	0	0.0	0	0.0	0	0.0	
partial-12-depth-1	2	accept-groups	8	128m	ok	2	0	PartiallySorted([0, 1])	0.471	0.48	325	0	0.0	0	0.0	0	0.0	0	0.0	
partial-12-depth-1	2	original	8	128m	ok	2	0	PartiallySorted([0, 1])	0.509	0.52	299	0	0.0	0	0.0	0	0.0	0	0.0	
partial-12-depth-1	2	original	9	128m	ok	2	0	PartiallySorted([0, 1])	0.511	0.52	316	0	0.0	0	0.0	0	0.0	0	0.0	
partial-12-depth-1	2	accept-groups	9	128m	ok	2	0	PartiallySorted([0, 1])	0.516	0.52	319	0	0.0	0	0.0	0	0.0	0	0.0	
partial-12-depth-1	2	accept-groups	10	128m	ok	2	0	PartiallySorted([0, 1])	0.549	0.56	320	0	0.0	0	0.0	0	0.0	0	0.0	
partial-12-depth-1	2	original	10	128m	ok	2	0	PartiallySorted([0, 1])	0.501	0.51	320	0	0.0	0	0.0	0	0.0	0	0.0	
partial-12-depth-2	2	original	1	128m	ok	2	0	PartiallySorted([0, 1])	0.403	0.41	308	0	0.0	0	0.0	0	0.0	0	0.0	
partial-12-depth-2	2	accept-groups	1	128m	ok	2	0	PartiallySorted([0, 1])	0.384	0.39	306	0	0.0	0	0.0	0	0.0	0	0.0	
partial-12-depth-2	2	accept-groups	2	128m	ok	2	0	PartiallySorted([0, 1])	0.408	0.42	334	0	0.0	0	0.0	0	0.0	0	0.0	
partial-12-depth-2	2	original	2	128m	ok	2	0	PartiallySorted([0, 1])	0.437	0.45	324	0	0.0	0	0.0	0	0.0	0	0.0	
partial-12-depth-2	2	original	3	128m	ok	2	0	PartiallySorted([0, 1])	0.423	0.43	298	0	0.0	0	0.0	0	0.0	0	0.0	
partial-12-depth-2	2	accept-groups	3	128m	ok	2	0	PartiallySorted([0, 1])	0.399	0.41	329	0	0.0	0	0.0	0	0.0	0	0.0	
partial-12-depth-2	2	accept-groups	4	128m	ok	2	0	PartiallySorted([0, 1])	0.415	0.42	314	0	0.0	0	0.0	0	0.0	0	0.0	
partial-12-depth-2	2	original	4	128m	ok	2	0	PartiallySorted([0, 1])	0.402	0.41	342	0	0.0	0	0.0	0	0.0	0	0.0	
partial-12-depth-2	2	original	5	128m	ok	2	0	PartiallySorted([0, 1])	0.412	0.42	314	0	0.0	0	0.0	0	0.0	0	0.0	
partial-12-depth-2	2	accept-groups	5	128m	ok	2	0	PartiallySorted([0, 1])	0.388	0.40	321	0	0.0	0	0.0	0	0.0	0	0.0	
partial-12-depth-2	2	accept-groups	6	128m	ok	2	0	PartiallySorted([0, 1])	0.444	0.45	336	0	0.0	0	0.0	0	0.0	0	0.0	
partial-12-depth-2	2	original	6	128m	ok	2	0	PartiallySorted([0, 1])	0.410	0.42	335	0	0.0	0	0.0	0	0.0	0	0.0	
partial-12-depth-2	2	original	7	128m	ok	2	0	PartiallySorted([0, 1])	0.414	0.42	320	0	0.0	0	0.0	0	0.0	0	0.0	
partial-12-depth-2	2	accept-groups	7	128m	ok	2	0	PartiallySorted([0, 1])	0.429	0.44	354	0	0.0	0	0.0	0	0.0	0	0.0	
partial-12-depth-2	2	accept-groups	8	128m	ok	2	0	PartiallySorted([0, 1])	0.398	0.41	316	0	0.0	0	0.0	0	0.0	0	0.0	
partial-12-depth-2	2	original	8	128m	ok	2	0	PartiallySorted([0, 1])	0.427	0.44	330	0	0.0	0	0.0	0	0.0	0	0.0	
partial-12-depth-2	2	original	9	128m	ok	2	0	PartiallySorted([0, 1])	0.418	0.43	332	0	0.0	0	0.0	0	0.0	0	0.0	
partial-12-depth-2	2	accept-groups	9	128m	ok	2	0	PartiallySorted([0, 1])	0.435	0.44	312	0	0.0	0	0.0	0	0.0	0	0.0	
partial-12-depth-2	2	accept-groups	10	128m	ok	2	0	PartiallySorted([0, 1])	0.416	0.42	326	0	0.0	0	0.0	0	0.0	0	0.0	
partial-12-depth-2	2	original	10	128m	ok	2	0	PartiallySorted([0, 1])	0.424	0.43	338	0	0.0	0	0.0	0	0.0	0	0.0	
partial-12-depth-3	2	original	1	128m	ok	2	1	Linear	0.713	0.72	442	14	77.7	24	157.0	0	0.0	0	0.0	
partial-12-depth-3	2	accept-groups	1	128m	ok	3	0	PartiallySorted([0, 1])	0.419	0.43	360	0	0.0	0	0.0	0	0.0	1	0.5	
partial-12-depth-3	2	accept-groups	2	128m	ok	3	0	PartiallySorted([0, 1])	0.395	0.40	380	0	0.0	0	0.0	0	0.0	1	0.0	
partial-12-depth-3	2	original	2	128m	ok	2	1	Linear	0.684	0.69	413	14	77.7	25	157.0	0	0.0	0	0.0	
partial-12-depth-3	2	original	3	128m	ok	2	1	Linear	0.673	0.68	440	14	77.7	24	157.1	0	0.0	1	0.5	
partial-12-depth-3	2	accept-groups	3	128m	ok	3	0	PartiallySorted([0, 1])	0.420	0.43	356	0	0.0	0	0.0	0	0.0	2	0.5	
partial-12-depth-3	2	accept-groups	4	128m	ok	3	0	PartiallySorted([0, 1])	0.423	0.43	378	0	0.0	0	0.0	0	0.0	2	1.0	
partial-12-depth-3	2	original	4	128m	ok	2	1	Linear	0.688	0.70	411	13	77.7	24	157.1	0	0.0	0	0.0	
partial-12-depth-3	2	original	5	128m	ok	2	1	Linear	0.705	0.71	401	13	77.7	25	179.4	0	0.0	0	0.0	
partial-12-depth-3	2	accept-groups	5	128m	ok	3	0	PartiallySorted([0, 1])	0.434	0.44	382	0	0.0	0	0.0	0	0.0	1	0.5	
partial-12-depth-3	2	accept-groups	6	128m	ok	3	0	PartiallySorted([0, 1])	0.396	0.40	386	0	0.0	0	0.0	0	0.0	2	1.0	
partial-12-depth-3	2	original	6	128m	ok	2	1	Linear	0.694	0.70	423	13	77.7	25	178.3	0	0.0	0	0.0	
partial-12-depth-3	2	original	7	128m	ok	2	1	Linear	0.673	0.68	438	13	77.7	24	157.0	0	0.0	0	0.0	
partial-12-depth-3	2	accept-groups	7	128m	ok	3	0	PartiallySorted([0, 1])	0.427	0.44	383	0	0.0	0	0.0	0	0.0	2	1.0	
partial-12-depth-3	2	accept-groups	8	128m	ok	3	0	PartiallySorted([0, 1])	0.399	0.41	392	0	0.0	0	0.0	0	0.0	1	0.4	
partial-12-depth-3	2	original	8	128m	ok	2	1	Linear	0.672	0.68	399	14	77.7	24	157.0	0	0.0	0	0.0	
partial-12-depth-3	2	original	9	128m	ok	2	1	Linear	0.687	0.69	435	14	77.7	24	157.1	0	0.0	0	0.0	
partial-12-depth-3	2	accept-groups	9	128m	ok	3	0	PartiallySorted([0, 1])	0.399	0.41	388	0	0.0	0	0.0	0	0.0	2	0.6	
partial-12-depth-3	2	accept-groups	10	128m	ok	3	0	PartiallySorted([0, 1])	0.400	0.41	342	0	0.0	0	0.0	0	0.0	1	0.5	
partial-12-depth-3	2	original	10	128m	ok	2	1	Linear	0.698	0.71	423	13	77.7	25	157.0	0	0.0	0	0.0	
partial-12-depth-4	2	original	1	128m	ok	2	1	Linear	0.724	0.73	440	13	77.7	24	157.4	0	0.0	0	0.0	
partial-12-depth-4	2	accept-groups	1	128m	ok	4	0	PartiallySorted([0, 1])	0.378	0.39	386	0	0.0	0	0.0	0	0.0	6	5.0	
partial-12-depth-4	2	accept-groups	2	128m	ok	4	0	PartiallySorted([0, 1])	0.418	0.43	416	0	0.0	0	0.0	0	0.0	6	6.5	
partial-12-depth-4	2	original	2	128m	ok	2	1	Linear	0.737	0.75	445	14	77.7	24	157.4	0	0.0	0	0.0	
partial-12-depth-4	2	original	3	128m	ok	2	1	Linear	0.718	0.73	429	14	77.7	24	157.4	0	0.0	0	0.0	
partial-12-depth-4	2	accept-groups	3	128m	ok	4	0	PartiallySorted([0, 1])	0.397	0.41	426	0	0.0	0	0.0	0	0.0	6	4.3	
partial-12-depth-4	2	accept-groups	4	128m	ok	4	0	PartiallySorted([0, 1])	0.378	0.39	415	0	0.0	0	0.0	0	0.0	7	7.0	
partial-12-depth-4	2	original	4	128m	ok	2	1	Linear	0.718	0.73	425	13	77.7	24	157.3	0	0.0	0	0.0	
partial-12-depth-4	2	original	5	128m	ok	2	1	Linear	0.727	0.74	399	13	77.7	25	179.2	0	0.0	0	0.0	
partial-12-depth-4	2	accept-groups	5	128m	ok	4	0	PartiallySorted([0, 1])	0.369	0.38	377	0	0.0	0	0.0	0	0.0	6	5.9	
partial-12-depth-4	2	accept-groups	6	128m	ok	4	0	PartiallySorted([0, 1])	0.380	0.39	421	0	0.0	0	0.0	0	0.0	6	5.9	
partial-12-depth-4	2	original	6	128m	ok	2	1	Linear	0.706	0.71	400	13	77.7	25	179.7	0	0.0	0	0.0	
partial-12-depth-4	2	original	7	128m	ok	2	1	Linear	0.688	0.70	452	14	77.7	24	157.3	0	0.0	0	0.0	
partial-12-depth-4	2	accept-groups	7	128m	ok	4	0	PartiallySorted([0, 1])	0.429	0.44	388	0	0.0	0	0.0	0	0.0	6	6.4	
partial-12-depth-4	2	accept-groups	8	128m	ok	4	0	PartiallySorted([0, 1])	0.395	0.40	407	0	0.0	0	0.0	0	0.0	6	5.5	
partial-12-depth-4	2	original	8	128m	ok	2	1	Linear	0.667	0.67	392	13	77.7	25	157.4	0	0.0	0	0.0	
partial-12-depth-4	2	original	9	128m	ok	2	1	Linear	0.750	0.76	415	13	77.7	24	157.4	0	0.0	0	0.0	
partial-12-depth-4	2	accept-groups	9	128m	ok	4	0	PartiallySorted([0, 1])	0.412	0.42	384	0	0.0	0	0.0	0	0.0	6	5.9	
partial-12-depth-4	2	accept-groups	10	128m	ok	4	0	PartiallySorted([0, 1])	0.389	0.40	439	0	0.0	0	0.0	0	0.0	5	5.4	
partial-12-depth-4	2	original	10	128m	ok	2	1	Linear	0.756	0.76	447	13	77.7	24	157.3	0	0.0	0	0.0	
partial-12-depth-6	2	original	1	128m	ok	2	1	Linear	0.679	0.69	425	14	77.7	24	157.7	0	0.0	0	0.0	
partial-12-depth-6	2	accept-groups	1	128m	ok	6	0	PartiallySorted([0, 1])	0.650	0.66	498	0	0.0	20	84.5	0	0.0	12	25.2	
partial-12-depth-6	2	accept-groups	2	128m	ok	6	0	PartiallySorted([0, 1])	0.649	0.66	469	0	0.0	20	90.9	0	0.0	12	20.1	
partial-12-depth-6	2	original	2	128m	ok	2	1	Linear	0.686	0.69	441	13	77.7	24	157.7	0	0.0	0	0.0	
partial-12-depth-6	2	original	3	128m	ok	2	1	Linear	0.752	0.76	416	13	77.7	26	183.4	0	0.0	0	0.0	
partial-12-depth-6	2	accept-groups	3	128m	ok	6	0	PartiallySorted([0, 1])	0.663	0.67	479	0	0.0	20	90.9	0	0.0	11	18.1	
partial-12-depth-6	2	accept-groups	4	128m	ok	6	0	PartiallySorted([0, 1])	0.641	0.65	495	0	0.0	20	90.9	0	0.0	12	26.0	
partial-12-depth-6	2	original	4	128m	ok	2	1	Linear	0.678	0.69	401	13	77.7	26	183.2	0	0.0	0	0.0	
partial-12-depth-6	2	original	5	128m	ok	2	1	Linear	0.723	0.73	390	13	77.7	26	182.7	0	0.0	0	0.0	
partial-12-depth-6	2	accept-groups	5	128m	ok	6	0	PartiallySorted([0, 1])	0.617	0.62	471	0	0.0	20	84.5	0	0.0	12	20.5	
partial-12-depth-6	2	accept-groups	6	128m	ok	6	0	PartiallySorted([0, 1])	0.594	0.60	482	0	0.0	20	90.9	0	0.0	12	23.3	
partial-12-depth-6	2	original	6	128m	ok	2	1	Linear	0.677	0.69	415	13	77.7	24	157.6	0	0.0	0	0.0	
partial-12-depth-6	2	original	7	128m	ok	2	1	Linear	0.644	0.65	429	13	77.7	24	157.7	0	0.0	0	0.0	
partial-12-depth-6	2	accept-groups	7	128m	ok	6	0	PartiallySorted([0, 1])	0.594	0.60	528	0	0.0	20	84.5	0	0.0	12	22.6	
partial-12-depth-6	2	accept-groups	8	128m	ok	6	0	PartiallySorted([0, 1])	0.643	0.65	494	0	0.0	20	90.9	0	0.0	12	24.2	
partial-12-depth-6	2	original	8	128m	ok	2	1	Linear	0.653	0.66	409	14	77.7	26	167.3	0	0.0	0	0.0	
partial-12-depth-6	2	original	9	128m	ok	2	1	Linear	0.643	0.65	414	13	77.7	26	166.3	0	0.0	0	0.0	
partial-12-depth-6	2	accept-groups	9	128m	ok	6	0	PartiallySorted([0, 1])	0.642	0.65	505	0	0.0	20	90.9	0	0.0	12	17.3	
partial-12-depth-6	2	accept-groups	10	128m	ok	6	0	PartiallySorted([0, 1])	0.588	0.60	512	0	0.0	20	90.9	0	0.0	11	20.3	
partial-12-depth-6	2	original	10	128m	ok	2	1	Linear	0.719	0.73	431	13	77.7	26	182.8	0	0.0	0	0.0	
partial-12-depth-12	2	original	1	128m	ok	2	1	Linear	0.782	0.79	413	14	77.7	27	205.6	0	0.0	0	0.0	
partial-12-depth-12	2	accept-groups	1	128m	ok	12	0	PartiallySorted([0, 1])	0.636	0.65	636	0	0.0	32	139.2	0	0.0	23	47.6	
partial-12-depth-12	2	accept-groups	2	128m	ok	12	0	PartiallySorted([0, 1])	0.621	0.63	629	0	0.0	32	139.2	0	0.0	24	43.1	
partial-12-depth-12	2	original	2	128m	ok	2	1	Linear	0.709	0.72	414	13	77.7	24	157.8	0	0.0	0	0.0	
partial-12-depth-12	2	original	3	128m	ok	2	1	Linear	0.748	0.76	416	13	77.7	27	166.3	0	0.0	0	0.0	
partial-12-depth-12	2	accept-groups	3	128m	ok	12	0	PartiallySorted([0, 1])	0.708	0.72	613	0	0.0	33	140.9	0	0.0	23	42.5	
partial-12-depth-12	2	accept-groups	4	128m	ok	12	0	PartiallySorted([0, 1])	0.675	0.68	665	0	0.0	33	140.9	0	0.0	22	38.5	
partial-12-depth-12	2	original	4	128m	ok	2	1	Linear	0.663	0.67	424	14	77.7	24	157.8	0	0.0	0	0.0	
partial-12-depth-12	2	original	5	128m	ok	2	1	Linear	0.721	0.73	450	14	77.7	26	181.0	0	0.0	0	0.0	
partial-12-depth-12	2	accept-groups	5	128m	ok	12	0	PartiallySorted([0, 1])	0.644	0.65	623	0	0.0	33	129.1	0	0.0	24	38.5	
partial-12-depth-12	2	accept-groups	6	128m	ok	12	0	PartiallySorted([0, 1])	0.636	0.64	639	0	0.0	33	140.8	0	0.0	23	39.4	
partial-12-depth-12	2	original	6	128m	ok	2	1	Linear	0.705	0.71	397	14	77.7	24	157.8	0	0.0	0	0.0	
partial-12-depth-12	2	original	7	128m	ok	2	1	Linear	0.758	0.77	402	13	77.7	26	181.9	0	0.0	0	0.0	
partial-12-depth-12	2	accept-groups	7	128m	ok	12	0	PartiallySorted([0, 1])	0.668	0.68	659	0	0.0	32	129.1	0	0.0	23	46.7	
partial-12-depth-12	2	accept-groups	8	128m	ok	12	0	PartiallySorted([0, 1])	0.614	0.62	680	0	0.0	32	139.2	0	0.0	23	41.1	
partial-12-depth-12	2	original	8	128m	ok	2	1	Linear	0.717	0.73	391	13	77.7	26	179.4	0	0.0	0	0.0	
partial-12-depth-12	2	original	9	128m	ok	2	1	Linear	0.710	0.72	419	13	77.7	26	179.5	0	0.0	0	0.0	
partial-12-depth-12	2	accept-groups	9	128m	ok	12	0	PartiallySorted([0, 1])	0.682	0.69	612	0	0.0	32	139.2	0	0.0	24	40.8	
partial-12-depth-12	2	accept-groups	10	128m	ok	12	0	PartiallySorted([0, 1])	0.645	0.66	639	0	0.0	32	139.2	0	0.0	22	44.0	
partial-12-depth-12	2	original	10	128m	ok	2	1	Linear	0.657	0.67	427	14	77.7	26	165.4	0	0.0	0	0.0	
sorted-medium-3	2	original	1	128m	ok	2	1	Linear	0.732	0.74	384	14	78.6	24	157.8	0	0.0	0	0.0	
sorted-medium-3	2	accept-groups	1	128m	ok	3	0	PartiallySorted([0, 1])	0.410	0.42	332	0	0.0	0	0.0	0	0.0	3	2.2	
sorted-medium-3	2	accept-groups	2	128m	ok	3	0	PartiallySorted([0, 1])	0.357	0.36	324	0	0.0	0	0.0	0	0.0	3	3.3	
sorted-medium-3	2	original	2	128m	ok	2	1	Linear	0.749	0.76	398	15	78.6	25	167.0	0	0.0	0	0.0	
sorted-medium-3	2	original	3	128m	ok	2	1	Linear	0.757	0.76	391	14	78.6	25	178.3	0	0.0	0	0.0	
sorted-medium-3	2	accept-groups	3	128m	ok	3	0	PartiallySorted([0, 1])	0.426	0.43	333	0	0.0	0	0.0	0	0.0	3	3.2	
sorted-medium-3	2	accept-groups	4	128m	ok	3	0	PartiallySorted([0, 1])	0.377	0.38	342	0	0.0	0	0.0	0	0.0	3	1.7	
sorted-medium-3	2	original	4	128m	ok	2	1	Linear	0.790	0.80	416	14	78.6	24	157.8	0	0.0	0	0.0	
sorted-medium-3	2	original	5	128m	ok	2	1	Linear	0.747	0.75	391	15	78.6	24	157.8	0	0.0	0	0.0	
sorted-medium-3	2	accept-groups	5	128m	ok	3	0	PartiallySorted([0, 1])	0.389	0.39	354	0	0.0	0	0.0	0	0.0	3	3.3	
sorted-medium-3	2	accept-groups	6	128m	ok	3	0	PartiallySorted([0, 1])	0.395	0.40	351	0	0.0	0	0.0	0	0.0	3	2.7	
sorted-medium-3	2	original	6	128m	ok	2	1	Linear	0.761	0.77	413	15	78.6	25	167.0	0	0.0	0	0.0	
sorted-medium-3	2	original	7	128m	ok	2	1	Linear	0.774	0.78	395	14	78.6	25	166.5	0	0.0	0	0.0	
sorted-medium-3	2	accept-groups	7	128m	ok	3	0	PartiallySorted([0, 1])	0.421	0.43	330	0	0.0	0	0.0	0	0.0	3	3.2	
sorted-medium-3	2	accept-groups	8	128m	ok	3	0	PartiallySorted([0, 1])	0.381	0.39	324	0	0.0	0	0.0	0	0.0	3	2.8	
sorted-medium-3	2	original	8	128m	ok	2	1	Linear	0.737	0.74	461	14	78.6	26	157.8	0	0.0	0	0.0	
sorted-medium-3	2	original	9	128m	ok	2	1	Linear	0.776	0.78	407	15	78.6	25	167.0	0	0.0	0	0.0	
sorted-medium-3	2	accept-groups	9	128m	ok	3	0	PartiallySorted([0, 1])	0.398	0.40	316	0	0.0	0	0.0	0	0.0	3	2.2	
sorted-medium-3	2	accept-groups	10	128m	ok	3	0	PartiallySorted([0, 1])	0.375	0.38	328	0	0.0	0	0.0	0	0.0	3	2.2	
sorted-medium-3	2	original	10	128m	ok	2	1	Linear	0.741	0.75	399	15	78.6	25	167.6	0	0.0	0	0.0	
overlap-medium-12	2	original	1	128m	ok	2	1	Linear	0.725	0.73	427	16	78.5	24	157.6	0	0.0	0	0.0	
overlap-medium-12	2	accept-groups	1	128m	ok	12	0	PartiallySorted([0, 1])	0.647	0.66	587	0	0.0	23	94.6	0	0.0	24	54.9	
overlap-medium-12	2	accept-groups	2	128m	ok	12	0	PartiallySorted([0, 1])	0.697	0.71	599	0	0.0	23	94.6	0	0.0	24	56.7	
overlap-medium-12	2	original	2	128m	ok	2	1	Linear	0.736	0.74	432	15	78.5	24	157.6	0	0.0	0	0.0	
overlap-medium-12	2	original	3	128m	ok	2	1	Linear	0.691	0.70	425	15	78.5	24	157.6	0	0.0	0	0.0	
overlap-medium-12	2	accept-groups	3	128m	ok	12	0	PartiallySorted([0, 1])	0.678	0.69	629	0	0.0	23	94.6	0	0.0	23	59.9	
overlap-medium-12	2	accept-groups	4	128m	ok	12	0	PartiallySorted([0, 1])	0.721	0.73	599	0	0.0	23	94.6	0	0.0	24	57.5	
overlap-medium-12	2	original	4	128m	ok	2	1	Linear	0.700	0.71	421	15	78.5	24	157.6	0	0.0	0	0.0	
overlap-medium-12	2	original	5	128m	ok	2	1	Linear	0.716	0.72	428	16	78.5	26	194.0	0	0.0	0	0.0	
overlap-medium-12	2	accept-groups	5	128m	ok	12	0	PartiallySorted([0, 1])	0.654	0.66	637	0	0.0	23	94.6	0	0.0	24	58.8	
overlap-medium-12	2	accept-groups	6	128m	ok	12	0	PartiallySorted([0, 1])	0.660	0.67	604	0	0.0	23	94.6	0	0.0	24	58.3	
overlap-medium-12	2	original	6	128m	ok	2	1	Linear	0.693	0.70	414	15	78.5	24	157.6	0	0.0	0	0.0	
overlap-medium-12	2	original	7	128m	ok	2	1	Linear	0.727	0.74	451	16	78.5	24	157.6	0	0.0	0	0.0	
overlap-medium-12	2	accept-groups	7	128m	ok	12	0	PartiallySorted([0, 1])	0.675	0.68	589	0	0.0	23	94.6	0	0.0	24	56.7	
overlap-medium-12	2	accept-groups	8	128m	ok	12	0	PartiallySorted([0, 1])	0.676	0.68	616	0	0.0	23	94.6	0	0.0	24	57.6	
overlap-medium-12	2	original	8	128m	ok	2	1	Linear	0.677	0.68	427	15	78.5	24	157.6	0	0.0	0	0.0	
overlap-medium-12	2	original	9	128m	ok	2	1	Linear	0.680	0.69	435	15	78.5	24	157.6	0	0.0	0	0.0	
overlap-medium-12	2	accept-groups	9	128m	ok	12	0	PartiallySorted([0, 1])	0.700	0.71	607	0	0.0	23	94.6	0	0.0	24	58.1	
overlap-medium-12	2	accept-groups	10	128m	ok	12	0	PartiallySorted([0, 1])	0.655	0.66	651	0	0.0	23	94.6	0	0.0	24	56.5	
overlap-medium-12	2	original	10	128m	ok	2	1	Linear	0.679	0.69	439	15	78.5	25	179.4	0	0.0	0	0.0	
sorted-15-target10	10	original	1	128m	failed		0		0.003	0.24	630	0	0.0	0	0.0	0	0.0	0	0.0	Resources exhausted: Additional allocation failed for FinalHashAggregateStream[7] with top memory consumers (across reservations) as:
sorted-15-target10	10	accept-groups	1	128m	ok	15	0	PartiallySorted([0, 1])	0.349	0.36	919	0	0.0	120	213.7	0	0.0	150	66.2	
sorted-15-target10	10	accept-groups	2	128m	ok	15	0	PartiallySorted([0, 1])	0.335	0.35	916	0	0.0	118	210.5	0	0.0	150	66.5	
sorted-15-target10	10	original	2	128m	failed		0		0.002	0.24	607	0	0.0	0	0.0	0	0.0	0	0.0	Resources exhausted: Additional allocation failed for FinalHashAggregateStream[3] with top memory consumers (across reservations) as:
sorted-15-target10	10	original	3	128m	failed		0		0.003	0.25	607	0	0.0	0	0.0	0	0.0	0	0.0	Resources exhausted: Additional allocation failed for FinalHashAggregateStream[3] with top memory consumers (across reservations) as:
sorted-15-target10	10	accept-groups	3	128m	ok	15	0	PartiallySorted([0, 1])	0.361	0.37	923	0	0.0	122	213.8	0	0.0	150	67.3	
sorted-15-target10	10	accept-groups	4	128m	ok	15	0	PartiallySorted([0, 1])	0.365	0.38	909	0	0.0	121	221.3	0	0.0	150	67.6	
sorted-15-target10	10	original	4	128m	failed		0		0.003	0.23	602	0	0.0	0	0.0	0	0.0	0	0.0	Resources exhausted: Additional allocation failed for FinalHashAggregateStream[3] with top memory consumers (across reservations) as:
sorted-15-target10	10	original	5	128m	failed		0		0.002	0.23	618	0	0.0	0	0.0	0	0.0	0	0.0	Resources exhausted: Additional allocation failed for FinalHashAggregateStream[5] with top memory consumers (across reservations) as:
sorted-15-target10	10	accept-groups	5	128m	ok	15	0	PartiallySorted([0, 1])	0.345	0.36	897	0	0.0	125	218.1	0	0.0	150	65.7	
sorted-15-target10	10	accept-groups	6	128m	ok	15	0	PartiallySorted([0, 1])	0.384	0.39	940	0	0.0	121	220.2	0	0.0	150	66.2	
sorted-15-target10	10	original	6	128m	failed		0		0.003	0.24	601	0	0.0	0	0.0	0	0.0	0	0.0	Resources exhausted: Additional allocation failed for FinalHashAggregateStream[4] with top memory consumers (across reservations) as:
sorted-15-target10	10	original	7	128m	failed		0		0.003	0.24	598	0	0.0	0	0.0	0	0.0	0	0.0	Resources exhausted: Additional allocation failed for FinalHashAggregateStream[3] with top memory consumers (across reservations) as:
sorted-15-target10	10	accept-groups	7	128m	ok	15	0	PartiallySorted([0, 1])	0.359	0.37	921	0	0.0	117	212.7	0	0.0	150	67.7	
sorted-15-target10	10	accept-groups	8	128m	ok	15	0	PartiallySorted([0, 1])	0.342	0.35	915	0	0.0	115	204.0	0	0.0	150	66.4	
sorted-15-target10	10	original	8	128m	failed		0		0.002	0.24	587	0	0.0	0	0.0	0	0.0	0	0.0	Resources exhausted: Additional allocation failed for FinalHashAggregateStream[3] with top memory consumers (across reservations) as:
sorted-15-target10	10	original	9	128m	failed		0		0.002	0.24	642	0	0.0	0	0.0	0	0.0	0	0.0	Resources exhausted: Additional allocation failed for FinalHashAggregateStream[1] with top memory consumers (across reservations) as:
sorted-15-target10	10	accept-groups	9	128m	ok	15	0	PartiallySorted([0, 1])	0.378	0.39	899	0	0.0	122	223.8	0	0.0	150	68.0	
sorted-15-target10	10	accept-groups	10	128m	failed		0		0.002	0.34	925	0	0.0	0	0.0	0	0.0	0	0.0	Resources exhausted: Additional allocation failed for SortPreservingMergeExec[0] with top memory consumers (across reservations) as:
sorted-15-target10	10	original	10	128m	failed		0		0.003	0.22	618	0	0.0	0	0.0	0	0.0	0	0.0	Resources exhausted: Additional allocation failed for FinalHashAggregateStream[2] with top memory consumers (across reservations) as:
overlap-1000-x-600	2	original	1	128m	ok	2	1	Linear	0.746	0.78	458	16	79.0	24	158.6	0	0.0	0	0.0	
overlap-1000-x-600	2	accept-groups	1	128m	ok	1000	0	PartiallySorted([0, 1])	0.839	0.89	1701	0	0.0	82	155.1	0	0.0	1	80.3	
overlap-1000-x-600	2	accept-groups	2	128m	ok	1000	0	PartiallySorted([0, 1])	0.864	0.91	1915	0	0.0	82	155.1	0	0.0	1	79.5	
overlap-1000-x-600	2	original	2	128m	ok	2	1	Linear	0.754	0.79	460	16	79.0	24	158.6	0	0.0	0	0.0	
overlap-1000-x-600	2	original	3	128m	ok	2	1	Linear	0.753	0.79	485	15	79.0	26	180.6	0	0.0	0	0.0	
overlap-1000-x-600	2	accept-groups	3	128m	ok	1000	0	PartiallySorted([0, 1])	0.864	0.91	1774	0	0.0	83	182.9	0	0.0	1	80.3	
overlap-1000-x-600	2	accept-groups	4	128m	ok	1000	0	PartiallySorted([0, 1])	0.822	0.87	1355	0	0.0	84	160.2	0	0.0	1	79.7	
overlap-1000-x-600	2	original	4	128m	ok	2	1	Linear	0.797	0.83	484	16	79.0	24	158.6	0	0.0	0	0.0	
overlap-1000-x-600	2	original	5	128m	ok	2	1	Linear	0.821	0.86	525	16	79.0	24	158.6	0	0.0	0	0.0	
overlap-1000-x-600	2	accept-groups	5	128m	ok	1000	0	PartiallySorted([0, 1])	0.877	0.93	1835	0	0.0	82	155.1	0	0.0	1	80.8	
overlap-1000-x-600	2	accept-groups	6	128m	ok	1000	0	PartiallySorted([0, 1])	0.885	0.94	1877	0	0.0	82	155.1	0	0.0	1	81.9	
overlap-1000-x-600	2	original	6	128m	ok	2	1	Linear	0.736	0.77	474	16	79.0	24	158.6	0	0.0	0	0.0	
overlap-1000-x-600	2	original	7	128m	ok	2	1	Linear	0.750	0.79	477	15	79.0	24	158.6	0	0.0	0	0.0	
overlap-1000-x-600	2	accept-groups	7	128m	ok	1000	0	PartiallySorted([0, 1])	0.827	0.88	1554	0	0.0	83	155.1	0	0.0	1	80.1	
overlap-1000-x-600	2	accept-groups	8	128m	ok	1000	0	PartiallySorted([0, 1])	0.865	0.92	1833	0	0.0	83	186.1	0	0.0	1	80.4	
overlap-1000-x-600	2	original	8	128m	ok	2	1	Linear	0.773	0.81	491	16	79.0	24	158.6	0	0.0	0	0.0	
overlap-1000-x-600	2	original	9	128m	ok	2	1	Linear	0.775	0.81	519	15	79.0	24	158.6	0	0.0	0	0.0	
overlap-1000-x-600	2	accept-groups	9	128m	ok	1000	0	PartiallySorted([0, 1])	0.843	0.89	1600	0	0.0	82	155.1	0	0.0	1	80.5	
overlap-1000-x-600	2	accept-groups	10	128m	ok	1000	0	PartiallySorted([0, 1])	0.878	0.92	1314	0	0.0	89	200.9	0	0.0	1	80.3	
overlap-1000-x-600	2	original	10	128m	ok	2	1	Linear	0.748	0.79	482	15	79.0	24	158.6	0	0.0	0	0.0	
