# dataset	df-16919-partial-12-depth-4-S0
# files	12
# depth	4
# assign	entity
# shape	S0
# rows	600000
# distinct_grouping_keys	599976
# duplicate_share	0.0000
# groups_by_bounds	4	[[0, 4, 8], [1, 5, 9], [2, 6, 10], [3, 7, 11]]
file	rows	bytes	row_groups	min_col_1	min_col_2	max_col_1	max_col_2
0	83258	1185184	1	E-00000	1790062995193	E-00007	1790633008751
1	53166	770205	1	E-00002	1790062995193	E-00009	1790633008751
2	43541	637579	1	E-00004	1790062995193	E-00011	1790633008750
3	40000	588541	1	E-00006	1790062995193	E-00013	1790633008751
4	40147	592874	1	E-00008	1790062995193	E-00015	1790633008751
5	39881	588665	1	E-00010	1790062995193	E-00017	1790633008751
6	39569	584551	1	E-00012	1790062995193	E-00019	1790633008751
7	39837	587731	1	E-00014	1790062995193	E-00021	1790629293815
8	40281	594071	1	E-00016	1790062995193	E-00023	1790629293812
9	43549	641749	1	E-00018	1790062995193	E-00025	1790626045016
10	53407	780912	1	E-00020	1790062995193	E-00027	1790633008751
11	83364	1202460	1	E-00022	1790084091589	E-00029	1790633008751
