# dataset	df-16919-partial-12-depth-4-24m-prefixes
# files	12
# depth	4
# assign	entity
# shape	S1
# rows	24000000
# distinct_grouping_keys	23999103
# duplicate_rows	897
# duplicate_share	0.000037
# groups_by_bounds	4	[[0, 4, 8], [1, 5, 9], [2, 6, 10], [3, 7, 11]]
# cluster_ms	20000
# distinct_prefixes	4573880
# grouping_keys_per_prefix	5.25
# grouping_keys_per_prefix_median	5
# grouping_keys_per_prefix_max	24
file	rows	bytes	row_groups	min_col_1	min_col_2	max_col_1	max_col_2
0	3334893	40440427	4	ENTITY-0000000	1790062994297	ENTITY-0000007	1790633008977
1	2132170	25718364	3	ENTITY-0000002	1790062994297	ENTITY-0000009	1790633008977
2	1734299	20926469	2	ENTITY-0000004	1790062994297	ENTITY-0000011	1790633008977
3	1601503	19516288	2	ENTITY-0000006	1790062994297	ENTITY-0000013	1790633008977
4	1599598	19474075	2	ENTITY-0000008	1790062994298	ENTITY-0000015	1790633008977
5	1598073	19446585	2	ENTITY-0000010	1790062994297	ENTITY-0000017	1790633008977
6	1598969	19566378	2	ENTITY-0000012	1790062994297	ENTITY-0000019	1790633008976
7	1600815	19524216	2	ENTITY-0000014	1790062994297	ENTITY-0000021	1790629294158
8	1598720	19541501	2	ENTITY-0000016	1790062994297	ENTITY-0000023	1790629294159
9	1732518	20945769	2	ENTITY-0000018	1790062994297	ENTITY-0000025	1790626045466
10	2132699	25544252	3	ENTITY-0000020	1790062994297	ENTITY-0000027	1790633008977
11	3335743	40109195	4	ENTITY-0000022	1790084090012	ENTITY-0000029	1790633008977
