# dataset	df-16919-partial-12-depth-4-dup0.5
# files	12
# depth	4
# assign	entity
# shape	S1
# rows	600000
# distinct_grouping_keys	299991
# duplicate_rows	300009
# duplicate_share	0.500015
# groups_by_bounds	4	[[0, 4, 8], [1, 5, 9], [2, 6, 10], [3, 7, 11]]
# copies	300000	# same_file_share	0.3944
file	rows	bytes	row_groups	min_col_1	min_col_2	max_col_1	max_col_2
0	83423	1172532	1	ENTITY-0000000	1790062995193	ENTITY-0000007	1790633008751
1	53320	766818	1	ENTITY-0000002	1790062995193	ENTITY-0000009	1790633008751
2	43618	635028	1	ENTITY-0000004	1790062995193	ENTITY-0000011	1790633008751
3	40000	585576	1	ENTITY-0000006	1790062995193	ENTITY-0000013	1790633008751
4	40139	589416	1	ENTITY-0000008	1790062995193	ENTITY-0000015	1790633008751
5	39877	586226	1	ENTITY-0000010	1790062995193	ENTITY-0000017	1790633008751
6	39706	584330	1	ENTITY-0000012	1790062995193	ENTITY-0000019	1790633008751
7	39989	588326	1	ENTITY-0000014	1790062995193	ENTITY-0000021	1790629293814
8	40312	593055	1	ENTITY-0000016	1790062995193	ENTITY-0000023	1790629293815
9	43533	639851	1	ENTITY-0000018	1790062995193	ENTITY-0000025	1790626045016
10	53213	771729	1	ENTITY-0000020	1790062995193	ENTITY-0000027	1790633008751
11	82870	1174979	1	ENTITY-0000022	1790084091589	ENTITY-0000029	1790633008751
