# dataset	df-16919-partial-600-depth-600-rank
# files	600
# depth	600
# assign	rank
# shape	S1
# rows	600000
# distinct_grouping_keys	599976
# duplicate_rows	24
# duplicate_share	0.000040
# groups_by_bounds	599	[[11], [10], [14], [25], [36], [9], [39], [16], [17], [33], [34], [0, 599], [27], [15], [22], [26], [1], [2], [13], [40], [24], [7], [31], [20], [32], [35], [4], [21], [28], [23], [37], [5], [12], [30], [8], [18], [19], [29], [3], [38], [6], [44], [49], [55], [61], [74], [77], [42], [46], [47], [54], [66], [62], [64], [72], [52], [58], [65], [69], [53], [67], [41], [50], [48], [75], [56], [43], [60], [73], [78], [51], [70], [76], [57], [45], [68], [63], [71], [79], [59], [86], [89], [101], [107], [108], [114], [118], [88], [104], [116], [83], [93], [95], [111], [115], [98], [113], [106], [97], [105], [90], [91], [94], [96], [102], [80], [84], [110], [87], [117], [85], [81], [82], [112], [100], [92], [109], [103], [99], [130], [152], [155], [121], [149], [139], [142], [153], [123], [125], [128], [151], [124], [147], [159], [120], [129], [131], [132], [145], [141], [150], [157], [144], [126], [136], [119], [137], [158], [134], [140], [148], [146], [127], [143], [135], [133], [154], [156], [122], [138], [162], [192], [189], [190], [197], [168], [169], [184], [166], [174], [188], [177], [194], [163], [179], [181], [161], [170], [175], [167], [185], [193], [160], [182], [173], [191], [195], [198], [196], [176], [186], [187], [199], [164], [165], [180], [178], [183], [172], [171], [207], [211], [201], [218], [223], [228], [232], [227], [225], [202], [212], [220], [235], [226], [236], [206], [217], [210], [209], [221], [233], [222], [203], [216], [230], [204], [213], [205], [234], [219], [229], [237], [200], [208], [215], [238], [224], [214], [231], [258], [244], [247], [261], [242], [243], [272], [278], [252], [250], [265], [271], [249], [255], [256], [266], [248], [246], [259], [262], [270], [245], [251], [279], [264], [260], [268], [275], [269], [273], [276], [263], [240], [274], [239], [267], [253], [241], [254], [257], [277], [285], [286], [314], [293], [305], [313], [315], [296], [310], [318], [301], [280], [299], [300], [304], [295], [312], [283], [303], [282], [308], [281], [317], [284], [302], [291], [292], [298], [307], [309], [306], [316], [288], [311], [287], [294], [290], [289], [297], [338], [342], [324], [334], [350], [329], [327], [335], [358], [323], [355], [319], [326], [337], [347], [339], [341], [346], [325], [357], [331], [353], [356], [321], [344], [320], [328], [352], [343], [340], [349], [332], [354], [330], [345], [348], [333], [336], [351], [322], [359], [381], [394], [396], [372], [382], [361], [385], [389], [379], [386], [375], [399], [369], [395], [376], [392], [393], [383], [391], [363], [377], [360], [388], [362], [374], [367], [378], [380], [390], [398], [387], [368], [371], [373], [366], [365], [384], [397], [364], [370], [425], [428], [427], [435], [424], [411], [422], [434], [439], [417], [408], [420], [403], [433], [410], [413], [423], [430], [400], [409], [412], [405], [436], [421], [414], [429], [415], [407], [432], [404], [426], [401], [418], [437], [419], [431], [416], [402], [406], [462], [461], [468], [446], [464], [458], [465], [457], [438], [449], [441], [452], [454], [463], [472], [455], [451], [467], [440], [474], [466], [445], [442], [460], [470], [443], [469], [476], [456], [471], [459], [444], [479], [473], [453], [477], [450], [475], [448], [447], [478], [489], [515], [502], [514], [499], [486], [505], [480], [513], [512], [488], [498], [501], [482], [517], [483], [490], [497], [510], [493], [516], [519], [507], [518], [484], [491], [506], [511], [487], [508], [485], [481], [496], [495], [503], [504], [509], [492], [494], [500], [527], [539], [542], [520], [535], [549], [555], [524], [532], [531], [550], [523], [526], [547], [556], [541], [548], [544], [536], [553], [537], [538], [525], [543], [528], [557], [545], [530], [534], [554], [559], [546], [533], [522], [558], [529], [540], [551], [521], [552], [588], [561], [579], [592], [567], [569], [587], [565], [585], [594], [586], [589], [595], [583], [596], [564], [563], [578], [597], [570], [591], [566], [574], [560], [571], [575], [562], [577], [582], [576], [568], [593], [573], [572], [581], [590], [584], [580], [598]]
file	rows	bytes	row_groups	min_col_1	min_col_2	max_col_1	max_col_2
0	3473	53796	1	ENTITY-0000000	1790062995198	ENTITY-0000014	1790633008750
1	3028	47992	1	ENTITY-0000000	1790062995200	ENTITY-0000015	1790633008745
2	2763	44243	1	ENTITY-0000000	1790062995200	ENTITY-0000015	1790633008751
3	2638	42473	1	ENTITY-0000000	1790062995215	ENTITY-0000015	1790633008748
4	2419	39270	1	ENTITY-0000000	1790062995205	ENTITY-0000015	1790633008735
5	2420	39227	1	ENTITY-0000000	1790062995207	ENTITY-0000015	1790633008749
6	2300	37550	1	ENTITY-0000000	1790062995235	ENTITY-0000015	1790633008735
7	2211	35960	1	ENTITY-0000000	1790062995202	ENTITY-0000015	1790633008731
8	2246	36461	1	ENTITY-0000000	1790062995209	ENTITY-0000015	1790633008749
9	2087	34190	1	ENTITY-0000000	1790062995195	ENTITY-0000015	1790633008750
10	1999	32743	1	ENTITY-0000000	1790062995194	ENTITY-0000015	1790633008716
11	2026	33137	1	ENTITY-0000000	1790062995193	ENTITY-0000015	1790633008748
12	1898	31307	1	ENTITY-0000000	1790062995207	ENTITY-0000015	1790633008746
13	1954	32137	1	ENTITY-0000000	1790062995200	ENTITY-0000015	1790633008744
14	1873	30972	1	ENTITY-0000000	1790062995194	ENTITY-0000015	1790633008743
15	1884	31097	1	ENTITY-0000000	1790062995199	ENTITY-0000015	1790633008749
16	1869	30901	1	ENTITY-0000000	1790062995196	ENTITY-0000015	1790633008746
17	1718	28701	1	ENTITY-0000000	1790062995196	ENTITY-0000015	1790633008740
18	1768	29397	1	ENTITY-0000000	1790062995209	ENTITY-0000015	1790633008737
19	1688	28178	1	ENTITY-0000000	1790062995211	ENTITY-0000015	1790633008732
20	1766	29467	1	ENTITY-0000000	1790062995203	ENTITY-0000015	1790633008746
21	1614	27210	1	ENTITY-0000000	1790062995205	ENTITY-0000015	1790633008736
22	1679	28106	1	ENTITY-0000000	1790062995199	ENTITY-0000015	1790633008748
23	1595	26930	1	ENTITY-0000000	1790062995206	ENTITY-0000015	1790633008749
24	1563	26495	1	ENTITY-0000000	1790062995201	ENTITY-0000015	1790633008746
25	1589	26799	1	ENTITY-0000000	1790062995194	ENTITY-0000015	1790633008745
26	1526	25885	1	ENTITY-0000000	1790062995199	ENTITY-0000015	1790633008747
27	1533	26016	1	ENTITY-0000000	1790062995198	ENTITY-0000015	1790633008748
28	1498	25509	1	ENTITY-0000000	1790062995205	ENTITY-0000015	1790633008739
29	1560	26410	1	ENTITY-0000000	1790062995212	ENTITY-0000015	1790633008740
30	1525	25917	1	ENTITY-0000000	1790062995208	ENTITY-0000015	1790633008714
31	1523	25865	1	ENTITY-0000000	1790062995202	ENTITY-0000015	1790633008739
32	1471	25088	1	ENTITY-0000000	1790062995203	ENTITY-0000015	1790633008750
33	1505	25679	1	ENTITY-0000000	1790062995197	ENTITY-0000015	1790633008739
34	1444	24719	1	ENTITY-0000000	1790062995197	ENTITY-0000015	1790633008747
35	1418	24359	1	ENTITY-0000000	1790062995204	ENTITY-0000015	1790633008746
36	1390	23943	1	ENTITY-0000000	1790062995194	ENTITY-0000015	1790633008733
37	1406	24131	1	ENTITY-0000000	1790062995206	ENTITY-0000015	1790633008744
38	1427	24487	1	ENTITY-0000000	1790062995223	ENTITY-0000015	1790633008738
39	1335	23105	1	ENTITY-0000000	1790062995195	ENTITY-0000015	1790633008748
40	1343	23258	1	ENTITY-0000000	1790062995200	ENTITY-0000016	1790633008748
41	1359	23467	1	ENTITY-0000001	1790062995199	ENTITY-0000016	1790633008750
42	1389	23927	1	ENTITY-0000001	1790062995194	ENTITY-0000016	1790633008747
43	1404	24147	1	ENTITY-0000001	1790062995202	ENTITY-0000016	1790633008749
44	1351	23382	1	ENTITY-0000001	1790062995193	ENTITY-0000016	1790633008737
45	1421	24416	1	ENTITY-0000001	1790062995208	ENTITY-0000016	1790633008738
46	1258	22087	1	ENTITY-0000001	1790062995194	ENTITY-0000016	1790633008747
47	1307	22727	1	ENTITY-0000001	1790062995194	ENTITY-0000016	1790633008750
48	1286	22397	1	ENTITY-0000001	1790062995200	ENTITY-0000016	1790633008743
49	1258	22015	1	ENTITY-0000001	1790062995193	ENTITY-0000016	1790633008750
50	1284	22435	1	ENTITY-0000001	1790062995199	ENTITY-0000016	1790633008742
51	1218	21449	1	ENTITY-0000001	1790062995203	ENTITY-0000016	1790633008729
52	1286	22423	1	ENTITY-0000001	1790062995196	ENTITY-0000016	1790633008731
53	1274	22227	1	ENTITY-0000001	1790062995198	ENTITY-0000016	1790633008744
54	1197	21115	1	ENTITY-0000001	1790062995194	ENTITY-0000016	1790633008733
55	1246	21788	1	ENTITY-0000001	1790062995193	ENTITY-0000016	1790633008733
56	1267	22199	1	ENTITY-0000001	1790062995201	ENTITY-0000016	1790633008725
57	1192	21010	1	ENTITY-0000001	1790062995205	ENTITY-0000016	1790633008738
58	1270	22236	1	ENTITY-0000001	1790062995196	ENTITY-0000016	1790633008750
59	1175	20763	1	ENTITY-0000001	1790062995227	ENTITY-0000016	1790633008738
60	1248	21927	1	ENTITY-0000001	1790062995202	ENTITY-0000016	1790633008742
61	1183	20957	1	ENTITY-0000001	1790062995193	ENTITY-0000016	1790633008739
62	1176	20787	1	ENTITY-0000001	1790062995195	ENTITY-0000016	1790633008748
63	1162	20639	1	ENTITY-0000001	1790062995211	ENTITY-0000016	1790633008728
64	1175	20756	1	ENTITY-0000001	1790062995195	ENTITY-0000016	1790633008745
65	1184	20945	1	ENTITY-0000001	1790062995196	ENTITY-0000016	1790633008750
66	1232	21656	1	ENTITY-0000001	1790062995194	ENTITY-0000016	1790633008743
67	1204	21210	1	ENTITY-0000001	1790062995198	ENTITY-0000016	1790633008749
68	1192	21029	1	ENTITY-0000001	1790062995208	ENTITY-0000016	1790633008750
69	1079	19371	1	ENTITY-0000001	1790062995197	ENTITY-0000016	1790633008751
70	1123	20117	1	ENTITY-0000001	1790062995203	ENTITY-0000016	1790633008740
71	1076	19361	1	ENTITY-0000001	1790062995211	ENTITY-0000016	1790633008744
72	1124	20057	1	ENTITY-0000001	1790062995195	ENTITY-0000016	1790633008743
73	1105	19812	1	ENTITY-0000001	1790062995202	ENTITY-0000016	1790633008748
74	1094	19613	1	ENTITY-0000001	1790062995193	ENTITY-0000016	1790633008724
75	1132	20188	1	ENTITY-0000001	1790062995200	ENTITY-0000016	1790633008745
76	1160	20607	1	ENTITY-0000001	1790062995203	ENTITY-0000016	1790633008728
77	1126	20122	1	ENTITY-0000001	1790062995193	ENTITY-0000016	1790633008744
78	1037	18655	1	ENTITY-0000001	1790062995202	ENTITY-0000016	1790633008748
79	1070	19330	1	ENTITY-0000001	1790062995212	ENTITY-0000016	1790633008744
80	1063	19195	1	ENTITY-0000002	1790062995201	ENTITY-0000017	1790633008749
81	1067	19216	1	ENTITY-0000002	1790062995208	ENTITY-0000016	1790633008718
82	1092	19564	1	ENTITY-0000002	1790062995209	ENTITY-0000017	1790633008716
83	1077	19342	1	ENTITY-0000002	1790062995195	ENTITY-0000017	1790633008747
84	1067	19088	1	ENTITY-0000002	1790062995201	ENTITY-0000017	1790633008731
85	1070	19293	1	ENTITY-0000002	1790062995204	ENTITY-0000017	1790633008749
86	1038	18726	1	ENTITY-0000002	1790062995193	ENTITY-0000017	1790633008751
87	1019	18292	1	ENTITY-0000002	1790062995202	ENTITY-0000017	1790633008747
88	1006	18092	1	ENTITY-0000002	1790062995194	ENTITY-0000017	1790633008734
89	1028	18541	1	ENTITY-0000002	1790062995193	ENTITY-0000017	1790633008751
90	1067	19225	1	ENTITY-0000002	1790062995199	ENTITY-0000017	1790633008696
91	1045	18797	1	ENTITY-0000002	1790062995199	ENTITY-0000017	1790633008750
92	1026	18546	1	ENTITY-0000002	1790062995213	ENTITY-0000017	1790633008749
93	1041	18747	1	ENTITY-0000002	1790062995195	ENTITY-0000017	1790633008749
94	1046	18759	1	ENTITY-0000002	1790062995199	ENTITY-0000017	1790633008745
95	999	17986	1	ENTITY-0000002	1790062995195	ENTITY-0000017	1790633008751
96	964	17482	1	ENTITY-0000002	1790062995199	ENTITY-0000017	1790633008747
97	957	17400	1	ENTITY-0000002	1790062995198	ENTITY-0000017	1790633008749
98	979	17686	1	ENTITY-0000002	1790062995196	ENTITY-0000017	1790633008737
99	1001	18008	1	ENTITY-0000002	1790062995222	ENTITY-0000017	1790633008751
100	977	17682	1	ENTITY-0000002	1790062995211	ENTITY-0000017	1790633008751
101	997	17924	1	ENTITY-0000002	1790062995193	ENTITY-0000017	1790633008749
102	1000	18007	1	ENTITY-0000002	1790062995200	ENTITY-0000017	1790633008749
103	988	17868	1	ENTITY-0000002	1790062995220	ENTITY-0000017	1790633008725
104	941	17153	1	ENTITY-0000002	1790062995194	ENTITY-0000017	1790633008739
105	937	17091	1	ENTITY-0000002	1790062995198	ENTITY-0000017	1790633008722
106	986	17801	1	ENTITY-0000002	1790062995197	ENTITY-0000017	1790633008748
107	948	17280	1	ENTITY-0000002	1790062995193	ENTITY-0000017	1790633008751
108	959	17381	1	ENTITY-0000002	1790062995193	ENTITY-0000017	1790633008744
109	923	16888	1	ENTITY-0000002	1790062995214	ENTITY-0000017	1790633008744
110	942	17148	1	ENTITY-0000002	1790062995201	ENTITY-0000017	1790633008747
111	926	16926	1	ENTITY-0000002	1790062995195	ENTITY-0000017	1790633008746
112	960	17406	1	ENTITY-0000002	1790062995210	ENTITY-0000017	1790633008749
113	930	17007	1	ENTITY-0000002	1790062995196	ENTITY-0000017	1790633008747
114	908	16705	1	ENTITY-0000002	1790062995193	ENTITY-0000017	1790633008748
115	881	16283	1	ENTITY-0000002	1790062995195	ENTITY-0000017	1790633008744
116	902	16582	1	ENTITY-0000002	1790062995194	ENTITY-0000017	1790633008749
117	949	17291	1	ENTITY-0000002	1790062995203	ENTITY-0000017	1790633008749
118	921	16912	1	ENTITY-0000002	1790062995193	ENTITY-0000017	1790633008730
119	892	16418	1	ENTITY-0000003	1790062995208	ENTITY-0000017	1790633008738
120	932	17015	1	ENTITY-0000003	1790062995198	ENTITY-0000018	1790633008728
121	934	17043	1	ENTITY-0000003	1790062995194	ENTITY-0000018	1790633008702
122	872	16125	1	ENTITY-0000003	1790062995227	ENTITY-0000017	1790633008740
123	894	16431	1	ENTITY-0000003	1790062995196	ENTITY-0000018	1790633008749
124	880	16238	1	ENTITY-0000003	1790062995197	ENTITY-0000018	1790633008745
125	853	15835	1	ENTITY-0000003	1790062995196	ENTITY-0000018	1790633008691
126	949	17289	1	ENTITY-0000003	1790062995206	ENTITY-0000018	1790633008741
127	939	17171	1	ENTITY-0000003	1790062995214	ENTITY-0000018	1790633008747
128	851	15867	1	ENTITY-0000003	1790062995196	ENTITY-0000018	1790633008750
129	895	16472	1	ENTITY-0000003	1790062995198	ENTITY-0000018	1790633008712
130	880	16258	1	ENTITY-0000003	1790062995193	ENTITY-0000018	1790633008742
131	826	15525	1	ENTITY-0000003	1790062995198	ENTITY-0000018	1790633008750
132	917	16834	1	ENTITY-0000003	1790062995198	ENTITY-0000018	1790633008651
133	869	16130	1	ENTITY-0000003	1790062995220	ENTITY-0000018	1790633008749
134	856	15937	1	ENTITY-0000003	1790062995209	ENTITY-0000018	1790633008709
135	866	16067	1	ENTITY-0000003	1790062995215	ENTITY-0000018	1790633008718
136	877	16223	1	ENTITY-0000003	1790062995207	ENTITY-0000018	1790633008750
137	879	16238	1	ENTITY-0000003	1790062995208	ENTITY-0000018	1790633008724
138	828	15524	1	ENTITY-0000003	1790062995246	ENTITY-0000018	1790633008722
139	821	15413	1	ENTITY-0000003	1790062995195	ENTITY-0000018	1790633008712
140	910	16717	1	ENTITY-0000003	1790062995210	ENTITY-0000018	1790633008751
141	883	16344	1	ENTITY-0000003	1790062995201	ENTITY-0000018	1790633008746
142	864	16072	1	ENTITY-0000003	1790062995195	ENTITY-0000018	1790633008727
143	857	15954	1	ENTITY-0000003	1790062995214	ENTITY-0000018	1790633008711
144	829	15548	1	ENTITY-0000003	1790062995204	ENTITY-0000018	1790633008742
145	855	15905	1	ENTITY-0000003	1790062995200	ENTITY-0000018	1790633008749
146	835	15649	1	ENTITY-0000003	1790062995213	ENTITY-0000018	1790633008730
147	832	15565	1	ENTITY-0000003	1790062995197	ENTITY-0000018	1790633008747
148	871	16133	1	ENTITY-0000003	1790062995211	ENTITY-0000018	1790633008736
149	819	15436	1	ENTITY-0000003	1790062995194	ENTITY-0000018	1790633008705
150	859	16014	1	ENTITY-0000003	1790062995201	ENTITY-0000018	1790633008736
151	865	16093	1	ENTITY-0000003	1790062995196	ENTITY-0000018	1790633008750
152	851	15885	1	ENTITY-0000003	1790062995193	ENTITY-0000018	1790633008744
153	817	15371	1	ENTITY-0000003	1790062995195	ENTITY-0000018	1790633008729
154	821	15416	1	ENTITY-0000003	1790062995220	ENTITY-0000018	1790633008749
155	838	15692	1	ENTITY-0000003	1790062995193	ENTITY-0000018	1790633008748
156	803	15161	1	ENTITY-0000003	1790062995226	ENTITY-0000018	1790633008719
157	832	15598	1	ENTITY-0000003	1790062995201	ENTITY-0000018	1790633008745
158	836	15652	1	ENTITY-0000003	1790062995208	ENTITY-0000018	1790633008746
159	859	15968	1	ENTITY-0000003	1790062995197	ENTITY-0000019	1790633008674
160	786	14910	1	ENTITY-0000004	1790062995204	ENTITY-0000018	1790633008749
161	824	15431	1	ENTITY-0000004	1790062995200	ENTITY-0000018	1790633008746
162	776	14761	1	ENTITY-0000004	1790062995193	ENTITY-0000019	1790633008735
163	816	15286	1	ENTITY-0000004	1790062995199	ENTITY-0000019	1790633008693
164	798	15108	1	ENTITY-0000004	1790062995226	ENTITY-0000019	1790633008709
165	764	14588	1	ENTITY-0000004	1790062995231	ENTITY-0000019	1790633008683
166	842	15734	1	ENTITY-0000004	1790062995197	ENTITY-0000019	1790633008732
167	782	14816	1	ENTITY-0000004	1790062995201	ENTITY-0000019	1790633008649
168	816	15370	1	ENTITY-0000004	1790062995195	ENTITY-0000019	1790633008748
169	788	14955	1	ENTITY-0000004	1790062995196	ENTITY-0000019	1790633008728
170	802	15169	1	ENTITY-0000004	1790062995200	ENTITY-0000019	1790633008749
171	841	15727	1	ENTITY-0000004	1790062995307	ENTITY-0000019	1790633008732
172	812	15305	1	ENTITY-0000004	1790062995260	ENTITY-0000019	1790633008720
173	744	14277	1	ENTITY-0000004	1790062995205	ENTITY-0000019	1790633008737
174	791	14955	1	ENTITY-0000004	1790062995197	ENTITY-0000019	1790633008729
175	816	15305	1	ENTITY-0000004	1790062995200	ENTITY-0000019	1790633008740
176	801	15198	1	ENTITY-0000004	1790062995214	ENTITY-0000019	1790633008689
177	775	14712	1	ENTITY-0000004	1790062995198	ENTITY-0000019	1790633008707
178	764	14587	1	ENTITY-0000004	1790062995245	ENTITY-0000019	1790633008733
179	773	14722	1	ENTITY-0000004	1790062995199	ENTITY-0000019	1790633008704
180	732	14129	1	ENTITY-0000004	1790062995238	ENTITY-0000019	1790633008743
181	803	15192	1	ENTITY-0000004	1790062995199	ENTITY-0000019	1790633008743
182	768	14568	1	ENTITY-0000004	1790062995204	ENTITY-0000019	1790633008736
183	770	14695	1	ENTITY-0000004	1790062995248	ENTITY-0000019	1790633008742
184	736	14196	1	ENTITY-0000004	1790062995196	ENTITY-0000019	1790633008747
185	758	14537	1	ENTITY-0000004	1790062995201	ENTITY-0000019	1790633008731
186	825	15501	1	ENTITY-0000004	1790062995214	ENTITY-0000019	1790633008751
187	734	14161	1	ENTITY-0000004	1790062995215	ENTITY-0000019	1790633008746
188	782	14845	1	ENTITY-0000004	1790062995197	ENTITY-0000019	1790633008742
189	747	14331	1	ENTITY-0000004	1790062995194	ENTITY-0000019	1790633008751
190	758	14485	1	ENTITY-0000004	1790062995194	ENTITY-0000019	1790633008748
191	763	14594	1	ENTITY-0000004	1790062995206	ENTITY-0000019	1790633008728
192	746	14338	1	ENTITY-0000004	1790062995193	ENTITY-0000019	1790633008693
193	726	14005	1	ENTITY-0000004	1790062995201	ENTITY-0000019	1790633008735
194	722	14029	1	ENTITY-0000004	1790062995198	ENTITY-0000019	1790633008734
195	786	14934	1	ENTITY-0000004	1790062995209	ENTITY-0000019	1790633008743
196	790	14953	1	ENTITY-0000004	1790062995211	ENTITY-0000019	1790633008737
197	789	14958	1	ENTITY-0000004	1790062995194	ENTITY-0000019	1790633008749
198	782	14905	1	ENTITY-0000004	1790062995210	ENTITY-0000019	1790633008706
199	764	14564	1	ENTITY-0000004	1790062995222	ENTITY-0000020	1790633008744
200	711	13830	1	ENTITY-0000005	1790062995213	ENTITY-0000020	1790633008748
201	767	14630	1	ENTITY-0000005	1790062995194	ENTITY-0000020	1790633008733
202	714	13885	1	ENTITY-0000005	1790062995197	ENTITY-0000020	1790633008711
203	759	14547	1	ENTITY-0000005	1790062995203	ENTITY-0000020	1790633008751
204	756	14479	1	ENTITY-0000005	1790062995205	ENTITY-0000020	1790633008751
205	679	13347	1	ENTITY-0000005	1790062995207	ENTITY-0000020	1790633008634
206	756	14455	1	ENTITY-0000005	1790062995199	ENTITY-0000020	1790633008732
207	699	13682	1	ENTITY-0000005	1790062995193	ENTITY-0000020	1790633008707
208	746	14331	1	ENTITY-0000005	1790062995213	ENTITY-0000020	1790633008716
209	729	14122	1	ENTITY-0000005	1790062995201	ENTITY-0000020	1790633008726
210	758	14530	1	ENTITY-0000005	1790062995200	ENTITY-0000020	1790633008737
211	774	14753	1	ENTITY-0000005	1790062995193	ENTITY-0000020	1790633008690
212	721	14017	1	ENTITY-0000005	1790062995197	ENTITY-0000020	1790633008729
213	729	14120	1	ENTITY-0000005	1790062995205	ENTITY-0000020	1790633008742
214	804	15196	1	ENTITY-0000005	1790062995230	ENTITY-0000020	1790633008728
215	728	14056	1	ENTITY-0000005	1790062995213	ENTITY-0000020	1790633008701
216	726	14046	1	ENTITY-0000005	1790062995203	ENTITY-0000020	1790633008740
217	721	13976	1	ENTITY-0000005	1790062995199	ENTITY-0000020	1790633008637
218	736	14182	1	ENTITY-0000005	1790062995194	ENTITY-0000020	1790633008745
219	711	13785	1	ENTITY-0000005	1790062995208	ENTITY-0000020	1790633008740
220	707	13801	1	ENTITY-0000005	1790062995197	ENTITY-0000020	1790633008670
221	741	14263	1	ENTITY-0000005	1790062995201	ENTITY-0000020	1790633008750
222	731	14122	1	ENTITY-0000005	1790062995202	ENTITY-0000020	1790633008559
223	700	13683	1	ENTITY-0000005	1790062995194	ENTITY-0000020	1790633008724
224	741	14284	1	ENTITY-0000005	1790062995225	ENTITY-0000020	1790633008748
225	774	14761	1	ENTITY-0000005	1790062995196	ENTITY-0000020	1790633008693
226	703	13704	1	ENTITY-0000005	1790062995198	ENTITY-0000020	1790633008729
227	730	14157	1	ENTITY-0000005	1790062995195	ENTITY-0000020	1790633008728
228	732	14111	1	ENTITY-0000005	1790062995194	ENTITY-0000020	1790633008735
229	718	13953	1	ENTITY-0000005	1790062995209	ENTITY-0000020	1790633008737
230	649	12991	1	ENTITY-0000005	1790062995204	ENTITY-0000020	1790633008668
231	679	13311	1	ENTITY-0000005	1790062995258	ENTITY-0000020	1790633008705
232	777	14845	1	ENTITY-0000005	1790062995194	ENTITY-0000020	1790633008672
233	731	14161	1	ENTITY-0000005	1790062995201	ENTITY-0000020	1790633008737
234	759	14515	1	ENTITY-0000005	1790062995207	ENTITY-0000020	1790633008667
235	716	13917	1	ENTITY-0000005	1790062995197	ENTITY-0000020	1790633008530
236	717	13948	1	ENTITY-0000005	1790062995198	ENTITY-0000020	1790633008712
237	700	13690	1	ENTITY-0000005	1790062995212	ENTITY-0000020	1790633008746
238	728	14038	1	ENTITY-0000005	1790062995217	ENTITY-0000020	1790633008735
239	693	13538	1	ENTITY-0000006	1790062995219	ENTITY-0000020	1790633008598
240	638	12749	1	ENTITY-0000006	1790062995211	ENTITY-0000021	1790633008741
241	703	13701	1	ENTITY-0000006	1790062995225	ENTITY-0000021	1790633008730
242	741	14279	1	ENTITY-0000006	1790062995195	ENTITY-0000021	1790633008748
243	727	14069	1	ENTITY-0000006	1790062995195	ENTITY-0000021	1790633008588
244	682	13400	1	ENTITY-0000006	1790062995194	ENTITY-0000021	1790633008632
245	725	14041	1	ENTITY-0000006	1790062995203	ENTITY-0000021	1790633008680
246	709	13787	1	ENTITY-0000006	1790062995201	ENTITY-0000021	1790633008602
247	697	13653	1	ENTITY-0000006	1790062995194	ENTITY-0000021	1790633008719
248	688	13461	1	ENTITY-0000006	1790062995200	ENTITY-0000021	1790633008704
249	714	13879	1	ENTITY-0000006	1790062995199	ENTITY-0000021	1790633008730
250	723	14053	1	ENTITY-0000006	1790062995198	ENTITY-0000021	1790633008748
251	676	13350	1	ENTITY-0000006	1790062995203	ENTITY-0000021	1790633008740
252	723	14020	1	ENTITY-0000006	1790062995197	ENTITY-0000021	1790633008727
253	656	13055	1	ENTITY-0000006	1790062995224	ENTITY-0000021	1790633008720
254	679	13374	1	ENTITY-0000006	1790062995226	ENTITY-0000021	1790633008723
255	724	14051	1	ENTITY-0000006	1790062995199	ENTITY-0000021	1790633008681
256	733	14146	1	ENTITY-0000006	1790062995199	ENTITY-0000021	1790633008733
257	703	13720	1	ENTITY-0000006	1790062995228	ENTITY-0000021	1790633008740
258	720	13967	1	ENTITY-0000006	1790062995193	ENTITY-0000021	1790633008683
259	713	13905	1	ENTITY-0000006	1790062995202	ENTITY-0000021	1790633008738
260	691	13551	1	ENTITY-0000006	1790062995205	ENTITY-0000021	1790633008677
261	739	14263	1	ENTITY-0000006	1790062995194	ENTITY-0000021	1790633008738
262	718	13969	1	ENTITY-0000006	1790062995202	ENTITY-0000021	1790633008749
263	680	13349	1	ENTITY-0000006	1790062995210	ENTITY-0000021	1790633008751
264	702	13684	1	ENTITY-0000006	1790062995204	ENTITY-0000021	1790633008653
265	684	13457	1	ENTITY-0000006	1790062995198	ENTITY-0000021	1790633008735
266	700	13724	1	ENTITY-0000006	1790062995199	ENTITY-0000021	1790633008748
267	713	13887	1	ENTITY-0000006	1790062995219	ENTITY-0000021	1790633008697
268	730	14156	1	ENTITY-0000006	1790062995205	ENTITY-0000021	1790633008716
269	710	13842	1	ENTITY-0000006	1790062995207	ENTITY-0000021	1790633008744
270	697	13657	1	ENTITY-0000006	1790062995202	ENTITY-0000021	1790633008705
271	700	13711	1	ENTITY-0000006	1790062995198	ENTITY-0000021	1790633008609
272	712	13856	1	ENTITY-0000006	1790062995195	ENTITY-0000021	1790633008716
273	700	13721	1	ENTITY-0000006	1790062995208	ENTITY-0000021	1790633008751
274	712	13858	1	ENTITY-0000006	1790062995216	ENTITY-0000021	1790633008737
275	675	13350	1	ENTITY-0000006	1790062995206	ENTITY-0000021	1790633008710
276	729	14162	1	ENTITY-0000006	1790062995209	ENTITY-0000021	1790633008688
277	685	13437	1	ENTITY-0000006	1790062995240	ENTITY-0000021	1790633008734
278	668	13216	1	ENTITY-0000006	1790062995195	ENTITY-0000021	1790633008682
279	662	13108	1	ENTITY-0000006	1790062995203	ENTITY-0000022	1790633008725
280	680	13416	1	ENTITY-0000007	1790062995197	ENTITY-0000022	1790633008743
281	662	13136	1	ENTITY-0000007	1790062995203	ENTITY-0000022	1790633008733
282	695	13632	1	ENTITY-0000007	1790062995202	ENTITY-0000022	1790633008747
283	710	13862	1	ENTITY-0000007	1790062995201	ENTITY-0000022	1790633008696
284	743	14338	1	ENTITY-0000007	1790062995204	ENTITY-0000022	1790633008725
285	690	13616	1	ENTITY-0000007	1790062995193	ENTITY-0000022	1790633008751
286	680	13415	1	ENTITY-0000007	1790062995193	ENTITY-0000022	1790633008728
287	705	13786	1	ENTITY-0000007	1790062995219	ENTITY-0000022	1790633008737
288	672	13259	1	ENTITY-0000007	1790062995211	ENTITY-0000022	1790633008749
289	676	13381	1	ENTITY-0000007	1790062995224	ENTITY-0000022	1790633008696
290	661	13131	1	ENTITY-0000007	1790062995223	ENTITY-0000022	1790633008728
291	703	13746	1	ENTITY-0000007	1790062995205	ENTITY-0000022	1790633008634
292	715	13921	1	ENTITY-0000007	1790062995206	ENTITY-0000022	1790633008737
293	716	13925	1	ENTITY-0000007	1790062995194	ENTITY-0000022	1790633008750
294	676	13367	1	ENTITY-0000007	1790062995221	ENTITY-0000022	1790633008716
295	695	13581	1	ENTITY-0000007	1790062995200	ENTITY-0000022	1790633008699
296	680	13418	1	ENTITY-0000007	1790062995195	ENTITY-0000022	1790633008665
297	688	13547	1	ENTITY-0000007	1790062995234	ENTITY-0000022	1790633008739
298	695	13600	1	ENTITY-0000007	1790062995206	ENTITY-0000022	1790633008703
299	694	13630	1	ENTITY-0000007	1790062995197	ENTITY-0000022	1790633008705
300	686	13494	1	ENTITY-0000007	1790062995198	ENTITY-0000022	1790633008729
301	690	13544	1	ENTITY-0000007	1790062995196	ENTITY-0000022	1790633008730
302	682	13449	1	ENTITY-0000007	1790062995204	ENTITY-0000022	1790633008687
303	736	14213	1	ENTITY-0000007	1790062995201	ENTITY-0000022	1790633008751
304	748	14412	1	ENTITY-0000007	1790062995198	ENTITY-0000022	1790633008734
305	726	14073	1	ENTITY-0000007	1790062995194	ENTITY-0000022	1790633008750
306	718	13914	1	ENTITY-0000007	1790062995210	ENTITY-0000022	1790633008739
307	706	13853	1	ENTITY-0000007	1790062995206	ENTITY-0000022	1790633008720
308	671	13288	1	ENTITY-0000007	1790062995202	ENTITY-0000022	1790633008748
309	745	14389	1	ENTITY-0000007	1790062995209	ENTITY-0000022	1790633008661
310	673	13335	1	ENTITY-0000007	1790062995195	ENTITY-0000022	1790633008746
311	749	14420	1	ENTITY-0000007	1790062995213	ENTITY-0000022	1790633008749
312	681	13440	1	ENTITY-0000007	1790062995200	ENTITY-0000022	1790633008724
313	715	13943	1	ENTITY-0000007	1790062995194	ENTITY-0000022	1790633008715
314	680	13418	1	ENTITY-0000007	1790062995193	ENTITY-0000022	1790633008681
315	694	13574	1	ENTITY-0000007	1790062995194	ENTITY-0000022	1790633008751
316	680	13410	1	ENTITY-0000007	1790062995210	ENTITY-0000022	1790633008700
317	699	13731	1	ENTITY-0000007	1790062995203	ENTITY-0000022	1790633008740
318	703	13763	1	ENTITY-0000007	1790062995195	ENTITY-0000022	1790633008715
319	700	13767	1	ENTITY-0000008	1790062995201	ENTITY-0000023	1790633008732
320	664	13160	1	ENTITY-0000008	1790062995213	ENTITY-0000023	1790633008720
321	745	14382	1	ENTITY-0000008	1790062995212	ENTITY-0000023	1790633008731
322	678	13396	1	ENTITY-0000008	1790062995253	ENTITY-0000023	1790633008746
323	679	13408	1	ENTITY-0000008	1790062995199	ENTITY-0000023	1790633008698
324	714	13953	1	ENTITY-0000008	1790062995195	ENTITY-0000023	1790633008528
325	716	13962	1	ENTITY-0000008	1790062995205	ENTITY-0000023	1790633008701
326	709	13895	1	ENTITY-0000008	1790062995201	ENTITY-0000023	1790633008750
327	724	14095	1	ENTITY-0000008	1790062995198	ENTITY-0000023	1790633008720
328	668	13263	1	ENTITY-0000008	1790062995214	ENTITY-0000023	1790633008740
329	682	13464	1	ENTITY-0000008	1790062995197	ENTITY-0000023	1790633008683
330	701	13732	1	ENTITY-0000008	1790062995229	ENTITY-0000023	1790633008698
331	709	13852	1	ENTITY-0000008	1790062995211	ENTITY-0000023	1790633008737
332	622	12565	1	ENTITY-0000008	1790062995227	ENTITY-0000023	1790633008730
333	654	13032	1	ENTITY-0000008	1790062995235	ENTITY-0000023	1790633008726
334	695	13638	1	ENTITY-0000008	1790062995196	ENTITY-0000023	1790633008686
335	731	14219	1	ENTITY-0000008	1790062995198	ENTITY-0000023	1790633008645
336	681	13473	1	ENTITY-0000008	1790062995238	ENTITY-0000023	1790633008740
337	695	13626	1	ENTITY-0000008	1790062995201	ENTITY-0000023	1790633008740
338	712	13879	1	ENTITY-0000008	1790062995193	ENTITY-0000023	1790633008737
339	729	14155	1	ENTITY-0000008	1790062995203	ENTITY-0000023	1790633008728
340	744	14376	1	ENTITY-0000008	1790062995223	ENTITY-0000023	1790633008682
341	723	14071	1	ENTITY-0000008	1790062995203	ENTITY-0000023	1790633008720
342	699	13703	1	ENTITY-0000008	1790062995193	ENTITY-0000023	1790633008728
343	732	14201	1	ENTITY-0000008	1790062995221	ENTITY-0000023	1790633008745
344	699	13733	1	ENTITY-0000008	1790062995212	ENTITY-0000023	1790633008656
345	711	13877	1	ENTITY-0000008	1790062995231	ENTITY-0000023	1790633008750
346	702	13731	1	ENTITY-0000008	1790062995204	ENTITY-0000023	1790633008748
347	722	14070	1	ENTITY-0000008	1790062995202	ENTITY-0000023	1790633008595
348	741	14371	1	ENTITY-0000008	1790062995232	ENTITY-0000023	1790633008749
349	684	13500	1	ENTITY-0000008	1790062995224	ENTITY-0000023	1790633008681
350	691	13630	1	ENTITY-0000008	1790062995196	ENTITY-0000023	1790633008709
351	743	14338	1	ENTITY-0000008	1790062995238	ENTITY-0000023	1790633008712
352	694	13640	1	ENTITY-0000008	1790062995217	ENTITY-0000023	1790633008697
353	705	13850	1	ENTITY-0000008	1790062995211	ENTITY-0000023	1790633008743
354	726	14128	1	ENTITY-0000008	1790062995228	ENTITY-0000023	1790633008673
355	728	14091	1	ENTITY-0000008	1790062995199	ENTITY-0000023	1790633008708
356	785	15019	1	ENTITY-0000008	1790062995211	ENTITY-0000023	1790633008738
357	729	14183	1	ENTITY-0000008	1790062995207	ENTITY-0000023	1790633008716
358	707	13847	1	ENTITY-0000008	1790062995198	ENTITY-0000023	1790633008693
359	663	13196	1	ENTITY-0000008	1790062995313	ENTITY-0000024	1790633008730
360	715	13975	1	ENTITY-0000009	1790062995212	ENTITY-0000024	1790633008650
361	687	13534	1	ENTITY-0000009	1790062995197	ENTITY-0000024	1790633008705
362	776	14807	1	ENTITY-0000009	1790062995214	ENTITY-0000024	1790633008750
363	644	12893	1	ENTITY-0000009	1790062995206	ENTITY-0000024	1790633008738
364	687	13546	1	ENTITY-0000009	1790062995244	ENTITY-0000024	1790633008738
365	739	14294	1	ENTITY-0000009	1790062995232	ENTITY-0000024	1790633008727
366	777	14883	1	ENTITY-0000009	1790062995230	ENTITY-0000024	1790633008707
367	685	13502	1	ENTITY-0000009	1790062995218	ENTITY-0000024	1790633008728
368	717	14012	1	ENTITY-0000009	1790062995226	ENTITY-0000024	1790633008725
369	740	14336	1	ENTITY-0000009	1790062995201	ENTITY-0000024	1790633008742
370	743	14347	1	ENTITY-0000009	1790062995259	ENTITY-0000024	1790633008727
371	692	13611	1	ENTITY-0000009	1790062995228	ENTITY-0000024	1790633008674
372	732	14241	1	ENTITY-0000009	1790062995195	ENTITY-0000024	1790633008698
373	732	14208	1	ENTITY-0000009	1790062995229	ENTITY-0000024	1790633008729
374	717	13986	1	ENTITY-0000009	1790062995215	ENTITY-0000024	1790633008689
375	730	14180	1	ENTITY-0000009	1790062995200	ENTITY-0000024	1790633008698
376	733	14221	1	ENTITY-0000009	1790062995202	ENTITY-0000024	1790633008747
377	704	13787	1	ENTITY-0000009	1790062995207	ENTITY-0000024	1790633008749
378	742	14335	1	ENTITY-0000009	1790062995218	ENTITY-0000024	1790633008736
379	720	14057	1	ENTITY-0000009	1790062995199	ENTITY-0000024	1790633008737
380	709	13874	1	ENTITY-0000009	1790062995219	ENTITY-0000024	1790633008720
381	655	13061	1	ENTITY-0000009	1790062995193	ENTITY-0000024	1790633008671
382	725	14129	1	ENTITY-0000009	1790062995196	ENTITY-0000024	1790633008746
383	713	13975	1	ENTITY-0000009	1790062995205	ENTITY-0000024	1790633008727
384	741	14395	1	ENTITY-0000009	1790062995233	ENTITY-0000024	1790633008707
385	746	14429	1	ENTITY-0000009	1790062995198	ENTITY-0000024	1790633008638
386	742	14392	1	ENTITY-0000009	1790062995199	ENTITY-0000024	1790633008720
387	692	13628	1	ENTITY-0000009	1790062995225	ENTITY-0000024	1790633008744
388	712	13928	1	ENTITY-0000009	1790062995213	ENTITY-0000024	1790633008701
389	722	14094	1	ENTITY-0000009	1790062995198	ENTITY-0000024	1790633008748
390	751	14484	1	ENTITY-0000009	1790062995220	ENTITY-0000024	1790633008742
391	743	14336	1	ENTITY-0000009	1790062995205	ENTITY-0000024	1790633008736
392	741	14335	1	ENTITY-0000009	1790062995204	ENTITY-0000024	1790633008732
393	741	14356	1	ENTITY-0000009	1790062995204	ENTITY-0000024	1790633008710
394	727	14125	1	ENTITY-0000009	1790062995193	ENTITY-0000024	1790633008749
395	764	14690	1	ENTITY-0000009	1790062995201	ENTITY-0000024	1790633008562
396	786	14987	1	ENTITY-0000009	1790062995193	ENTITY-0000024	1790633008720
397	737	14309	1	ENTITY-0000009	1790062995241	ENTITY-0000024	1790633008737
398	746	14404	1	ENTITY-0000009	1790062995221	ENTITY-0000024	1790633008648
399	760	14625	1	ENTITY-0000009	1790062995200	ENTITY-0000025	1790633008746
400	731	14220	1	ENTITY-0000010	1790062995208	ENTITY-0000025	1790633008427
401	755	14586	1	ENTITY-0000010	1790062995240	ENTITY-0000025	1790633008721
402	761	14677	1	ENTITY-0000010	1790062995300	ENTITY-0000025	1790633008484
403	781	14968	1	ENTITY-0000010	1790062995203	ENTITY-0000025	1790633008664
404	760	14648	1	ENTITY-0000010	1790062995237	ENTITY-0000025	1790633008677
405	778	14888	1	ENTITY-0000010	1790062995210	ENTITY-0000025	1790633008430
406	755	14556	1	ENTITY-0000010	1790062995314	ENTITY-0000025	1790633008652
407	806	15279	1	ENTITY-0000010	1790062995230	ENTITY-0000025	1790633008750
408	742	14356	1	ENTITY-0000010	1790062995202	ENTITY-0000025	1790633008725
409	739	14343	1	ENTITY-0000010	1790062995209	ENTITY-0000025	1790633008733
410	794	15152	1	ENTITY-0000010	1790062995207	ENTITY-0000025	1790633008716
411	771	14780	1	ENTITY-0000010	1790062995198	ENTITY-0000025	1790633008674
412	803	15220	1	ENTITY-0000010	1790062995209	ENTITY-0000025	1790633008698
413	796	15195	1	ENTITY-0000010	1790062995207	ENTITY-0000025	1790633008649
414	798	15165	1	ENTITY-0000010	1790062995227	ENTITY-0000025	1790633008701
415	770	14804	1	ENTITY-0000010	1790062995228	ENTITY-0000025	1790633008708
416	774	14814	1	ENTITY-0000010	1790062995263	ENTITY-0000025	1790633008558
417	779	14905	1	ENTITY-0000010	1790062995201	ENTITY-0000025	1790633008746
418	831	15640	1	ENTITY-0000010	1790062995241	ENTITY-0000025	1790633008500
419	805	15287	1	ENTITY-0000010	1790062995248	ENTITY-0000025	1790633008716
420	772	14842	1	ENTITY-0000010	1790062995202	ENTITY-0000025	1790633008607
421	800	15167	1	ENTITY-0000010	1790062995221	ENTITY-0000025	1790633008746
422	748	14480	1	ENTITY-0000010	1790062995198	ENTITY-0000025	1790633008734
423	832	15693	1	ENTITY-0000010	1790062995207	ENTITY-0000025	1790633008650
424	745	14424	1	ENTITY-0000010	1790062995197	ENTITY-0000025	1790633008716
425	775	14829	1	ENTITY-0000010	1790062995193	ENTITY-0000025	1790633008711
426	824	15544	1	ENTITY-0000010	1790062995237	ENTITY-0000025	1790633008729
427	827	15623	1	ENTITY-0000010	1790062995195	ENTITY-0000025	1790633008609
428	762	14662	1	ENTITY-0000010	1790062995194	ENTITY-0000025	1790633008308
429	779	14910	1	ENTITY-0000010	1790062995227	ENTITY-0000025	1790633008682
430	817	15448	1	ENTITY-0000010	1790062995207	ENTITY-0000025	1790633008545
431	869	16205	1	ENTITY-0000010	1790062995252	ENTITY-0000025	1790633008652
432	817	15447	1	ENTITY-0000010	1790062995230	ENTITY-0000025	1790633008747
433	844	15825	1	ENTITY-0000010	1790062995203	ENTITY-0000025	1790633008620
434	843	15838	1	ENTITY-0000010	1790062995200	ENTITY-0000025	1790633008713
435	789	15101	1	ENTITY-0000010	1790062995195	ENTITY-0000025	1790633008657
436	796	15158	1	ENTITY-0000010	1790062995216	ENTITY-0000025	1790633008575
437	838	15774	1	ENTITY-0000010	1790062995243	ENTITY-0000025	1790633008700
438	796	15150	1	ENTITY-0000011	1790062995199	ENTITY-0000025	1790633008751
439	823	15587	1	ENTITY-0000010	1790062995200	ENTITY-0000025	1790633008610
440	762	14678	1	ENTITY-0000011	1790062995211	ENTITY-0000026	1790633008709
441	876	16321	1	ENTITY-0000011	1790062995200	ENTITY-0000026	1790633008461
442	787	15051	1	ENTITY-0000011	1790062995215	ENTITY-0000026	1790633008622
443	839	15795	1	ENTITY-0000011	1790062995226	ENTITY-0000026	1790633008628
444	826	15602	1	ENTITY-0000011	1790062995238	ENTITY-0000026	1790633008686
445	863	16114	1	ENTITY-0000011	1790062995214	ENTITY-0000026	1790633008749
446	870	16242	1	ENTITY-0000011	1790062995195	ENTITY-0000026	1790633008680
447	760	14605	1	ENTITY-0000011	1790062995273	ENTITY-0000026	1790633008418
448	854	15992	1	ENTITY-0000011	1790062995272	ENTITY-0000026	1790633008688
449	809	15386	1	ENTITY-0000011	1790062995199	ENTITY-0000026	1790633008726
450	799	15155	1	ENTITY-0000011	1790062995242	ENTITY-0000026	1790633008651
451	844	15888	1	ENTITY-0000011	1790062995204	ENTITY-0000026	1790633008697
452	853	15959	1	ENTITY-0000011	1790062995200	ENTITY-0000026	1790633008603
453	831	15645	1	ENTITY-0000011	1790062995240	ENTITY-0000026	1790633008714
454	854	16002	1	ENTITY-0000011	1790062995201	ENTITY-0000026	1790633008664
455	870	16249	1	ENTITY-0000011	1790062995203	ENTITY-0000026	1790633008696
456	830	15699	1	ENTITY-0000011	1790062995233	ENTITY-0000026	1790633008599
457	848	15939	1	ENTITY-0000011	1790062995198	ENTITY-0000026	1790633008672
458	845	15846	1	ENTITY-0000011	1790062995196	ENTITY-0000026	1790633008648
459	863	16125	1	ENTITY-0000011	1790062995237	ENTITY-0000026	1790633008736
460	861	16104	1	ENTITY-0000011	1790062995218	ENTITY-0000026	1790633008746
461	872	16275	1	ENTITY-0000011	1790062995194	ENTITY-0000026	1790633008679
462	873	16322	1	ENTITY-0000011	1790062995193	ENTITY-0000026	1790633008722
463	842	15817	1	ENTITY-0000011	1790062995202	ENTITY-0000026	1790633008554
464	853	15984	1	ENTITY-0000011	1790062995195	ENTITY-0000026	1790633008376
465	869	16204	1	ENTITY-0000011	1790062995197	ENTITY-0000026	1790633008736
466	889	16547	1	ENTITY-0000011	1790062995213	ENTITY-0000026	1790633008608
467	873	16283	1	ENTITY-0000011	1790062995204	ENTITY-0000026	1790633008733
468	968	17643	1	ENTITY-0000011	1790062995194	ENTITY-0000026	1790633008686
469	892	16578	1	ENTITY-0000011	1790062995227	ENTITY-0000026	1790633008744
470	895	16619	1	ENTITY-0000011	1790062995221	ENTITY-0000026	1790633008726
471	986	17961	1	ENTITY-0000011	1790062995235	ENTITY-0000026	1790633008625
472	877	16345	1	ENTITY-0000011	1790062995202	ENTITY-0000026	1790633008516
473	897	16673	1	ENTITY-0000011	1790062995239	ENTITY-0000026	1790633008742
474	850	15984	1	ENTITY-0000011	1790062995212	ENTITY-0000026	1790633008697
475	892	16556	1	ENTITY-0000011	1790062995253	ENTITY-0000026	1790633008677
476	870	16270	1	ENTITY-0000011	1790062995227	ENTITY-0000026	1790633008633
477	948	17386	1	ENTITY-0000011	1790062995241	ENTITY-0000026	1790633008517
478	859	16103	1	ENTITY-0000011	1790062995279	ENTITY-0000026	1790633008599
479	950	17401	1	ENTITY-0000011	1790062995238	ENTITY-0000026	1790633008735
480	939	17287	1	ENTITY-0000012	1790062995201	ENTITY-0000027	1790633008727
481	978	17781	1	ENTITY-0000012	1790062995236	ENTITY-0000027	1790633008747
482	875	16282	1	ENTITY-0000012	1790062995208	ENTITY-0000027	1790633008751
483	960	17516	1	ENTITY-0000012	1790062995210	ENTITY-0000027	1790633008728
484	891	16552	1	ENTITY-0000012	1790062995220	ENTITY-0000027	1790633008712
485	962	17582	1	ENTITY-0000012	1790062995231	ENTITY-0000027	1790633008749
486	968	17651	1	ENTITY-0000012	1790062995200	ENTITY-0000027	1790633008739
487	964	17646	1	ENTITY-0000012	1790062995228	ENTITY-0000027	1790633008736
488	936	17168	1	ENTITY-0000012	1790062995205	ENTITY-0000027	1790633008749
489	1026	18718	1	ENTITY-0000012	1790062995193	ENTITY-0000027	1790633008727
490	911	16842	1	ENTITY-0000012	1790062995210	ENTITY-0000027	1790633008714
491	962	17572	1	ENTITY-0000012	1790062995221	ENTITY-0000027	1790633008750
492	917	16911	1	ENTITY-0000012	1790062995249	ENTITY-0000027	1790633008727
493	989	18027	1	ENTITY-0000012	1790062995212	ENTITY-0000027	1790633008739
494	969	17728	1	ENTITY-0000012	1790062995253	ENTITY-0000027	1790633008748
495	937	17250	1	ENTITY-0000012	1790062995241	ENTITY-0000027	1790633008749
496	1010	18313	1	ENTITY-0000012	1790062995240	ENTITY-0000027	1790633008691
497	942	17243	1	ENTITY-0000012	1790062995211	ENTITY-0000027	1790633008738
498	947	17377	1	ENTITY-0000012	1790062995205	ENTITY-0000027	1790633008749
499	1022	18434	1	ENTITY-0000012	1790062995199	ENTITY-0000027	1790633008745
500	987	17948	1	ENTITY-0000012	1790062995341	ENTITY-0000027	1790633008658
501	1041	18897	1	ENTITY-0000012	1790062995205	ENTITY-0000027	1790633008737
502	1052	19019	1	ENTITY-0000012	1790062995197	ENTITY-0000027	1790633008748
503	968	17646	1	ENTITY-0000012	1790062995243	ENTITY-0000027	1790633008735
504	1016	18346	1	ENTITY-0000012	1790062995245	ENTITY-0000027	1790633008735
505	1004	18162	1	ENTITY-0000012	1790062995200	ENTITY-0000027	1790633008719
506	950	17380	1	ENTITY-0000012	1790062995223	ENTITY-0000027	1790633008747
507	1055	19031	1	ENTITY-0000012	1790062995215	ENTITY-0000027	1790633008742
508	1022	18417	1	ENTITY-0000012	1790062995230	ENTITY-0000027	1790633008735
509	1006	18194	1	ENTITY-0000012	1790062995248	ENTITY-0000027	1790633008721
510	986	17936	1	ENTITY-0000012	1790062995211	ENTITY-0000027	1790633008744
511	1062	19317	1	ENTITY-0000012	1790062995226	ENTITY-0000027	1790633008744
512	1065	19370	1	ENTITY-0000012	1790062995203	ENTITY-0000027	1790633008731
513	1046	18932	1	ENTITY-0000012	1790062995202	ENTITY-0000027	1790633008749
514	1040	18845	1	ENTITY-0000012	1790062995197	ENTITY-0000027	1790633008743
515	1095	19831	1	ENTITY-0000012	1790062995193	ENTITY-0000027	1790633008740
516	1053	18996	1	ENTITY-0000012	1790062995213	ENTITY-0000027	1790633008745
517	1001	18167	1	ENTITY-0000012	1790062995208	ENTITY-0000027	1790633008731
518	1091	19771	1	ENTITY-0000012	1790062995217	ENTITY-0000027	1790633008748
519	1058	19132	1	ENTITY-0000012	1790062995213	ENTITY-0000027	1790633008736
520	1075	19527	1	ENTITY-0000013	1790062995197	ENTITY-0000028	1790633008746
521	1058	19108	1	ENTITY-0000013	1790062995259	ENTITY-0000028	1790633008748
522	1082	19638	1	ENTITY-0000013	1790062995247	ENTITY-0000028	1790633008736
523	1089	19717	1	ENTITY-0000013	1790062995205	ENTITY-0000028	1790633008744
524	1145	20560	1	ENTITY-0000013	1790062995203	ENTITY-0000028	1790633008750
525	1127	20292	1	ENTITY-0000013	1790062995216	ENTITY-0000028	1790633008726
526	1153	20690	1	ENTITY-0000013	1790062995205	ENTITY-0000028	1790633008748
527	1120	20130	1	ENTITY-0000013	1790062995193	ENTITY-0000028	1790633008731
528	1157	20727	1	ENTITY-0000013	1790062995219	ENTITY-0000028	1790633008731
529	1112	20042	1	ENTITY-0000013	1790062995250	ENTITY-0000028	1790633008717
530	1151	20589	1	ENTITY-0000013	1790062995226	ENTITY-0000028	1790633008731
531	1128	20274	1	ENTITY-0000013	1790062995204	ENTITY-0000028	1790633008743
532	1115	20130	1	ENTITY-0000013	1790062995203	ENTITY-0000028	1790633008749
533	1159	20739	1	ENTITY-0000013	1790062995238	ENTITY-0000028	1790633008742
534	1149	20559	1	ENTITY-0000013	1790062995231	ENTITY-0000028	1790633008744
535	1182	21108	1	ENTITY-0000013	1790062995200	ENTITY-0000028	1790633008729
536	1131	20247	1	ENTITY-0000013	1790062995212	ENTITY-0000028	1790633008704
537	1143	20507	1	ENTITY-0000013	1790062995213	ENTITY-0000028	1790633008750
538	1197	21291	1	ENTITY-0000013	1790062995214	ENTITY-0000028	1790633008715
539	1179	21058	1	ENTITY-0000013	1790062995194	ENTITY-0000028	1790633008748
540	1209	21501	1	ENTITY-0000013	1790062995251	ENTITY-0000028	1790633008730
541	1264	22239	1	ENTITY-0000013	1790062995208	ENTITY-0000028	1790633008747
542	1224	21687	1	ENTITY-0000013	1790062995195	ENTITY-0000028	1790633008746
543	1180	21022	1	ENTITY-0000013	1790062995217	ENTITY-0000028	1790633008727
544	1298	22818	1	ENTITY-0000013	1790062995209	ENTITY-0000028	1790633008749
545	1257	22240	1	ENTITY-0000013	1790062995220	ENTITY-0000028	1790633008748
546	1305	22944	1	ENTITY-0000013	1790062995237	ENTITY-0000028	1790633008716
547	1257	22240	1	ENTITY-0000013	1790062995205	ENTITY-0000028	1790633008709
548	1296	22714	1	ENTITY-0000013	1790062995208	ENTITY-0000028	1790633008742
549	1257	22228	1	ENTITY-0000013	1790062995202	ENTITY-0000028	1790633008692
550	1314	23077	1	ENTITY-0000013	1790062995204	ENTITY-0000028	1790633008748
551	1301	22794	1	ENTITY-0000013	1790062995255	ENTITY-0000028	1790633008728
552	1328	23226	1	ENTITY-0000013	1790062995376	ENTITY-0000028	1790633008747
553	1284	22608	1	ENTITY-0000013	1790062995212	ENTITY-0000028	1790633008748
554	1297	22767	1	ENTITY-0000013	1790062995232	ENTITY-0000028	1790633008739
555	1353	23627	1	ENTITY-0000013	1790062995202	ENTITY-0000028	1790633008720
556	1343	23447	1	ENTITY-0000013	1790062995205	ENTITY-0000028	1790633008747
557	1389	24111	1	ENTITY-0000013	1790062995219	ENTITY-0000028	1790633008750
558	1383	23992	1	ENTITY-0000013	1790062995249	ENTITY-0000028	1790633008751
559	1392	24146	1	ENTITY-0000013	1790062995235	ENTITY-0000029	1790633008716
560	1378	23980	1	ENTITY-0000014	1790062995225	ENTITY-0000029	1790633008746
561	1443	24873	1	ENTITY-0000014	1790062995195	ENTITY-0000029	1790633008743
562	1430	24728	1	ENTITY-0000014	1790062995231	ENTITY-0000029	1790633008746
563	1455	25012	1	ENTITY-0000014	1790062995212	ENTITY-0000029	1790633008738
564	1428	24677	1	ENTITY-0000014	1790062995206	ENTITY-0000029	1790633008707
565	1463	25068	1	ENTITY-0000014	1790062995197	ENTITY-0000029	1790633008751
566	1444	24953	1	ENTITY-0000014	1790062995221	ENTITY-0000029	1790633008735
567	1502	25770	1	ENTITY-0000014	1790062995196	ENTITY-0000029	1790633008671
568	1470	25304	1	ENTITY-0000014	1790062995236	ENTITY-0000029	1790633008741
569	1428	24691	1	ENTITY-0000014	1790062995196	ENTITY-0000029	1790633008736
570	1578	26900	1	ENTITY-0000014	1790062995216	ENTITY-0000029	1790633008669
571	1519	26071	1	ENTITY-0000014	1790062995226	ENTITY-0000029	1790633008661
572	1551	26511	1	ENTITY-0000014	1790062995247	ENTITY-0000029	1790633008741
573	1592	27042	1	ENTITY-0000014	1790062995244	ENTITY-0000029	1790633008729
574	1601	27289	1	ENTITY-0000014	1790062995221	ENTITY-0000029	1790633008666
575	1626	27625	1	ENTITY-0000014	1790062995229	ENTITY-0000029	1790633008698
576	1656	27967	1	ENTITY-0000014	1790062995235	ENTITY-0000029	1790633008745
577	1619	27474	1	ENTITY-0000014	1790062995234	ENTITY-0000029	1790633008744
578	1661	28066	1	ENTITY-0000014	1790062995212	ENTITY-0000029	1790633008712
579	1769	29704	1	ENTITY-0000014	1790062995195	ENTITY-0000029	1790633008701
580	1727	28971	1	ENTITY-0000014	1790062995305	ENTITY-0000029	1790633008723
581	1722	29009	1	ENTITY-0000014	1790062995267	ENTITY-0000029	1790633008703
582	1749	29395	1	ENTITY-0000014	1790062995234	ENTITY-0000029	1790633008629
583	1778	29855	1	ENTITY-0000014	1790062995201	ENTITY-0000029	1790633008747
584	1899	31584	1	ENTITY-0000014	1790062995269	ENTITY-0000029	1790633008751
585	1906	31689	1	ENTITY-0000014	1790062995197	ENTITY-0000029	1790633008726
586	1904	31620	1	ENTITY-0000014	1790062995199	ENTITY-0000029	1790633008740
587	1988	32847	1	ENTITY-0000014	1790062995196	ENTITY-0000029	1790633008736
588	1985	32797	1	ENTITY-0000014	1790062995193	ENTITY-0000029	1790633008742
589	2008	33107	1	ENTITY-0000014	1790062995199	ENTITY-0000029	1790633008743
590	2036	33602	1	ENTITY-0000014	1790062995267	ENTITY-0000029	1790633008743
591	2099	34571	1	ENTITY-0000014	1790062995219	ENTITY-0000029	1790633008737
592	2350	38505	1	ENTITY-0000014	1790062995195	ENTITY-0000029	1790633008748
593	2297	37793	1	ENTITY-0000014	1790062995243	ENTITY-0000029	1790633008742
594	2264	36930	1	ENTITY-0000014	1790062995198	ENTITY-0000029	1790633008693
595	2444	39825	1	ENTITY-0000014	1790062995199	ENTITY-0000029	1790633008750
596	2580	41808	1	ENTITY-0000014	1790062995202	ENTITY-0000029	1790633008742
597	2696	43564	1	ENTITY-0000014	1790062995212	ENTITY-0000029	1790633008721
598	3042	48410	1	ENTITY-0000015	1790062995288	ENTITY-0000029	1790633008695
599	3492	54586	1	ENTITY-0000015	1790062995200	ENTITY-0000029	1790633008739
