# dataset	df-16919-partial-12-depth-4-24m
# files	12
# depth	4
# assign	entity
# shape	S1
# rows	24000000
# distinct_grouping_keys	23963187
# duplicate_rows	36813
# duplicate_share	0.001534
# groups_by_bounds	4	[[0, 4, 8], [1, 5, 9], [2, 6, 10], [3, 7, 11]]
# cluster_ms	500
# distinct_prefixes	115500
# grouping_keys_per_prefix	207.47
# grouping_keys_per_prefix_median	187
# grouping_keys_per_prefix_max	395
file	rows	bytes	row_groups	min_col_1	min_col_2	max_col_1	max_col_2
0	3334893	36692036	4	ENTITY-0000000	1790062995193	ENTITY-0000007	1790633008751
1	2132170	23409212	3	ENTITY-0000002	1790062995193	ENTITY-0000009	1790633008751
2	1734299	19102706	2	ENTITY-0000004	1790062995193	ENTITY-0000011	1790633008751
3	1601503	17679614	2	ENTITY-0000006	1790062995193	ENTITY-0000013	1790633008751
4	1599598	17667386	2	ENTITY-0000008	1790062995193	ENTITY-0000015	1790633008751
5	1598073	17654604	2	ENTITY-0000010	1790062995193	ENTITY-0000017	1790633008751
6	1598969	17668926	2	ENTITY-0000012	1790062995193	ENTITY-0000019	1790633008751
7	1600815	17694828	2	ENTITY-0000014	1790062995193	ENTITY-0000021	1790629293815
8	1598720	17672646	2	ENTITY-0000016	1790062995193	ENTITY-0000023	1790629293815
9	1732518	19099127	2	ENTITY-0000018	1790062995193	ENTITY-0000025	1790626045016
10	2132699	23428459	3	ENTITY-0000020	1790062995193	ENTITY-0000027	1790633008751
11	3335743	36711268	4	ENTITY-0000022	1790084091589	ENTITY-0000029	1790633008751
