# dataset	df-16919-partial-120-depth-2-entity-rank
# files	120
# depth	2
# assign	entity-rank
# shape	S1
# rows	600000
# distinct_grouping_keys	599976
# duplicate_rows	24
# duplicate_share	0.000040
# groups_by_bounds	3	[[0, 2, 4, 7, 10, 15, 18, 21, 24, 27, 30, 33, 36, 39, 42, 45, 48, 51, 54, 57, 60, 63, 66, 69, 72, 75, 78, 81, 84, 87, 90, 93, 96, 99, 102, 105, 108, 111, 114, 117], [1, 3, 5, 9, 13, 16, 19, 22, 25, 28, 31, 34, 37, 40, 43, 46, 49, 52, 55, 58, 61, 64, 67, 70, 73, 76, 79, 82, 85, 88, 91, 94, 97, 100, 103, 106, 109, 112, 115, 118], [6, 8, 11, 12, 14, 17, 20, 23, 26, 29, 32, 35, 38, 41, 44, 47, 50, 53, 56, 59, 62, 65, 68, 71, 74, 77, 80, 83, 86, 89, 92, 95, 98, 101, 104, 107, 110, 113, 116, 119]]
file	rows	bytes	row_groups	min_col_1	min_col_2	max_col_1	max_col_2
0	5958	84133	1	ENTITY-0000000	1790171312415	ENTITY-0000000	1790454335007
1	4057	59342	1	ENTITY-0000000	1790327162342	ENTITY-0000000	1790505849273
2	3992	58494	1	ENTITY-0000000	1790454335008	ENTITY-0000000	1790533199080
3	6021	85175	1	ENTITY-0000000	1790505849274	ENTITY-0000000	1790554061991
4	6038	84485	1	ENTITY-0000001	1790148028107	ENTITY-0000001	1790414559980
5	3929	57402	1	ENTITY-0000001	1790168569989	ENTITY-0000001	1790449632351
6	4039	58774	1	ENTITY-0000001	1790414559980	ENTITY-0000001	1790505849286
7	5976	83994	1	ENTITY-0000001	1790449632351	ENTITY-0000001	1790563148656
8	5975	82627	1	ENTITY-0000002	1790084091589	ENTITY-0000002	1790409091923
9	3976	57154	1	ENTITY-0000002	1790175465723	ENTITY-0000002	1790414560216
10	4052	58284	1	ENTITY-0000002	1790409091923	ENTITY-0000002	1790477675329
11	6007	83322	1	ENTITY-0000002	1790414560216	ENTITY-0000002	1790633008751
12	5955	83127	1	ENTITY-0000003	1790062995193	ENTITY-0000003	1790327162342
13	3970	57654	1	ENTITY-0000003	1790175465810	ENTITY-0000003	1790339528013
14	3986	57773	1	ENTITY-0000003	1790327162343	ENTITY-0000003	1790449632262
15	5945	83017	1	ENTITY-0000003	1790339528014	ENTITY-0000003	1790477675420
16	5999	85029	1	ENTITY-0000004	1790062995193	ENTITY-0000004	1790477674933
17	4064	59849	1	ENTITY-0000004	1790271673894	ENTITY-0000004	1790543164674
18	3920	57715	1	ENTITY-0000004	1790477674934	ENTITY-0000004	1790556649137
19	6071	86153	1	ENTITY-0000004	1790543164675	ENTITY-0000004	1790633008751
20	5925	82080	1	ENTITY-0000005	1790171312415	ENTITY-0000005	1790225951387
21	3999	57494	1	ENTITY-0000005	1790192694490	ENTITY-0000005	1790271674218
22	3945	56953	1	ENTITY-0000005	1790225951387	ENTITY-0000005	1790331124221
23	5966	82714	1	ENTITY-0000005	1790271674218	ENTITY-0000005	1790386465375
24	6028	82068	1	ENTITY-0000006	1790161191822	ENTITY-0000006	1790304378399
25	4127	58422	1	ENTITY-0000006	1790225951189	ENTITY-0000006	1790440648410
26	4014	56705	1	ENTITY-0000006	1790304378400	ENTITY-0000006	1790440648906
27	6053	82554	1	ENTITY-0000006	1790440648410	ENTITY-0000006	1790543165166
28	5975	81352	1	ENTITY-0000007	1790168569717	ENTITY-0000007	1790326583524
29	3996	56527	1	ENTITY-0000007	1790197505947	ENTITY-0000007	1790326584020
30	4009	56663	1	ENTITY-0000007	1790326583525	ENTITY-0000007	1790517301195
31	6012	82045	1	ENTITY-0000007	1790409091726	ENTITY-0000007	1790517301685
32	5988	83315	1	ENTITY-0000008	1790062995193	ENTITY-0000008	1790326583912
33	4098	59591	1	ENTITY-0000008	1790304378587	ENTITY-0000008	1790496882515
34	3978	57645	1	ENTITY-0000008	1790326583912	ENTITY-0000008	1790500978136
35	6151	85729	1	ENTITY-0000008	1790496882516	ENTITY-0000008	1790516296481
36	6032	84608	1	ENTITY-0000009	1790148028107	ENTITY-0000009	1790331123909
37	4044	58869	1	ENTITY-0000009	1790192694678	ENTITY-0000009	1790386465288
38	4036	58848	1	ENTITY-0000009	1790331123910	ENTITY-0000009	1790533199193
39	6016	84455	1	ENTITY-0000009	1790386465289	ENTITY-0000009	1790633008751
40	5974	81226	1	ENTITY-0000010	1790062995193	ENTITY-0000010	1790148028599
41	3970	56240	1	ENTITY-0000010	1790062995685	ENTITY-0000010	1790440648410
42	3975	56373	1	ENTITY-0000010	1790148028600	ENTITY-0000010	1790469339497
43	5957	81264	1	ENTITY-0000010	1790440648410	ENTITY-0000010	1790469339991
44	5941	84414	1	ENTITY-0000011	1790175465617	ENTITY-0000011	1790349468984
45	4080	59945	1	ENTITY-0000011	1790304378401	ENTITY-0000011	1790440648434
46	3959	58234	1	ENTITY-0000011	1790349468984	ENTITY-0000011	1790500977875
47	5947	84438	1	ENTITY-0000011	1790440648435	ENTITY-0000011	1790516296481
48	5999	81678	1	ENTITY-0000012	1790175465617	ENTITY-0000012	1790414559913
49	3930	55740	1	ENTITY-0000012	1790175466116	ENTITY-0000012	1790477674923
50	4044	57138	1	ENTITY-0000012	1790414559914	ENTITY-0000012	1790517301188
51	5954	81320	1	ENTITY-0000012	1790477674923	ENTITY-0000012	1790517301685
52	6001	82980	1	ENTITY-0000013	1790505849090	ENTITY-0000013	1790533199182
53	4002	57501	1	ENTITY-0000013	1790516296082	ENTITY-0000013	1790626044805
54	4009	57588	1	ENTITY-0000013	1790533199183	ENTITY-0000013	1790629293708
55	5977	82927	1	ENTITY-0000013	1790626044807	ENTITY-0000013	1790633008751
56	5970	84200	1	ENTITY-0000014	1790084091589	ENTITY-0000014	1790409092051
57	3925	57575	1	ENTITY-0000014	1790171312832	ENTITY-0000014	1790496882667
58	4005	58680	1	ENTITY-0000014	1790409092051	ENTITY-0000014	1790543164782
59	5968	84229	1	ENTITY-0000014	1790496882667	ENTITY-0000014	1790563148656
60	6028	84544	1	ENTITY-0000015	1790148028107	ENTITY-0000015	1790469339598
61	3919	57269	1	ENTITY-0000015	1790291818818	ENTITY-0000015	1790496882834
62	4048	58961	1	ENTITY-0000015	1790469339599	ENTITY-0000015	1790516296170
63	5943	83572	1	ENTITY-0000015	1790496882834	ENTITY-0000015	1790563148656
64	5898	83651	1	ENTITY-0000016	1790132712362	ENTITY-0000016	1790168570200
65	4070	59674	1	ENTITY-0000016	1790153125906	ENTITY-0000016	1790271674374
66	3947	58129	1	ENTITY-0000016	1790168570200	ENTITY-0000016	1790510115164
67	5987	85100	1	ENTITY-0000016	1790271674374	ENTITY-0000016	1790629293815
68	6007	83145	1	ENTITY-0000017	1790062995193	ENTITY-0000017	1790354859388
69	3981	57318	1	ENTITY-0000017	1790225951271	ENTITY-0000017	1790500978166
70	4016	57806	1	ENTITY-0000017	1790354859388	ENTITY-0000017	1790516296399
71	6025	83538	1	ENTITY-0000017	1790500978166	ENTITY-0000017	1790543165166
72	5929	84113	1	ENTITY-0000018	1790062995193	ENTITY-0000018	1790225951194
73	3966	58392	1	ENTITY-0000018	1790153125908	ENTITY-0000018	1790304378413
74	3970	58354	1	ENTITY-0000018	1790225951195	ENTITY-0000018	1790500977874
75	5969	84732	1	ENTITY-0000018	1790304378414	ENTITY-0000018	1790626045016
76	6027	85375	1	ENTITY-0000019	1790084091589	ENTITY-0000019	1790349468992
77	4019	59071	1	ENTITY-0000019	1790175465618	ENTITY-0000019	1790409091739
78	3976	58499	1	ENTITY-0000019	1790349468992	ENTITY-0000019	1790594400772
79	6042	85893	1	ENTITY-0000019	1790409091740	ENTITY-0000019	1790626045016
80	5922	83033	1	ENTITY-0000020	1790062995193	ENTITY-0000020	1790414559995
81	4076	59203	1	ENTITY-0000020	1790161192115	ENTITY-0000020	1790454335101
82	4055	58946	1	ENTITY-0000020	1790414559996	ENTITY-0000020	1790533199183
83	5956	83704	1	ENTITY-0000020	1790454335101	ENTITY-0000020	1790554061991
84	5978	84756	1	ENTITY-0000021	1790084091589	ENTITY-0000021	1790278881382
85	3935	58107	1	ENTITY-0000021	1790225951670	ENTITY-0000021	1790500978361
86	4042	59423	1	ENTITY-0000021	1790278881383	ENTITY-0000021	1790533199482
87	5896	83870	1	ENTITY-0000021	1790500978361	ENTITY-0000021	1790594401260
88	6097	84310	1	ENTITY-0000022	1790225951184	ENTITY-0000022	1790327162116
89	3984	57276	1	ENTITY-0000022	1790271673993	ENTITY-0000022	1790414560197
90	4033	58008	1	ENTITY-0000022	1790327162116	ENTITY-0000022	1790454335104
91	6007	83313	1	ENTITY-0000022	1790414560197	ENTITY-0000022	1790510115176
92	5999	85099	1	ENTITY-0000023	1790161191822	ENTITY-0000023	1790354859213
93	4007	58919	1	ENTITY-0000023	1790271673908	ENTITY-0000023	1790496882445
94	3946	58072	1	ENTITY-0000023	1790354859213	ENTITY-0000023	1790505849563
95	5987	85042	1	ENTITY-0000023	1790496882446	ENTITY-0000023	1790554061991
96	6044	85433	1	ENTITY-0000024	1790166019880	ENTITY-0000024	1790197506430
97	3981	58716	1	ENTITY-0000024	1790168570203	ENTITY-0000024	1790326584011
98	4018	58984	1	ENTITY-0000024	1790197506430	ENTITY-0000024	1790386465350
99	5962	84681	1	ENTITY-0000024	1790326584012	ENTITY-0000024	1790533199489
100	6039	83465	1	ENTITY-0000025	1790414559907	ENTITY-0000025	1790440648598
101	4069	58455	1	ENTITY-0000025	1790435211713	ENTITY-0000025	1790500978161
102	3951	56894	1	ENTITY-0000025	1790440648599	ENTITY-0000025	1790516296379
103	6066	84077	1	ENTITY-0000025	1790500978162	ENTITY-0000025	1790626045016
104	6120	86099	1	ENTITY-0000026	1790166019880	ENTITY-0000026	1790386465174
105	4022	58799	1	ENTITY-0000026	1790168570122	ENTITY-0000026	1790469339664
106	4036	59137	1	ENTITY-0000026	1790386465174	ENTITY-0000026	1790563148250
107	6093	86001	1	ENTITY-0000026	1790469339664	ENTITY-0000026	1790633008751
108	6021	81923	1	ENTITY-0000027	1790084091589	ENTITY-0000027	1790225951192
109	3981	56379	1	ENTITY-0000027	1790153125421	ENTITY-0000027	1790326583521
110	3991	56394	1	ENTITY-0000027	1790225951192	ENTITY-0000027	1790326584019
111	6037	82253	1	ENTITY-0000027	1790326583521	ENTITY-0000027	1790626045016
112	5929	82655	1	ENTITY-0000028	1790153125418	ENTITY-0000028	1790349469352
113	3984	57723	1	ENTITY-0000028	1790339528101	ENTITY-0000028	1790469339600
114	3947	57304	1	ENTITY-0000028	1790349469355	ENTITY-0000028	1790516296285
115	5977	83438	1	ENTITY-0000028	1790469339600	ENTITY-0000028	1790556649632
116	6048	85651	1	ENTITY-0000029	1790084091589	ENTITY-0000029	1790246074422
117	4009	59002	1	ENTITY-0000029	1790166019886	ENTITY-0000029	1790449631972
118	4025	59126	1	ENTITY-0000029	1790246074422	ENTITY-0000029	1790469339989
119	6054	85942	1	ENTITY-0000029	1790449631972	ENTITY-0000029	1790554061990
