# dataset	df-16919-partial-12-depth-4-6m-concentrated
# files	12
# depth	4
# assign	entity
# shape	S1
# rows	6000000
# distinct_grouping_keys	4997311
# duplicate_rows	1002689
# duplicate_share	0.167115
# groups_by_bounds	4	[[0, 4, 8], [1, 5, 9], [2, 6, 10], [3, 7, 11]]
# cluster_ms	1
# distinct_prefixes	231
# grouping_keys_per_prefix	21633.38
# grouping_keys_per_prefix_median	19286
# grouping_keys_per_prefix_max	31151
file	rows	bytes	row_groups	min_col_1	min_col_2	max_col_1	max_col_2
0	831772	9126185	1	ENTITY-0000000	1790062995193	ENTITY-0000007	1790633008252
1	532911	5940678	1	ENTITY-0000002	1790062995193	ENTITY-0000009	1790633008252
2	434148	4888452	1	ENTITY-0000004	1790062995193	ENTITY-0000011	1790633008252
3	400670	4531536	1	ENTITY-0000006	1790062995193	ENTITY-0000013	1790633008252
4	400310	4527662	1	ENTITY-0000008	1790062995193	ENTITY-0000015	1790633008252
5	401177	4537095	1	ENTITY-0000010	1790062995193	ENTITY-0000017	1790633008252
6	399510	4518929	1	ENTITY-0000012	1790062995193	ENTITY-0000019	1790633008252
7	399426	4518169	1	ENTITY-0000014	1790062995193	ENTITY-0000021	1790629293316
8	400058	4524827	1	ENTITY-0000016	1790062995193	ENTITY-0000023	1790629293316
9	433921	4885914	1	ENTITY-0000018	1790062995193	ENTITY-0000025	1790626044517
10	533054	5942556	1	ENTITY-0000020	1790062995193	ENTITY-0000027	1790633008252
11	833043	9139376	1	ENTITY-0000022	1790084091589	ENTITY-0000029	1790633008252
