case	query	pool	variant	rows	sha256_compared_columns	sorted	check
base	Q3	256m	original	599976	60be282883219abb94091797488903a4cf1a5bb38fd3527809b36ff1b841c365	1	ok
base	Q3	256m	accept-groups	599976	60be282883219abb94091797488903a4cf1a5bb38fd3527809b36ff1b841c365	1	ok
base	Q3	256m	original-target	599976	60be282883219abb94091797488903a4cf1a5bb38fd3527809b36ff1b841c365	1	ok
base	Q3	256m	original-split-off	599976	60be282883219abb94091797488903a4cf1a5bb38fd3527809b36ff1b841c365	1	ok
A1-Q1	Q1	256m	original	600000	c4b109312b621cbc70e441f3fbcfb962d701d85b914f04cef25e351ab5cd66c4	1	ok
A1-Q1	Q1	256m	accept-groups	600000	c4b109312b621cbc70e441f3fbcfb962d701d85b914f04cef25e351ab5cd66c4	1	ok
A1-Q1	Q1	256m	original-target	600000	c4b109312b621cbc70e441f3fbcfb962d701d85b914f04cef25e351ab5cd66c4	1	ok
A1-Q2	Q2	256m	original	114345	e2ddbad1b2c27563f2af43e296ced9619c6ada7d591ce7bc48b9370fb3e25ca5	1	ok
A1-Q2	Q2	256m	accept-groups	114345	e2ddbad1b2c27563f2af43e296ced9619c6ada7d591ce7bc48b9370fb3e25ca5	1	ok
A1-Q2	Q2	256m	original-target	114345	e2ddbad1b2c27563f2af43e296ced9619c6ada7d591ce7bc48b9370fb3e25ca5	1	ok
A1-Q4	Q4	256m	original	85851	72dce4514242f637487a0b7d96d8eb87188ff0f7d78009952e9a30649444f75f		ok
A1-Q4	Q4	256m	accept-groups	85851	72dce4514242f637487a0b7d96d8eb87188ff0f7d78009952e9a30649444f75f		ok
A1-Q4	Q4	256m	original-target	85851	72dce4514242f637487a0b7d96d8eb87188ff0f7d78009952e9a30649444f75f		ok
A1-Q5	Q5	256m	original	599976	60be282883219abb94091797488903a4cf1a5bb38fd3527809b36ff1b841c365		ok
A1-Q5	Q5	256m	accept-groups	599976	60be282883219abb94091797488903a4cf1a5bb38fd3527809b36ff1b841c365		ok
A1-Q5	Q5	256m	original-target	599976	60be282883219abb94091797488903a4cf1a5bb38fd3527809b36ff1b841c365		ok
A2-depth-1	Q3	256m	original	599976	60be282883219abb94091797488903a4cf1a5bb38fd3527809b36ff1b841c365	1	ok
A2-depth-1	Q3	256m	accept-groups	599976	60be282883219abb94091797488903a4cf1a5bb38fd3527809b36ff1b841c365	1	ok
A2-depth-2	Q3	256m	original	599976	60be282883219abb94091797488903a4cf1a5bb38fd3527809b36ff1b841c365	1	ok
A2-depth-2	Q3	256m	accept-groups	599976	60be282883219abb94091797488903a4cf1a5bb38fd3527809b36ff1b841c365	1	ok
A2-depth-12	Q3	256m	original	599976	60be282883219abb94091797488903a4cf1a5bb38fd3527809b36ff1b841c365	1	ok
A2-depth-12	Q3	256m	accept-groups	599976	60be282883219abb94091797488903a4cf1a5bb38fd3527809b36ff1b841c365	1	ok
A2-depth-12	Q3	256m	original-target	599976	60be282883219abb94091797488903a4cf1a5bb38fd3527809b36ff1b841c365	1	ok
A3	Q3	128m	original	599976	60be282883219abb94091797488903a4cf1a5bb38fd3527809b36ff1b841c365	1	ok
A3	Q3	128m	accept-groups	599976	60be282883219abb94091797488903a4cf1a5bb38fd3527809b36ff1b841c365	1	ok
A3	Q3	128m	original-target	599976	60be282883219abb94091797488903a4cf1a5bb38fd3527809b36ff1b841c365	1	ok
A3	Q3	512m	original	599976	60be282883219abb94091797488903a4cf1a5bb38fd3527809b36ff1b841c365	1	ok
A3	Q3	512m	accept-groups	599976	60be282883219abb94091797488903a4cf1a5bb38fd3527809b36ff1b841c365	1	ok
A3	Q3	512m	original-target	599976	60be282883219abb94091797488903a4cf1a5bb38fd3527809b36ff1b841c365	1	ok
A4-S0	Q3	128m	original	599976	14357354e4b966bf1ecca8a3cce589a18aac4cbb1fe206f8be74ca93e50d215b	1	ok
A4-S0	Q3	128m	accept-groups	599976	14357354e4b966bf1ecca8a3cce589a18aac4cbb1fe206f8be74ca93e50d215b	1	ok
A4-S0	Q3	128m	original-target	599976	14357354e4b966bf1ecca8a3cce589a18aac4cbb1fe206f8be74ca93e50d215b	1	ok
A4-S0	Q3	256m	original	599976	14357354e4b966bf1ecca8a3cce589a18aac4cbb1fe206f8be74ca93e50d215b	1	ok
A4-S0	Q3	256m	accept-groups	599976	14357354e4b966bf1ecca8a3cce589a18aac4cbb1fe206f8be74ca93e50d215b	1	ok
A4-S0	Q3	256m	original-target	599976	14357354e4b966bf1ecca8a3cce589a18aac4cbb1fe206f8be74ca93e50d215b	1	ok
A4-S0	Q3	512m	original	599976	14357354e4b966bf1ecca8a3cce589a18aac4cbb1fe206f8be74ca93e50d215b	1	ok
A4-S0	Q3	512m	accept-groups	599976	14357354e4b966bf1ecca8a3cce589a18aac4cbb1fe206f8be74ca93e50d215b	1	ok
A4-S0	Q3	512m	original-target	599976	14357354e4b966bf1ecca8a3cce589a18aac4cbb1fe206f8be74ca93e50d215b	1	ok
A4-S2	Q3	128m	original	599976	65e21b190cc5441199e85cf8d2f230ef57c680088dd8bf8aa55a5a8a77f00db4	1	ok
A4-S2	Q3	128m	accept-groups	599976	65e21b190cc5441199e85cf8d2f230ef57c680088dd8bf8aa55a5a8a77f00db4	1	ok
A4-S2	Q3	128m	original-target	599976	65e21b190cc5441199e85cf8d2f230ef57c680088dd8bf8aa55a5a8a77f00db4	1	ok
A4-S2	Q3	256m	original	599976	65e21b190cc5441199e85cf8d2f230ef57c680088dd8bf8aa55a5a8a77f00db4	1	ok
A4-S2	Q3	256m	accept-groups	599976	65e21b190cc5441199e85cf8d2f230ef57c680088dd8bf8aa55a5a8a77f00db4	1	ok
A4-S2	Q3	256m	original-target	599976	65e21b190cc5441199e85cf8d2f230ef57c680088dd8bf8aa55a5a8a77f00db4	1	ok
A4-S2	Q3	512m	original	599976	65e21b190cc5441199e85cf8d2f230ef57c680088dd8bf8aa55a5a8a77f00db4	1	ok
A4-S2	Q3	512m	accept-groups	599976	65e21b190cc5441199e85cf8d2f230ef57c680088dd8bf8aa55a5a8a77f00db4	1	ok
A4-S2	Q3	512m	original-target	599976	65e21b190cc5441199e85cf8d2f230ef57c680088dd8bf8aa55a5a8a77f00db4	1	ok
A5-120-depth-4	Q3	256m	original	599976	60be282883219abb94091797488903a4cf1a5bb38fd3527809b36ff1b841c365	1	ok
A5-120-depth-4	Q3	256m	accept-groups	599976	60be282883219abb94091797488903a4cf1a5bb38fd3527809b36ff1b841c365	1	ok
A5-1200-depth-4	Q3	256m	original	599976	60be282883219abb94091797488903a4cf1a5bb38fd3527809b36ff1b841c365	1	ok
A5-1200-depth-4	Q3	256m	accept-groups	599976	60be282883219abb94091797488903a4cf1a5bb38fd3527809b36ff1b841c365	1	ok
A5-120-depth-120	Q3	256m	original	599976	60be282883219abb94091797488903a4cf1a5bb38fd3527809b36ff1b841c365	1	ok
A5-120-depth-120	Q3	256m	accept-groups	599976	60be282883219abb94091797488903a4cf1a5bb38fd3527809b36ff1b841c365	1	ok
A5-1200-depth-1200	Q3	128m	original	599976	60be282883219abb94091797488903a4cf1a5bb38fd3527809b36ff1b841c365	1	ok
A5-1200-depth-1200	Q3	128m	accept-groups	599976	60be282883219abb94091797488903a4cf1a5bb38fd3527809b36ff1b841c365	1	ok
A5-1200-depth-1200	Q3	256m	original	599976	60be282883219abb94091797488903a4cf1a5bb38fd3527809b36ff1b841c365	1	ok
A5-1200-depth-1200	Q3	256m	accept-groups	599976	60be282883219abb94091797488903a4cf1a5bb38fd3527809b36ff1b841c365	1	ok
A5-1200-depth-1200	Q3	512m	original	599976	60be282883219abb94091797488903a4cf1a5bb38fd3527809b36ff1b841c365	1	ok
A5-1200-depth-1200	Q3	512m	accept-groups	599976	60be282883219abb94091797488903a4cf1a5bb38fd3527809b36ff1b841c365	1	ok
A6-dup-0.5	Q3	256m	original	299991	4b0e98d95b517cf3d31dfc8cfda27c6115a30f9583d97c15f6ac0981fd914e37	1	ok
A6-dup-0.5	Q3	256m	accept-groups	299991	4b0e98d95b517cf3d31dfc8cfda27c6115a30f9583d97c15f6ac0981fd914e37	1	ok
A6-dup-0.5	Q3	256m	original-target	299991	4b0e98d95b517cf3d31dfc8cfda27c6115a30f9583d97c15f6ac0981fd914e37	1	ok
