probe	run	ok	wall_s	cpu_s	user_s	sys_s	cores	rss_mb	elapsed_s	scan_groups	error
depth 2, 12 files	1	1	0.41	0.8	0.77	0.03	1.951	337	0.406	2	
depth 1, 120 files	1	1	0.41	0.93	0.88	0.05	2.268	307	0.400	2	
depth 2, 120 files	1	1	0.33	0.89	0.83	0.06	2.697	445	0.320	3	
depth 1, 12 files, files split by name	1	1	0.5	0.72	0.69	0.03	1.44	309	0.493	2	
depth 1, 12 files	1	1	0.49	0.74	0.71	0.03	1.51	324	0.481	2	
depth 1, 120 files	2	1	0.34	0.84	0.76	0.08	2.471	309	0.328	2	
depth 2, 120 files	2	1	0.34	0.91	0.84	0.07	2.676	441	0.326	3	
depth 1, 12 files, files split by name	2	1	0.55	0.78	0.74	0.04	1.418	287	0.547	2	
depth 1, 12 files	2	1	0.48	0.77	0.74	0.03	1.604	326	0.474	2	
depth 2, 12 files	2	1	0.41	0.83	0.81	0.02	2.024	343	0.404	2	
depth 2, 120 files	3	1	0.34	0.95	0.88	0.07	2.794	448	0.331	3	
depth 1, 12 files, files split by name	3	1	0.49	0.74	0.7	0.04	1.51	319	0.488	2	
depth 1, 12 files	3	1	0.48	0.78	0.76	0.02	1.625	327	0.475	2	
depth 2, 12 files	3	1	0.42	0.82	0.78	0.04	1.952	343	0.416	2	
depth 1, 120 files	3	1	0.37	0.85	0.79	0.06	2.297	305	0.361	2	
depth 1, 12 files, files split by name	4	1	0.51	0.75	0.72	0.03	1.471	319	0.504	2	
depth 1, 12 files	4	1	0.47	0.74	0.71	0.03	1.574	365	0.462	2	
depth 2, 12 files	4	1	0.41	0.78	0.75	0.03	1.902	333	0.406	2	
depth 1, 120 files	4	1	0.37	0.86	0.81	0.05	2.324	318	0.362	2	
depth 2, 120 files	4	1	0.36	0.96	0.9	0.06	2.667	401	0.350	3	
depth 1, 12 files	5	1	0.48	0.75	0.72	0.03	1.562	315	0.475	2	
depth 2, 12 files	5	1	0.42	0.82	0.79	0.03	1.952	329	0.415	2	
depth 1, 120 files	5	1	0.36	0.84	0.8	0.04	2.333	304	0.352	2	
depth 2, 120 files	5	1	0.35	0.94	0.88	0.06	2.686	474	0.341	3	
depth 1, 12 files, files split by name	5	1	0.5	0.73	0.7	0.03	1.46	295	0.490	2	
depth 2, 12 files	6	1	0.43	0.82	0.79	0.03	1.907	338	0.419	2	
depth 1, 120 files	6	1	0.36	0.88	0.84	0.04	2.444	307	0.355	2	
depth 2, 120 files	6	1	0.34	0.92	0.84	0.08	2.706	454	0.329	3	
depth 1, 12 files, files split by name	6	1	0.53	0.75	0.72	0.03	1.415	320	0.524	2	
depth 1, 12 files	6	1	0.48	0.73	0.69	0.04	1.521	330	0.470	2	
