probe	variant	run	ok	wall_s	cpu_s	user_s	sys_s	cores	rss_mb	elapsed_s	scan_groups	error
dedup query, strings as plain Utf8	accept-groups	1	1	0.69	3.29	2.3	0.99	4.768	1982	0.638	1196	
dedup query, batch size 1024 instead of 8192	accept-groups	1	1	0.81	3.82	2.57	1.25	4.716	2145	0.754	1196	
ORDER BY only, ordered plan	accept-groups	1	1	0.27	2.02	0.74	1.28	7.481	726	0.214	1196	
ORDER BY only, original plan	original	1	1	0.25	0.6	0.39	0.21	2.4	401	0.215	2	
dedup query	accept-groups	1	1	0.74	3.7	2.41	1.29	5.0	2135	0.680	1196	
dedup query, batch size 1024 instead of 8192	accept-groups	2	1	0.78	3.42	2.41	1.01	4.385	1982	0.719	1196	
ORDER BY only, ordered plan	accept-groups	2	1	0.26	1.98	0.72	1.26	7.615	714	0.215	1196	
ORDER BY only, original plan	original	2	1	0.26	0.61	0.39	0.22	2.346	429	0.216	2	
dedup query	accept-groups	2	1	0.72	3.43	2.19	1.24	4.764	2220	0.659	1196	
dedup query, strings as plain Utf8	accept-groups	2	1	0.68	3.15	2.16	0.99	4.632	1933	0.624	1196	
ORDER BY only, ordered plan	accept-groups	3	1	0.26	1.91	0.61	1.3	7.346	830	0.207	1196	
ORDER BY only, original plan	original	3	1	0.26	0.63	0.41	0.22	2.423	405	0.225	2	
dedup query	accept-groups	3	1	0.69	3.5	2.22	1.28	5.072	1961	0.636	1196	
dedup query, strings as plain Utf8	accept-groups	3	1	0.71	3.42	2.31	1.11	4.817	2118	0.652	1196	
dedup query, batch size 1024 instead of 8192	accept-groups	3	1	0.77	3.33	2.17	1.16	4.325	1844	0.723	1196	
