case	axis	query	pool	variant	ok	groups	sort	preserve_order	partial_mode	final_mode	elapsed_q1	elapsed_med	elapsed_q3	create_med	rss_mb_med	sort_spills	sort_spill_mb	partial_agg_spills	partial_agg_spill_mb	final_agg_spills	final_agg_spill_mb	repartition_spills	repartition_spill_mb	scan_out_mb	partial_agg_out_mb	repartition_out_mb	final_agg_out_mb	error
base	base	Q3	256m	accept-groups	10/10	4	0	1	PartiallySorted([0, 1])	PartiallySorted([0, 1])	0.367	0.389	0.398	0.002	378.0	0.0	0.0	0.0	0.0	0.0	0.0	0.0	0.0	68.4	247.6	470.9	252.0	
base	base	Q3	256m	original-target	10/10	4	0	1	PartiallySorted([0, 1])	PartiallySorted([0, 1])	0.290	0.295	0.302	0.002	457.5	0.0	0.0	0.0	0.0	0.0	0.0	9.0	2.6	68.4	247.6	611.0	251.4	
base	base	Q3	256m	original-split-off	10/10	2	1	0	Linear	Linear	0.622	0.633	0.644	0.002	519.0	7.0	72.7	0.0	0.0	10.0	73.0	0.0	0.0	68.4	1089.7	210.3	196.1	
base	base	Q3	256m	original	10/10	2	1	0	Linear	Linear	0.640	0.654	0.676	0.002	516.5	7.0	72.7	0.0	0.0	10.0	73.0	0.0	0.0	68.4	1089.7	210.1	196.1	
A1-Q1	A1	Q1	256m	accept-groups	10/10	4	0	0			0.028	0.029	0.032	0.002	197.0	0.0	0.0	0.0	0.0	0.0	0.0	0.0	0.0	68.4	0.0	0.0	0.0	
A1-Q1	A1	Q1	256m	original-target	10/10	4	0	0			0.028	0.029	0.029	0.002	194.0	0.0	0.0	0.0	0.0	0.0	0.0	0.0	0.0	68.4	0.0	0.0	0.0	
A1-Q1	A1	Q1	256m	original	10/10	2	1	0			0.053	0.054	0.054	0.002	348.5	0.0	0.0	0.0	0.0	0.0	0.0	0.0	0.0	68.4	0.0	0.0	0.0	
A1-Q2	A1	Q2	256m	accept-groups	10/10	4	0	1	Sorted	Sorted	0.059	0.060	0.066	0.002	307.5	0.0	0.0	0.0	0.0	0.0	0.0	0.0	0.0	19.5	60.5	150.6	21.0	
A1-Q2	A1	Q2	256m	original-target	10/10	4	0	1	Sorted	Sorted	0.051	0.055	0.056	0.002	324.5	0.0	0.0	0.0	0.0	0.0	0.0	0.0	0.0	19.5	60.5	228.2	15.5	
A1-Q2	A1	Q2	256m	original	10/10	2	1	0	Linear	Linear	0.059	0.060	0.063	0.002	244.5	0.0	0.0	0.0	0.0	0.0	0.0	0.0	0.0	19.5	87.1	29.1	47.2	
A1-Q4	A1	Q4	256m	accept-groups	10/10	2	0	0	Linear	Linear	0.016	0.018	0.020	0.002	214.5	0.0	0.0	0.0	0.0	0.0	0.0	0.0	0.0	39.1	170.1	14.6	54.0	
A1-Q4	A1	Q4	256m	original-target	10/10	4	0	0	Linear	Linear	0.015	0.017	0.019	0.002	275.0	0.0	0.0	0.0	0.0	0.0	0.0	0.0	0.0	39.1	255.4	18.0	27.0	
A1-Q4	A1	Q4	256m	original	10/10	2	0	0	Linear	Linear	0.017	0.018	0.021	0.002	218.0	0.0	0.0	0.0	0.0	0.0	0.0	0.0	0.0	39.1	170.4	15.2	47.2	
A2-depth-1	A2	Q3	256m	accept-groups	10/10	2	0	1	PartiallySorted([0, 1])	PartiallySorted([0, 1])	0.494	0.504	0.521	0.002	329.0	0.0	0.0	0.0	0.0	0.0	0.0	0.0	0.0	68.4	247.4	319.5	274.2	
A2-depth-1	A2	Q3	256m	original	10/10	2	0	1	PartiallySorted([0, 1])	PartiallySorted([0, 1])	0.504	0.508	0.532	0.002	320.5	0.0	0.0	0.0	0.0	0.0	0.0	0.0	0.0	68.4	247.4	319.5	274.2	
A2-depth-2	A2	Q3	256m	accept-groups	10/10	2	0	1	PartiallySorted([0, 1])	PartiallySorted([0, 1])	0.407	0.419	0.435	0.002	334.0	0.0	0.0	0.0	0.0	0.0	0.0	0.0	0.0	70.2	266.6	386.6	264.8	
A2-depth-2	A2	Q3	256m	original	10/10	2	0	1	PartiallySorted([0, 1])	PartiallySorted([0, 1])	0.419	0.440	0.450	0.002	331.0	0.0	0.0	0.0	0.0	0.0	0.0	0.0	0.0	70.2	266.6	386.6	264.8	
A2-depth-12	A2	Q3	256m	accept-groups	10/10	12	0	1	PartiallySorted([0, 1])	PartiallySorted([0, 1])	0.359	0.362	0.368	0.002	590.0	0.0	0.0	0.0	0.0	0.0	0.0	18.0	20.1	69.3	178.3	319.9	251.5	
A2-depth-12	A2	Q3	256m	original-target	10/10	12	0	1	PartiallySorted([0, 1])	PartiallySorted([0, 1])	0.363	0.378	0.392	0.002	874.5	0.0	0.0	0.0	0.0	70.0	142.4	140.0	36.6	69.3	141.3	235.3	151.2	
A2-depth-12	A2	Q3	256m	original	10/10	2	1	0	Linear	Linear	0.601	0.612	0.639	0.002	531.0	7.5	72.7	0.0	0.0	10.0	73.0	0.0	0.0	69.3	1068.1	201.7	193.4	
A3	A3	Q3	128m	accept-groups	10/10	4	0	1	PartiallySorted([0, 1])	PartiallySorted([0, 1])	0.382	0.391	0.395	0.002	411.0	0.0	0.0	0.0	0.0	0.0	0.0	7.0	4.5	68.4	247.6	456.4	252.0	
A3	A3	Q3	128m	original-target	10/10	4	0	1	PartiallySorted([0, 1])	PartiallySorted([0, 1])	0.386	0.403	0.412	0.002	476.5	0.0	0.0	0.0	0.0	6.0	14.3	16.0	26.4	68.4	212.6	324.3	231.1	
A3	A3	Q3	128m	original	10/10	2	1	0	Linear	Linear	0.665	0.683	0.695	0.002	455.0	15.0	72.7	0.0	0.0	22.0	140.1	0.0	0.0	68.4	585.5	173.1	194.1	
A3	A3	Q3	512m	accept-groups	10/10	4	0	1	PartiallySorted([0, 1])	PartiallySorted([0, 1])	0.367	0.382	0.390	0.002	374.0	0.0	0.0	0.0	0.0	0.0	0.0	0.0	0.0	68.4	247.6	470.9	252.0	
A3	A3	Q3	512m	original-target	10/10	4	0	1	PartiallySorted([0, 1])	PartiallySorted([0, 1])	0.289	0.294	0.306	0.002	437.0	0.0	0.0	0.0	0.0	0.0	0.0	0.0	0.0	68.4	247.6	635.8	251.4	
A3	A3	Q3	512m	original	10/10	2	1	0	Linear	Linear	0.638	0.647	0.678	0.002	564.5	4.0	72.7	0.0	0.0	6.0	73.0	0.0	0.0	68.4	470.8	130.0	198.6	
A4-S0	A4	Q3	128m	accept-groups	10/10	4	0	1	PartiallySorted([0, 1])	PartiallySorted([0, 1])	0.353	0.357	0.371	0.002	295.0	0.0	0.0	0.0	0.0	0.0	0.0	0.0	0.0	68.4	135.9	64.3	141.3	
A4-S0	A4	Q3	128m	original-target	10/10	4	0	1	PartiallySorted([0, 1])	PartiallySorted([0, 1])	0.295	0.300	0.312	0.002	333.5	0.0	0.0	0.0	0.0	0.0	0.0	3.0	0.6	68.4	135.9	64.3	139.9	
A4-S0	A4	Q3	128m	original	10/10	2	1	0	Linear	Linear	0.643	0.655	0.664	0.002	424.5	8.0	64.7	0.0	0.0	22.0	126.7	0.0	0.0	68.4	520.7	86.5	105.4	
A4-S0	A4	Q3	256m	accept-groups	10/10	4	0	1	PartiallySorted([0, 1])	PartiallySorted([0, 1])	0.346	0.353	0.358	0.002	283.0	0.0	0.0	0.0	0.0	0.0	0.0	0.0	0.0	68.4	135.9	64.3	141.3	
A4-S0	A4	Q3	256m	original-target	10/10	4	0	1	PartiallySorted([0, 1])	PartiallySorted([0, 1])	0.286	0.294	0.304	0.002	331.0	0.0	0.0	0.0	0.0	0.0	0.0	0.0	0.0	68.4	135.9	64.3	139.9	
A4-S0	A4	Q3	256m	original	10/10	2	1	0	Linear	Linear	0.612	0.621	0.638	0.002	464.5	4.0	64.7	0.0	0.0	10.0	65.0	0.0	0.0	68.4	975.1	86.1	108.1	
A4-S0	A4	Q3	512m	accept-groups	10/10	4	0	1	PartiallySorted([0, 1])	PartiallySorted([0, 1])	0.344	0.351	0.361	0.002	285.5	0.0	0.0	0.0	0.0	0.0	0.0	0.0	0.0	68.4	135.9	64.3	141.3	
A4-S0	A4	Q3	512m	original-target	10/10	4	0	1	PartiallySorted([0, 1])	PartiallySorted([0, 1])	0.277	0.283	0.300	0.002	329.5	0.0	0.0	0.0	0.0	0.0	0.0	0.0	0.0	68.4	135.9	64.3	139.9	
A4-S0	A4	Q3	512m	original	10/10	2	1	0	Linear	Linear	0.590	0.600	0.615	0.002	508.5	0.0	0.0	0.0	0.0	6.0	65.0	0.0	0.0	68.4	423.5	85.7	110.2	
A4-S2	A4	Q3	128m	accept-groups	10/10	4	0	1	PartiallySorted([0, 1])	PartiallySorted([0, 1])	0.646	0.653	0.663	0.002	446.0	0.0	0.0	0.0	0.0	16.0	92.4	8.0	33.1	68.5	371.0	647.5	386.9	
A4-S2	A4	Q3	128m	original-target	10/10	4	0	1	PartiallySorted([0, 1])	PartiallySorted([0, 1])	0.478	0.502	0.522	0.002	528.0	0.0	0.0	0.0	0.0	31.0	124.7	16.0	43.4	68.5	285.4	441.6	360.9	
A4-S2	A4	Q3	128m	original	10/10	2	1	0	Linear	Linear	0.737	0.750	0.800	0.002	524.5	33.0	123.6	0.0	0.0	28.0	224.9	1.0	0.6	68.5	553.9	328.1	359.8	
A4-S2	A4	Q3	256m	accept-groups	10/10	4	0	1	PartiallySorted([0, 1])	PartiallySorted([0, 1])	0.403	0.413	0.418	0.002	454.5	0.0	0.0	0.0	0.0	0.0	0.0	7.0	8.0	68.5	453.3	1158.2	473.1	
A4-S2	A4	Q3	256m	original-target	10/10	4	0	1	PartiallySorted([0, 1])	PartiallySorted([0, 1])	0.333	0.340	0.342	0.002	592.5	0.0	0.0	0.0	0.0	0.0	0.0	16.0	23.9	68.5	466.4	1168.6	462.4	
A4-S2	A4	Q3	256m	original	10/10	2	1	0	Linear	Linear	0.639	0.659	0.673	0.002	533.0	13.0	92.2	0.0	0.0	10.0	92.5	0.5	0.7	68.5	1020.3	400.1	361.9	
A4-S2	A4	Q3	512m	accept-groups	10/10	4	0	1	PartiallySorted([0, 1])	PartiallySorted([0, 1])	0.402	0.413	0.419	0.002	433.5	0.0	0.0	0.0	0.0	0.0	0.0	0.0	0.0	68.5	453.3	1270.5	473.1	
A4-S2	A4	Q3	512m	original-target	10/10	4	0	1	PartiallySorted([0, 1])	PartiallySorted([0, 1])	0.336	0.339	0.348	0.002	571.0	0.0	0.0	0.0	0.0	0.0	0.0	10.0	3.5	68.5	453.3	1666.5	462.4	
A4-S2	A4	Q3	512m	original	10/10	2	1	0	Linear	Linear	0.648	0.655	0.687	0.002	598.0	6.0	92.2	0.0	0.0	6.0	92.5	0.0	0.0	68.5	585.6	243.0	364.7	
A5-120-depth-4	A5	Q3	256m	accept-groups	10/10	4	0	1	PartiallySorted([0, 1])	PartiallySorted([0, 1])	0.334	0.352	0.356	0.007	449.0	0.0	0.0	0.0	0.0	0.0	0.0	0.0	0.0	66.2	202.8	534.1	268.1	
A5-120-depth-4	A5	Q3	256m	original	10/10	2	1	0	Linear	Linear	0.659	0.682	0.719	0.006	592.0	7.5	72.7	0.0	0.0	10.0	73.0	0.0	0.0	66.2	953.1	207.1	201.6	
A5-1200-depth-4	A5	Q3	256m	accept-groups	10/10	5	0	1	PartiallySorted([0, 1])	PartiallySorted([0, 1])	0.468	0.469	0.471	0.029	525.0	0.0	0.0	0.0	0.0	0.0	0.0	10.0	5.2	84.6	1050.9	2026.1	256.4	
A5-1200-depth-4	A5	Q3	256m	original	10/10	2	1	0	Linear	Linear	0.741	0.767	0.783	0.029	619.5	8.0	72.7	0.0	0.0	10.0	73.0	0.0	0.0	84.6	928.3	184.7	201.6	
A5-120-depth-120	A5	Q3	256m	accept-groups	10/10	120	0	1	PartiallySorted([0, 1])	PartiallySorted([0, 1])	0.393	0.413	0.419	0.009	1040.0	0.0	0.0	0.0	0.0	0.0	0.0	137.0	43.1	70.9	99.0	993.7	250.0	
A5-120-depth-120	A5	Q3	256m	original	10/10	2	1	0	Linear	Linear	0.636	0.647	0.670	0.009	694.0	7.0	72.7	0.0	0.0	10.0	73.0	0.0	0.0	70.9	915.8	195.2	192.7	
A5-1200-depth-1200	A5	Q3	128m	accept-groups	10/10	1196	0	1	PartiallySorted([0, 1])	PartiallySorted([0, 1])	0.826	0.833	0.853	0.030	2135.5	0.0	0.0	0.0	0.0	26.5	94.0	2.0	78.3	66.2	103.9	1487.8	193.6	
A5-1200-depth-1200	A5	Q3	128m	original	10/10	2	1	0	Linear	Linear	0.719	0.755	0.766	0.031	572.0	15.0	72.7	0.0	0.0	22.0	139.8	0.0	0.0	66.2	449.7	163.4	191.3	
A5-1200-depth-1200	A5	Q3	256m	accept-groups	10/10	1196	0	1	PartiallySorted([0, 1])	PartiallySorted([0, 1])	0.640	0.649	0.658	0.030	2037.0	0.0	0.0	0.0	0.0	0.0	0.0	2.0	79.1	66.2	106.8	1474.5	249.3	
A5-1200-depth-1200	A5	Q3	256m	original	10/10	2	1	0	Linear	Linear	0.724	0.731	0.733	0.032	663.0	8.0	72.7	0.0	0.0	10.0	73.0	0.0	0.0	66.2	834.5	189.8	193.8	
A5-1200-depth-1200	A5	Q3	512m	accept-groups	10/10	1196	0	1	PartiallySorted([0, 1])	PartiallySorted([0, 1])	0.654	0.679	0.690	0.030	2125.5	0.0	0.0	0.0	0.0	0.0	0.0	2.0	77.6	66.2	109.1	1443.0	249.3	
A5-1200-depth-1200	A5	Q3	512m	original	10/10	2	1	0	Linear	Linear	0.696	0.711	0.731	0.032	664.5	4.0	72.7	0.0	0.0	6.0	73.0	0.0	0.0	66.2	500.5	132.1	195.5	
A6-dup-0.5	A6	Q3	256m	accept-groups	10/10	4	0	1	PartiallySorted([0, 1])	PartiallySorted([0, 1])	0.189	0.193	0.198	0.002	352.5	0.0	0.0	0.0	0.0	0.0	0.0	0.0	0.0	68.4	135.0	336.3	113.9	
A6-dup-0.5	A6	Q3	256m	original-target	10/10	4	0	1	PartiallySorted([0, 1])	PartiallySorted([0, 1])	0.179	0.185	0.190	0.002	395.0	0.0	0.0	0.0	0.0	0.0	0.0	0.0	0.0	68.4	135.0	464.0	87.9	
A6-dup-0.5	A6	Q3	256m	original	10/10	2	1	0	Linear	Linear	0.393	0.403	0.415	0.002	499.5	4.0	36.4	0.0	0.0	6.0	46.0	0.0	0.0	68.4	602.3	115.8	100.8	
