file	rows	min_col_1	min_col_2	max_col_1	max_col_2
0	79936	1459667-57-B--X14D7560872	1790109209636	2921931-34-C--X11D9950995	1790663458043
1	39911	2275357-31-C--Y18B6475741	1790109209578	3010451-39-A--Z16B1552113	1790663458043
2	49562	2951287-20-E--X10A7720690	1790109209304	3757361-79-E--Y11A6754693	1790634130506
3	50109	3062649-57-C--X13B1642054	1790109209304	4328107-86-D--Y18C3717255	1790663458048
4	40151	3841278-98-D--X19D5992198	1790109209580	4690591-27-C--X13B4339972	1790663458048
5	49930	4675137-55-A--Y10D2946460	1790129219141	6671404-15-E--Z19C5116013	1790663457610
6	49763	5209110-15-A--X11E1872268	1790109209253	7587519-78-D--Y19B4713484	1790663457610
7	40243	7493077-37-D--Z16C7942047	1790109209253	8349168-92-A--Y13A5978125	1790663457961
8	50290	7592703-22-A--X15A8281801	1790133923049	9033303-94-C--X11C1173433	1790706382622
9	50241	8506428-17-E--Y18C7606821	1790133923049	9176000-25-D--Z12B6208109	1790706382622
10	39873	9065195-58-C--Y16A7194142	1790109209606	9554466-96-C--Y10E9123436	1790657316305
11	59991	9270266-71-A--Z14B3544932	1790109209606	9864333-57-E--Z17D6272789	1790603516993
